customer_id,age,tenure_months,monthly_charges,login_frequency,support_tickets,payment_failures,usage_hours,contract_type,subscription_type,churn
10001,56,24,93.18,16,3,0,4.64,Monthly,Standard,0
10002,69,65,65.77,12,1,0,20.52,Monthly,Standard,0
10003,46,18,98.79,9,2,1,36.48,Yearly,Standard,0
10004,32,44,31.59,3,2,1,19.1,Yearly,Standard,0
10005,60,57,21.25,26,2,0,63.86,Two Year,Standard,0
10006,25,28,22.22,27,1,0,28.41,Monthly,Premium,1
10007,38,71,72.98,27,2,1,84.73,Two Year,Basic,1
10008,56,23,49.65,9,4,0,56.5,Monthly,Basic,1
10009,36,34,40.45,29,2,0,38.43,Two Year,Standard,0
10010,40,11,99.99,17,5,1,89.41,Two Year,Basic,0
10011,28,35,149.36,14,3,1,83.01,Two Year,Basic,0
10012,28,42,43.11,5,2,1,82.18,Monthly,Premium,0
10013,41,28,91.03,26,2,0,73.11,Monthly,Basic,0
10014,53,24,35.56,21,2,0,61.81,Monthly,Standard,0
10015,57,8,141.45,1,5,0,37.32,Yearly,Premium,0
10016,41,53,57.93,1,2,1,42.84,Yearly,Premium,0
10017,20,4,134.18,3,0,0,65.07,Yearly,Premium,0
10018,39,5,56.8,9,7,0,18.11,Monthly,Premium,1
10019,19,49,124.79,23,4,0,82.95,Yearly,Premium,0
10020,41,30,47.22,6,1,0,93.93,Monthly,Standard,0
10021,61,63,58.06,9,5,1,10.7,Yearly,Standard,0
10022,47,47,45.02,4,0,0,3.22,Two Year,Standard,0
10023,55,26,54.35,20,3,1,15.13,Yearly,Premium,0
10024,19,57,128.53,19,0,1,76.23,Yearly,Premium,0
10025,38,37,103.07,5,4,0,11.67,Monthly,Premium,0
10026,50,7,72.76,5,2,0,37.85,Monthly,Basic,0
10027,29,40,146.3,28,4,0,7.25,Monthly,Standard,0
10028,39,39,80.43,14,0,0,43.82,Two Year,Basic,0
10029,61,62,146.07,10,1,0,60.78,Monthly,Premium,0
10030,42,53,45.56,23,1,0,63.22,Two Year,Basic,0
10031,66,4,137.6,16,1,1,52.37,Monthly,Basic,0
10032,44,25,21.8,23,2,1,93.87,Yearly,Standard,0
10033,59,7,90.89,6,4,0,53.58,Yearly,Standard,0
10034,45,28,75.0,20,4,2,86.06,Yearly,Standard,1
10035,33,69,88.26,23,0,1,99.31,Yearly,Premium,0
10036,32,67,91.95,14,2,0,23.74,Yearly,Basic,1
10037,64,20,70.57,18,3,1,27.29,Monthly,Basic,0
10038,68,11,149.77,29,1,0,52.67,Two Year,Standard,0
10039,61,67,146.95,28,0,0,19.06,Monthly,Basic,0
10040,69,7,145.03,9,0,1,56.85,Monthly,Basic,0
10041,20,23,147.28,7,0,1,68.75,Yearly,Premium,0
10042,54,61,123.09,18,2,0,6.98,Monthly,Basic,0
10043,68,71,148.52,10,1,0,68.46,Yearly,Standard,1
10044,24,34,136.01,2,1,2,16.79,Monthly,Standard,1
10045,38,19,74.07,13,1,0,30.63,Monthly,Basic,1
10046,26,58,122.02,6,1,0,74.14,Yearly,Standard,0
10047,56,9,138.57,27,4,2,17.2,Monthly,Standard,0
10048,35,48,112.64,23,1,0,53.64,Two Year,Basic,0
10049,21,41,74.96,9,1,0,59.33,Monthly,Basic,0
10050,42,48,28.55,20,1,2,17.27,Monthly,Basic,1
10051,31,45,125.26,8,1,1,28.2,Two Year,Standard,1
10052,67,25,143.86,30,3,0,61.04,Monthly,Premium,0
10053,26,25,67.12,10,2,1,46.66,Monthly,Premium,1
10054,43,19,39.75,16,2,2,66.34,Two Year,Basic,1
10055,19,39,62.45,15,3,0,85.62,Two Year,Standard,0
10056,37,27,95.74,13,2,1,14.37,Monthly,Standard,0
10057,45,63,61.2,18,1,1,7.99,Two Year,Basic,1
10058,64,68,99.38,6,3,2,67.01,Monthly,Premium,1
10059,24,19,145.69,20,0,1,77.29,Monthly,Basic,0
10060,61,28,107.2,24,4,0,45.48,Yearly,Standard,0
10061,25,33,67.15,9,3,2,40.0,Two Year,Standard,0
10062,64,10,141.65,18,3,0,60.08,Monthly,Premium,0
10063,52,30,93.53,7,1,0,55.59,Yearly,Basic,0
10064,31,22,36.69,23,2,1,49.53,Monthly,Premium,0
10065,34,3,84.87,24,4,0,82.05,Two Year,Premium,0
10066,53,48,104.97,29,3,0,18.18,Monthly,Basic,0
10067,67,2,128.97,5,1,0,68.44,Monthly,Standard,0
10068,57,54,141.74,11,0,0,74.39,Two Year,Premium,0
10069,21,6,61.26,13,1,0,90.23,Two Year,Basic,0
10070,19,40,40.22,3,0,0,94.56,Yearly,Premium,0
10071,23,2,29.6,1,5,2,51.28,Monthly,Standard,0
10072,59,2,115.99,4,2,0,43.93,Yearly,Standard,0
10073,21,55,123.37,19,2,0,50.89,Two Year,Basic,1
10074,46,60,73.22,18,2,0,73.53,Yearly,Standard,0
10075,35,6,71.47,6,0,0,2.7,Monthly,Basic,1
10076,43,19,144.05,23,1,0,18.24,Two Year,Basic,0
10077,61,27,139.17,10,0,0,90.86,Two Year,Basic,0
10078,51,1,50.32,7,2,0,20.35,Yearly,Standard,0
10079,27,33,121.5,12,5,0,23.62,Two Year,Basic,0
10080,53,40,100.95,8,1,0,94.01,Monthly,Basic,0
10081,31,32,40.05,13,1,2,30.13,Monthly,Premium,1
10082,48,69,66.38,30,3,0,29.75,Monthly,Standard,0
10083,65,17,43.07,18,1,0,92.45,Two Year,Basic,1
10084,32,8,58.37,14,1,0,38.13,Two Year,Premium,1
10085,25,57,99.99,11,1,1,49.9,Two Year,Basic,0
10086,31,42,68.78,28,2,0,56.48,Yearly,Premium,0
10087,40,9,71.23,10,3,0,86.96,Yearly,Premium,0
10088,57,35,90.15,29,2,0,8.68,Two Year,Premium,0
10089,38,71,31.34,6,2,3,26.82,Yearly,Standard,0
10090,33,53,116.04,13,3,0,59.11,Monthly,Basic,0
10091,62,54,72.22,22,2,0,44.03,Monthly,Standard,1
10092,35,25,82.45,10,2,1,28.55,Two Year,Standard,0
10093,64,67,146.66,12,4,0,41.55,Monthly,Premium,0
10094,41,62,64.77,1,1,0,96.66,Monthly,Premium,0
10095,43,55,104.27,18,3,0,3.08,Yearly,Basic,0
10096,42,46,71.03,13,4,1,15.55,Two Year,Premium,0
10097,62,24,136.26,25,2,1,2.85,Monthly,Standard,0
10098,58,46,130.08,24,3,1,59.75,Monthly,Basic,0
10099,46,22,51.41,28,2,0,2.28,Two Year,Standard,1
10100,32,11,109.93,29,2,0,45.95,Monthly,Standard,0
10101,62,48,28.47,4,3,0,86.06,Two Year,Premium,0
10102,18,8,145.21,6,3,0,10.62,Monthly,Standard,0
10103,42,39,65.37,18,4,0,37.15,Monthly,Premium,0
10104,24,35,128.14,28,2,2,38.42,Two Year,Standard,0
10105,26,49,61.4,5,1,0,36.86,Monthly,Premium,0
10106,41,46,102.26,18,3,0,73.02,Monthly,Basic,0
10107,18,38,147.87,29,1,0,1.44,Two Year,Premium,0
10108,61,8,133.98,5,1,1,78.22,Yearly,Premium,0
10109,25,54,40.85,7,1,0,84.07,Monthly,Premium,0
10110,41,37,91.17,23,3,0,43.71,Yearly,Premium,1
10111,28,40,65.31,9,2,0,88.83,Two Year,Standard,0
10112,68,34,76.46,3,1,0,38.72,Two Year,Basic,0
10113,34,17,63.57,12,0,0,69.78,Monthly,Basic,0
10114,25,33,63.67,20,0,0,39.49,Yearly,Basic,1
10115,52,47,90.53,25,2,0,4.75,Yearly,Standard,1
10116,52,52,44.96,14,1,1,9.26,Monthly,Premium,0
10117,50,9,89.86,8,2,1,44.76,Yearly,Standard,0
10118,22,33,56.27,12,2,0,99.02,Monthly,Premium,0
10119,59,60,57.57,7,1,0,18.58,Monthly,Standard,0
10120,56,21,116.04,24,5,0,89.66,Monthly,Premium,0
10121,58,58,23.85,9,0,0,92.02,Yearly,Basic,0
10122,45,69,69.52,12,4,0,41.56,Monthly,Basic,0
10123,24,10,72.98,4,3,0,46.72,Yearly,Basic,0
10124,26,6,83.06,5,3,0,50.78,Monthly,Basic,0
10125,25,13,106.97,9,0,1,77.27,Yearly,Basic,0
10126,29,65,68.06,7,5,0,13.25,Monthly,Basic,0
10127,51,20,47.71,14,2,1,33.54,Monthly,Standard,1
10128,50,57,135.03,20,0,1,17.9,Yearly,Basic,1
10129,65,46,147.54,22,1,0,87.96,Monthly,Premium,0
10130,40,8,22.6,27,4,1,7.98,Yearly,Basic,0
10131,41,10,91.04,17,2,1,75.02,Two Year,Basic,1
10132,54,67,64.42,1,5,1,44.53,Monthly,Premium,0
10133,52,11,56.01,25,5,0,71.75,Monthly,Basic,0
10134,61,12,63.64,15,2,0,89.1,Monthly,Standard,0
10135,57,10,103.05,24,2,1,34.63,Two Year,Standard,0
10136,39,25,44.79,15,2,0,23.47,Yearly,Premium,0
10137,44,49,138.67,29,3,1,65.37,Yearly,Basic,0
10138,52,49,80.59,1,2,0,99.76,Yearly,Premium,0
10139,18,11,62.32,29,0,1,73.22,Two Year,Basic,1
10140,52,62,119.52,15,1,0,79.77,Monthly,Basic,0
10141,54,36,22.13,27,2,0,63.36,Yearly,Basic,0
10142,64,39,76.14,2,2,0,37.45,Two Year,Premium,1
10143,31,53,66.19,29,1,0,65.81,Yearly,Standard,0
10144,20,56,63.97,4,5,0,13.73,Monthly,Basic,0
10145,18,1,63.82,17,0,0,49.39,Two Year,Premium,0
10146,22,56,24.07,16,2,0,57.73,Monthly,Standard,0
10147,43,4,39.78,18,1,0,90.77,Monthly,Premium,1
10148,31,30,38.45,21,2,0,92.05,Monthly,Premium,0
10149,56,12,148.52,16,1,0,6.95,Two Year,Standard,1
10150,44,35,22.88,8,3,0,63.56,Monthly,Standard,1
10151,26,52,41.72,6,3,0,79.84,Two Year,Standard,0
10152,32,31,146.64,22,0,0,54.11,Monthly,Premium,0
10153,32,68,101.67,20,1,0,10.47,Yearly,Basic,0
10154,43,52,78.59,2,1,1,24.04,Monthly,Basic,1
10155,59,7,30.24,19,2,3,32.05,Monthly,Basic,0
10156,30,22,107.06,13,7,2,66.62,Monthly,Premium,1
10157,68,56,37.91,22,2,0,7.49,Two Year,Standard,0
10158,49,58,107.25,22,3,0,55.41,Monthly,Premium,0
10159,56,64,147.29,21,3,0,11.78,Yearly,Basic,0
10160,66,12,89.16,6,1,0,40.12,Two Year,Basic,0
10161,69,7,47.83,27,0,0,43.13,Monthly,Basic,0
10162,49,55,101.29,6,1,0,45.73,Yearly,Standard,0
10163,21,62,86.68,13,1,0,71.38,Monthly,Standard,0
10164,47,55,89.31,1,1,1,9.04,Monthly,Basic,0
10165,54,36,82.15,22,1,0,27.56,Yearly,Basic,0
10166,40,24,107.59,21,5,1,64.47,Monthly,Basic,0
10167,56,44,94.35,24,5,1,94.41,Monthly,Basic,0
10168,62,17,148.31,9,2,1,62.46,Monthly,Premium,0
10169,32,2,127.36,30,3,1,88.45,Monthly,Basic,1
10170,60,13,54.41,22,3,1,96.87,Yearly,Premium,0
10171,46,31,114.35,29,2,0,88.51,Yearly,Basic,0
10172,53,28,47.86,12,0,1,97.25,Monthly,Basic,0
10173,30,60,121.71,12,2,0,77.93,Yearly,Standard,0
10174,49,27,39.18,26,2,1,88.83,Yearly,Premium,0
10175,24,15,81.56,4,2,1,49.65,Yearly,Basic,0
10176,68,33,122.78,19,2,0,35.2,Two Year,Standard,0
10177,39,20,56.41,16,3,1,99.97,Two Year,Basic,0
10178,45,42,128.83,26,2,0,10.68,Yearly,Premium,0
10179,19,12,103.74,12,3,0,95.86,Monthly,Standard,0
10180,59,23,71.68,1,1,0,43.66,Monthly,Standard,0
10181,62,14,75.04,23,2,2,3.22,Monthly,Basic,1
10182,23,25,140.38,21,5,0,80.5,Yearly,Premium,1
10183,45,31,48.31,4,0,0,44.98,Two Year,Basic,0
10184,45,54,110.14,9,1,0,80.07,Monthly,Standard,0
10185,61,5,111.95,7,3,0,5.44,Monthly,Basic,0
10186,61,13,139.92,10,1,1,97.44,Monthly,Basic,0
10187,37,28,112.71,13,2,0,67.43,Monthly,Premium,0
10188,47,43,95.98,8,3,0,5.75,Yearly,Premium,0
10189,28,47,137.33,20,1,0,1.46,Monthly,Basic,1
10190,45,71,127.79,10,2,0,59.81,Two Year,Premium,0
10191,42,38,113.18,28,5,1,97.67,Two Year,Standard,0
10192,56,67,24.24,10,3,1,52.88,Monthly,Premium,0
10193,50,62,68.56,8,1,1,36.04,Monthly,Standard,0
10194,18,39,102.15,20,3,0,93.95,Two Year,Basic,0
10195,44,37,87.89,15,4,0,98.41,Two Year,Basic,0
10196,69,8,61.51,1,3,0,78.66,Two Year,Basic,0
10197,30,52,38.78,27,2,1,72.07,Monthly,Basic,0
10198,58,33,91.89,15,4,2,1.2,Monthly,Basic,0
10199,20,42,57.17,24,3,2,32.05,Yearly,Premium,0
10200,56,27,50.29,17,0,1,92.59,Two Year,Premium,0
10201,23,8,71.86,13,2,0,37.45,Monthly,Basic,1
10202,25,23,122.11,12,1,0,34.12,Two Year,Standard,0
10203,44,64,83.42,3,3,1,54.18,Monthly,Premium,0
10204,26,20,48.14,23,1,1,45.33,Monthly,Basic,0
10205,54,16,35.2,19,1,1,86.02,Monthly,Basic,0
10206,50,17,84.87,29,1,1,9.09,Monthly,Premium,0
10207,68,19,123.27,24,0,0,66.22,Monthly,Standard,1
10208,59,8,104.87,5,0,2,70.02,Monthly,Premium,1
10209,61,38,50.18,3,2,1,88.13,Yearly,Basic,0
10210,41,38,76.77,21,3,1,42.16,Yearly,Premium,0
10211,32,53,131.18,5,1,1,30.21,Monthly,Standard,0
10212,49,31,43.1,24,3,0,63.03,Two Year,Premium,0
10213,49,44,89.17,28,3,0,72.77,Monthly,Standard,0
10214,41,60,66.31,9,1,2,17.93,Yearly,Premium,1
10215,58,17,36.14,6,3,0,16.66,Yearly,Premium,1
10216,69,39,26.49,16,1,0,27.1,Two Year,Premium,0
10217,66,42,92.26,10,2,1,25.54,Monthly,Basic,0
10218,66,48,22.7,16,3,1,75.31,Monthly,Premium,0
10219,69,12,33.45,3,1,0,53.54,Monthly,Premium,1
10220,29,18,65.18,18,6,2,55.23,Monthly,Premium,0
10221,56,6,25.66,11,5,0,2.46,Monthly,Basic,1
10222,19,43,72.06,19,2,1,99.43,Monthly,Premium,0
10223,20,35,36.95,25,1,1,83.15,Yearly,Basic,0
10224,66,54,65.48,23,1,1,44.92,Monthly,Premium,0
10225,54,62,122.85,15,1,0,7.62,Monthly,Standard,0
10226,66,69,101.43,11,0,1,69.73,Monthly,Premium,0
10227,34,16,77.9,27,2,0,53.97,Two Year,Basic,0
10228,66,8,31.94,25,1,0,68.08,Monthly,Basic,0
10229,19,31,100.49,29,1,1,68.08,Monthly,Basic,0
10230,19,10,41.28,22,3,0,16.32,Monthly,Basic,0
10231,45,56,29.96,24,1,0,33.55,Monthly,Premium,0
10232,40,70,106.32,10,4,1,2.76,Monthly,Basic,0
10233,54,20,138.57,27,2,0,98.24,Monthly,Premium,0
10234,49,5,79.88,9,1,0,80.84,Monthly,Standard,0
10235,50,23,25.33,3,0,0,92.95,Two Year,Basic,0
10236,18,9,134.44,23,2,0,5.37,Monthly,Basic,0
10237,36,58,28.71,9,0,1,50.53,Monthly,Basic,0
10238,19,59,132.78,18,2,0,75.0,Yearly,Premium,0
10239,61,54,70.94,12,1,0,11.27,Two Year,Standard,0
10240,43,46,67.5,23,0,0,77.93,Two Year,Premium,0
10241,49,22,90.56,21,1,1,65.1,Monthly,Standard,0
10242,23,64,144.42,24,1,0,98.51,Two Year,Basic,1
10243,49,8,136.84,16,2,1,14.95,Monthly,Premium,0
10244,21,20,81.14,4,2,1,63.3,Two Year,Premium,1
10245,28,51,110.46,1,0,0,94.77,Monthly,Standard,0
10246,34,39,95.46,27,1,1,74.62,Monthly,Premium,0
10247,55,37,110.15,13,4,1,34.28,Monthly,Basic,0
10248,41,50,127.81,26,1,1,12.81,Monthly,Premium,0
10249,22,34,24.48,8,0,0,96.41,Two Year,Standard,0
10250,69,33,62.35,6,2,1,8.12,Monthly,Premium,0
10251,51,31,144.71,29,3,2,97.54,Monthly,Basic,0
10252,23,54,143.41,8,5,0,31.05,Monthly,Premium,0
10253,39,44,21.46,19,3,0,86.17,Monthly,Premium,0
10254,28,34,46.19,24,2,0,55.88,Monthly,Premium,0
10255,65,71,149.19,24,4,1,91.35,Monthly,Premium,0
10256,33,62,84.07,12,0,3,43.24,Two Year,Standard,0
10257,50,23,94.47,1,0,0,85.13,Monthly,Basic,1
10258,26,46,41.63,4,0,0,24.6,Two Year,Standard,0
10259,23,56,136.26,23,1,1,47.21,Yearly,Premium,0
10260,33,7,50.06,13,0,0,84.78,Monthly,Basic,1
10261,46,61,44.65,30,4,1,12.72,Yearly,Standard,0
10262,20,3,49.66,27,2,1,73.13,Two Year,Premium,0
10263,37,38,139.55,17,4,1,44.25,Yearly,Standard,0
10264,53,34,111.37,19,4,1,51.81,Yearly,Premium,0
10265,36,44,119.92,19,0,2,58.32,Yearly,Basic,0
10266,43,30,69.01,22,1,2,28.29,Two Year,Premium,0
10267,20,17,138.19,5,1,0,10.54,Yearly,Standard,0
10268,36,59,122.62,28,3,1,2.85,Monthly,Premium,0
10269,37,10,117.58,11,1,1,43.66,Monthly,Basic,0
10270,49,18,146.22,7,3,1,27.62,Monthly,Standard,0
10271,24,45,67.61,3,2,0,63.66,Yearly,Standard,0
10272,69,59,99.43,11,2,1,71.88,Yearly,Standard,0
10273,58,62,138.29,17,1,0,50.87,Monthly,Standard,1
10274,50,59,122.82,11,0,1,62.28,Yearly,Standard,0
10275,57,49,93.24,15,1,0,56.51,Monthly,Basic,0
10276,56,63,29.91,19,1,0,1.45,Monthly,Standard,0
10277,35,32,104.85,8,1,0,84.33,Monthly,Premium,0
10278,57,10,88.45,16,7,2,6.9,Yearly,Standard,1
10279,18,11,43.94,21,2,0,41.62,Monthly,Standard,0
10280,28,70,134.69,15,3,1,11.99,Two Year,Premium,0
10281,45,62,64.62,3,4,0,66.57,Two Year,Basic,0
10282,42,47,70.37,30,2,0,33.23,Monthly,Standard,0
10283,67,34,107.41,24,1,0,8.04,Monthly,Basic,0
10284,40,17,83.54,6,0,2,5.49,Monthly,Premium,0
10285,48,54,31.61,3,2,0,24.48,Yearly,Basic,0
10286,47,40,70.37,30,2,0,67.06,Monthly,Premium,0
10287,59,19,32.28,5,2,0,72.1,Monthly,Basic,0
10288,52,67,44.8,1,6,0,13.71,Monthly,Basic,0
10289,24,53,20.93,22,1,0,14.77,Monthly,Standard,0
10290,33,64,43.57,14,4,2,59.73,Monthly,Premium,0
10291,43,47,62.96,12,2,0,95.77,Two Year,Premium,0
10292,65,6,89.97,13,0,1,55.74,Two Year,Standard,1
10293,69,16,139.51,14,4,0,71.46,Yearly,Basic,0
10294,66,18,90.24,25,2,0,57.97,Yearly,Basic,1
10295,19,52,111.73,12,2,0,11.38,Monthly,Basic,0
10296,18,48,66.5,23,3,0,94.7,Two Year,Basic,0
10297,65,43,117.71,27,1,1,8.13,Monthly,Basic,0
10298,29,39,100.66,13,0,0,76.23,Yearly,Premium,0
10299,22,49,79.77,24,0,0,97.96,Monthly,Basic,0
10300,54,12,45.19,6,4,0,32.58,Yearly,Standard,1
10301,49,10,59.46,27,3,0,17.99,Yearly,Standard,0
10302,26,71,100.72,21,1,1,57.05,Two Year,Basic,0
10303,58,55,75.39,15,0,2,79.71,Yearly,Basic,0
10304,52,1,135.62,28,0,0,95.0,Monthly,Standard,0
10305,36,49,50.53,22,1,0,69.67,Two Year,Premium,0
10306,65,36,29.5,23,0,0,34.25,Yearly,Standard,1
10307,33,21,96.62,16,2,0,49.94,Monthly,Standard,0
10308,20,37,135.19,9,1,0,76.36,Monthly,Premium,0
10309,37,24,67.42,8,3,2,79.01,Monthly,Basic,0
10310,41,55,104.2,5,3,1,8.37,Monthly,Standard,0
10311,50,25,50.08,15,0,0,61.76,Monthly,Premium,0
10312,41,7,92.6,7,3,0,96.77,Two Year,Standard,0
10313,69,71,122.28,24,2,0,78.74,Monthly,Premium,0
10314,28,71,132.71,17,2,0,1.72,Two Year,Standard,0
10315,66,24,33.67,16,2,0,23.27,Yearly,Standard,1
10316,25,11,66.33,24,5,0,45.06,Two Year,Basic,0
10317,53,12,103.15,11,4,0,70.92,Yearly,Standard,1
10318,55,35,24.51,7,2,0,55.97,Yearly,Basic,0
10319,57,63,109.78,11,5,0,8.66,Monthly,Standard,0
10320,37,68,88.64,28,1,0,74.09,Yearly,Premium,0
10321,52,57,57.51,28,1,0,84.03,Monthly,Basic,0
10322,65,13,125.91,2,2,0,21.37,Monthly,Basic,0
10323,42,23,57.71,2,2,1,7.67,Two Year,Premium,1
10324,52,39,148.88,28,0,0,79.3,Yearly,Basic,0
10325,42,12,126.13,6,2,1,64.4,Yearly,Premium,0
10326,46,34,112.04,3,1,0,80.55,Monthly,Standard,0
10327,35,71,27.98,1,2,0,57.09,Yearly,Basic,0
10328,63,31,137.56,24,0,0,43.43,Yearly,Premium,1
10329,35,62,122.71,23,3,1,96.34,Monthly,Standard,0
10330,19,13,49.77,20,3,0,78.22,Two Year,Standard,0
10331,52,31,70.99,16,2,0,41.78,Monthly,Basic,0
10332,33,2,54.92,14,0,0,90.84,Yearly,Standard,1
10333,58,15,147.97,17,1,1,99.36,Monthly,Premium,0
10334,53,57,131.05,18,3,0,31.52,Yearly,Basic,0
10335,50,34,140.93,25,1,0,89.36,Monthly,Basic,0
10336,21,68,122.54,4,4,0,5.49,Two Year,Basic,0
10337,50,29,79.33,3,1,0,22.22,Yearly,Premium,1
10338,31,66,46.71,8,1,1,16.93,Yearly,Basic,0
10339,38,16,47.05,4,2,0,36.3,Monthly,Standard,0
10340,65,39,39.72,23,2,0,56.7,Two Year,Standard,0
10341,37,37,91.06,15,2,1,72.28,Yearly,Standard,0
10342,25,21,139.6,13,3,0,90.38,Monthly,Standard,0
10343,24,44,148.93,14,3,0,16.7,Monthly,Premium,1
10344,20,19,57.35,30,2,0,58.25,Monthly,Premium,1
10345,34,71,110.65,14,2,1,55.91,Monthly,Premium,0
10346,50,8,97.62,5,1,0,46.39,Yearly,Premium,1
10347,65,66,83.56,5,1,1,69.76,Yearly,Basic,0
10348,29,41,106.55,27,1,1,51.82,Monthly,Basic,0
10349,68,70,68.28,22,0,0,55.47,Monthly,Standard,0
10350,39,61,142.78,28,2,0,90.43,Monthly,Basic,0
10351,39,26,111.71,13,3,1,86.17,Monthly,Premium,1
10352,63,71,118.05,4,3,0,58.16,Monthly,Basic,1
10353,47,70,51.51,18,4,0,16.46,Monthly,Premium,0
10354,55,29,41.92,6,4,0,95.91,Yearly,Premium,1
10355,55,66,71.26,29,1,0,62.65,Yearly,Premium,0
10356,62,19,119.67,5,6,0,80.94,Two Year,Standard,0
10357,68,68,142.04,3,3,0,6.45,Yearly,Basic,1
10358,25,58,75.55,20,1,0,89.79,Monthly,Premium,0
10359,44,70,120.64,3,2,0,69.66,Yearly,Standard,1
10360,44,57,81.15,3,4,0,68.86,Monthly,Standard,0
10361,51,37,58.38,20,2,0,11.9,Two Year,Basic,0
10362,38,61,116.1,2,2,0,71.57,Yearly,Basic,0
10363,47,30,123.77,20,1,0,8.59,Monthly,Standard,1
10364,50,71,46.37,26,0,0,6.53,Monthly,Basic,0
10365,45,25,59.67,27,1,0,33.21,Two Year,Premium,0
10366,64,65,84.32,18,1,1,3.29,Two Year,Premium,0
10367,50,6,44.25,30,5,0,16.8,Monthly,Standard,0
10368,22,18,140.75,10,1,1,72.89,Monthly,Premium,0
10369,65,10,96.87,24,2,0,83.66,Two Year,Premium,1
10370,36,11,35.76,26,1,1,18.77,Two Year,Premium,0
10371,21,65,43.92,21,4,1,82.51,Two Year,Standard,0
10372,52,65,144.07,29,2,1,48.57,Two Year,Standard,0
10373,66,52,115.96,7,1,1,95.83,Yearly,Standard,0
10374,34,67,115.47,27,1,0,14.79,Two Year,Basic,0
10375,61,31,29.42,20,1,1,6.3,Monthly,Premium,0
10376,45,17,136.39,26,4,1,84.66,Two Year,Basic,0
10377,47,55,77.69,22,3,1,36.84,Monthly,Basic,0
10378,46,36,105.76,29,0,1,46.26,Yearly,Basic,0
10379,63,26,144.76,28,0,0,51.67,Monthly,Premium,0
10380,23,53,33.0,14,0,0,82.69,Two Year,Premium,0
10381,52,17,82.7,10,1,2,8.52,Monthly,Standard,0
10382,58,25,26.45,20,1,0,55.56,Two Year,Standard,0
10383,54,2,84.94,16,3,0,43.63,Monthly,Basic,0
10384,41,5,52.79,6,3,0,34.69,Monthly,Basic,1
10385,46,4,138.44,17,2,0,35.46,Two Year,Premium,1
10386,66,36,71.8,6,4,0,93.1,Yearly,Basic,0
10387,63,6,102.4,22,1,1,27.54,Two Year,Basic,0
10388,48,21,131.84,18,2,0,46.01,Yearly,Standard,1
10389,52,26,147.88,28,0,0,49.79,Yearly,Standard,0
10390,50,55,85.5,10,1,0,72.27,Two Year,Standard,1
10391,69,39,79.25,10,1,1,52.38,Two Year,Premium,0
10392,38,33,29.85,9,2,1,62.5,Monthly,Basic,0
10393,49,14,21.66,22,2,1,40.48,Monthly,Premium,0
10394,40,56,99.14,28,3,2,72.14,Yearly,Standard,0
10395,50,21,28.51,15,2,1,47.12,Two Year,Basic,1
10396,20,46,69.45,11,1,0,23.05,Yearly,Standard,0
10397,35,16,20.47,29,2,0,81.88,Yearly,Basic,0
10398,42,16,99.98,7,2,0,76.78,Monthly,Standard,0
10399,59,29,75.3,18,2,2,63.12,Yearly,Premium,0
10400,48,8,36.51,2,2,2,52.67,Monthly,Premium,0
10401,20,3,58.53,2,1,0,21.64,Monthly,Basic,1
10402,57,19,94.06,26,0,1,86.97,Monthly,Standard,0
10403,63,66,105.37,13,0,1,10.62,Monthly,Standard,0
10404,41,22,80.1,11,2,0,38.94,Two Year,Standard,1
10405,67,46,124.51,25,3,0,85.4,Monthly,Premium,0
10406,49,13,34.62,19,2,0,59.96,Yearly,Basic,0
10407,64,33,30.99,29,2,0,44.42,Monthly,Basic,0
10408,39,5,25.75,20,5,1,79.34,Two Year,Standard,1
10409,40,27,89.66,1,2,0,98.96,Yearly,Standard,0
10410,19,24,111.81,17,2,0,19.69,Monthly,Standard,0
10411,44,67,36.97,20,2,0,6.02,Monthly,Basic,0
10412,59,63,103.06,30,3,0,46.84,Monthly,Basic,0
10413,19,48,82.0,18,2,0,29.45,Yearly,Premium,0
10414,43,63,148.35,8,2,0,67.01,Monthly,Basic,0
10415,34,12,113.27,13,4,0,49.93,Monthly,Basic,0
10416,57,28,105.47,4,2,2,50.4,Monthly,Premium,1
10417,50,44,94.16,19,1,0,36.14,Monthly,Basic,0
10418,26,43,149.66,3,3,1,21.86,Yearly,Basic,0
10419,60,17,147.46,6,1,0,22.13,Monthly,Standard,0
10420,65,40,89.95,28,2,0,39.31,Two Year,Premium,0
10421,56,49,79.17,29,1,0,68.5,Monthly,Standard,0
10422,46,57,80.07,6,2,0,34.38,Monthly,Premium,0
10423,59,64,75.68,22,1,1,33.28,Monthly,Premium,0
10424,43,57,89.08,6,3,0,43.08,Monthly,Basic,1
10425,52,70,55.57,24,2,1,99.1,Two Year,Standard,0
10426,67,43,140.48,8,2,0,10.03,Monthly,Premium,0
10427,42,23,83.73,25,2,1,30.17,Monthly,Premium,1
10428,41,27,129.46,17,1,0,29.91,Monthly,Premium,1
10429,30,58,81.79,10,3,1,97.48,Monthly,Premium,0
10430,24,37,113.38,24,2,0,41.31,Yearly,Basic,0
10431,53,6,63.79,5,2,0,57.13,Monthly,Basic,0
10432,62,65,101.22,19,2,0,20.61,Yearly,Premium,0
10433,37,6,84.79,11,0,0,2.26,Two Year,Standard,0
10434,18,50,67.72,10,2,1,34.59,Two Year,Standard,1
10435,25,22,134.6,3,3,2,64.26,Yearly,Premium,0
10436,63,25,34.65,22,2,0,69.46,Monthly,Premium,0
10437,33,51,83.3,24,4,0,75.63,Monthly,Basic,0
10438,31,48,45.27,10,2,0,86.21,Yearly,Standard,0
10439,29,70,131.94,2,2,1,12.45,Monthly,Standard,0
10440,68,65,52.95,28,4,1,9.2,Yearly,Standard,0
10441,40,60,102.35,9,1,1,78.98,Yearly,Basic,0
10442,32,46,41.52,5,2,0,44.14,Yearly,Premium,0
10443,45,36,72.64,21,1,3,94.76,Monthly,Basic,1
10444,51,58,136.92,17,2,2,94.4,Yearly,Premium,0
10445,19,38,41.59,6,3,1,15.02,Monthly,Standard,0
10446,49,11,106.22,29,2,1,69.43,Monthly,Premium,0
10447,40,12,46.59,11,2,0,7.64,Yearly,Standard,1
10448,39,42,74.05,27,2,1,40.94,Monthly,Premium,0
10449,68,39,90.28,5,2,1,84.33,Yearly,Premium,0
10450,42,71,95.05,7,2,1,46.63,Monthly,Premium,0
10451,39,11,98.33,7,0,0,4.33,Monthly,Basic,0
10452,39,36,103.22,4,4,0,24.79,Yearly,Standard,0
10453,66,52,55.33,21,0,1,9.55,Yearly,Basic,0
10454,69,31,72.18,10,2,1,41.42,Two Year,Premium,0
10455,59,33,24.85,30,1,0,69.97,Two Year,Standard,0
10456,23,13,119.94,24,0,1,66.38,Monthly,Standard,1
10457,32,18,128.82,18,1,0,72.18,Two Year,Basic,0
10458,60,41,45.9,1,3,0,39.0,Monthly,Standard,0
10459,54,58,46.19,14,1,3,27.26,Monthly,Standard,0
10460,50,56,25.46,6,1,0,6.64,Yearly,Premium,0
10461,25,24,146.15,11,4,0,94.22,Monthly,Premium,0
10462,61,31,124.93,14,1,0,12.71,Monthly,Premium,0
10463,61,55,66.89,20,3,1,18.65,Monthly,Basic,0
10464,22,10,82.65,29,3,0,3.48,Monthly,Basic,1
10465,56,60,57.96,26,3,0,32.4,Two Year,Premium,0
10466,21,2,97.64,3,3,0,82.07,Yearly,Premium,0
10467,23,15,113.25,16,1,0,33.89,Monthly,Premium,0
10468,62,3,78.16,16,1,3,66.93,Yearly,Basic,0
10469,49,43,133.57,7,0,0,96.59,Two Year,Premium,0
10470,69,31,87.21,8,1,0,89.36,Monthly,Standard,1
10471,47,70,38.75,27,1,2,18.82,Yearly,Basic,1
10472,64,67,100.9,28,1,0,36.56,Yearly,Premium,0
10473,52,56,80.09,4,4,1,75.36,Yearly,Premium,0
10474,57,63,141.64,12,0,1,97.79,Two Year,Premium,0
10475,69,15,70.95,12,2,1,71.88,Monthly,Basic,0
10476,33,10,72.37,10,6,1,25.97,Yearly,Basic,0
10477,30,38,104.6,12,3,1,14.15,Monthly,Standard,0
10478,67,47,88.51,11,0,2,50.02,Yearly,Basic,0
10479,59,57,68.68,11,2,1,20.1,Two Year,Basic,1
10480,47,50,148.67,15,2,1,23.53,Monthly,Premium,0
10481,36,71,59.28,6,2,0,63.81,Monthly,Standard,0
10482,34,15,56.08,29,3,1,51.97,Two Year,Standard,0
10483,36,18,132.38,27,0,1,12.95,Two Year,Standard,0
10484,45,2,20.44,11,5,1,16.21,Two Year,Premium,1
10485,43,43,46.16,2,5,1,2.92,Two Year,Basic,0
10486,54,26,96.76,24,0,2,22.75,Yearly,Standard,0
10487,43,71,41.12,22,2,0,88.84,Two Year,Standard,0
10488,40,38,148.15,27,1,0,79.51,Two Year,Standard,0
10489,26,42,80.35,9,5,0,42.06,Monthly,Standard,0
10490,29,5,97.66,11,5,1,74.45,Two Year,Premium,0
10491,18,11,40.85,16,3,0,41.29,Yearly,Basic,0
10492,18,65,57.62,13,4,1,79.42,Monthly,Standard,0
10493,64,34,99.9,13,1,0,19.01,Yearly,Basic,0
10494,51,1,91.44,22,0,2,16.1,Monthly,Basic,0
10495,49,2,121.97,22,3,1,8.72,Two Year,Premium,0
10496,65,20,55.0,28,4,0,24.94,Two Year,Premium,0
10497,42,61,104.96,18,1,0,15.49,Two Year,Standard,0
10498,57,21,57.83,21,2,0,80.07,Monthly,Standard,0
10499,62,68,96.28,25,3,1,24.76,Yearly,Standard,1
10500,18,12,98.65,1,0,0,52.1,Monthly,Premium,0
10501,33,22,35.84,20,1,0,75.86,Yearly,Premium,0
10502,56,20,91.32,10,1,0,68.03,Yearly,Basic,0
10503,22,1,21.55,26,1,1,21.25,Monthly,Basic,1
10504,39,30,85.16,30,3,0,8.63,Monthly,Basic,0
10505,46,24,110.68,19,4,1,91.26,Yearly,Premium,0
10506,20,14,29.47,17,2,0,62.58,Monthly,Premium,0
10507,29,36,142.03,1,1,0,70.95,Monthly,Premium,0
10508,43,69,79.64,1,4,1,39.22,Two Year,Premium,0
10509,33,24,141.99,17,5,1,24.92,Yearly,Premium,0
10510,68,60,33.96,15,2,0,53.53,Yearly,Standard,0
10511,54,55,143.49,29,1,1,8.71,Two Year,Basic,0
10512,39,24,34.2,2,2,0,80.2,Monthly,Standard,0
10513,46,24,79.99,11,1,0,65.8,Yearly,Basic,0
10514,31,54,141.94,21,1,1,76.4,Two Year,Standard,0
10515,45,26,50.25,2,0,0,57.36,Monthly,Standard,0
10516,22,66,24.52,20,2,0,58.21,Monthly,Premium,0
10517,64,38,123.1,9,2,1,60.44,Monthly,Premium,0
10518,66,65,97.46,19,1,5,78.63,Two Year,Premium,0
10519,47,51,86.81,2,2,0,23.31,Yearly,Standard,1
10520,63,35,24.46,16,2,0,68.47,Monthly,Standard,0
10521,69,43,104.92,20,4,0,55.72,Monthly,Premium,0
10522,22,29,42.31,9,2,0,50.02,Monthly,Premium,0
10523,29,37,141.06,20,6,0,54.55,Yearly,Standard,0
10524,33,58,109.14,28,2,2,27.95,Two Year,Standard,0
10525,43,54,111.91,21,0,0,4.67,Monthly,Premium,0
10526,43,39,50.24,4,1,0,76.16,Monthly,Basic,1
10527,65,42,134.5,29,3,0,91.7,Monthly,Basic,0
10528,38,28,89.91,24,0,0,48.6,Monthly,Basic,0
10529,56,29,131.42,30,0,2,83.95,Yearly,Standard,0
10530,53,43,55.22,13,2,0,55.97,Yearly,Basic,0
10531,50,3,118.21,15,1,1,93.1,Two Year,Basic,0
10532,47,10,94.69,20,2,2,51.33,Yearly,Premium,0
10533,54,59,26.29,2,3,0,21.28,Monthly,Premium,0
10534,40,14,72.69,28,2,2,87.14,Yearly,Basic,0
10535,27,47,43.91,20,0,0,80.23,Two Year,Basic,0
10536,22,42,66.69,18,2,0,40.4,Yearly,Premium,0
10537,53,32,69.84,25,2,0,84.35,Yearly,Basic,0
10538,51,32,81.74,27,1,0,1.9,Yearly,Premium,0
10539,69,42,98.04,30,0,0,80.17,Two Year,Premium,0
10540,48,32,94.23,24,1,1,69.12,Two Year,Standard,0
10541,27,26,25.07,9,1,0,38.59,Monthly,Premium,0
10542,36,1,117.59,20,0,0,79.37,Two Year,Premium,0
10543,49,56,143.39,1,1,3,13.54,Monthly,Standard,0
10544,18,2,65.33,3,4,0,21.13,Two Year,Standard,0
10545,22,30,43.37,23,4,0,53.82,Two Year,Standard,1
10546,62,71,90.2,17,2,1,88.22,Yearly,Standard,0
10547,21,52,111.64,11,5,0,13.88,Yearly,Standard,0
10548,33,9,108.26,24,1,0,56.86,Monthly,Basic,0
10549,41,22,99.57,25,3,0,75.56,Monthly,Standard,0
10550,33,34,39.01,8,3,0,74.59,Yearly,Premium,0
10551,19,49,128.79,21,3,1,63.17,Monthly,Premium,0
10552,66,1,75.33,12,1,1,94.15,Two Year,Standard,0
10553,45,53,48.79,11,0,1,48.73,Monthly,Basic,0
10554,49,40,31.21,30,3,1,88.14,Yearly,Basic,0
10555,44,45,74.17,28,2,1,62.34,Yearly,Premium,1
10556,37,68,100.34,13,2,0,74.01,Yearly,Premium,0
10557,41,9,106.5,15,2,0,47.02,Yearly,Premium,0
10558,29,22,145.16,25,3,1,17.59,Yearly,Basic,0
10559,67,18,39.91,20,0,0,11.8,Monthly,Basic,0
10560,52,43,148.15,25,2,1,68.55,Two Year,Basic,0
10561,50,39,105.11,17,2,0,38.27,Yearly,Basic,0
10562,50,6,79.05,12,3,0,57.18,Monthly,Basic,0
10563,68,48,135.47,27,2,1,74.86,Yearly,Standard,0
10564,60,7,110.28,19,3,1,78.86,Yearly,Standard,1
10565,54,69,65.33,20,0,1,51.46,Monthly,Basic,1
10566,29,16,134.93,11,2,0,32.14,Two Year,Basic,0
10567,20,1,106.66,10,3,0,77.81,Monthly,Basic,1
10568,18,37,110.85,17,3,3,42.12,Yearly,Basic,0
10569,50,37,136.53,28,1,1,93.74,Monthly,Basic,0
10570,57,64,78.29,22,2,1,82.63,Yearly,Standard,0
10571,27,62,105.4,13,1,0,74.94,Yearly,Standard,0
10572,60,61,116.81,16,2,0,24.88,Monthly,Basic,0
10573,61,33,79.01,20,2,0,36.91,Monthly,Standard,1
10574,46,66,30.85,20,1,1,85.05,Yearly,Premium,0
10575,30,30,120.29,17,0,1,3.29,Yearly,Standard,0
10576,29,20,26.22,5,1,2,78.37,Monthly,Premium,0
10577,48,60,113.33,9,3,0,41.01,Monthly,Premium,0
10578,63,24,138.41,22,2,1,80.14,Two Year,Basic,0
10579,19,4,65.11,24,3,0,55.69,Yearly,Premium,0
10580,68,37,33.27,27,0,0,53.15,Monthly,Basic,0
10581,67,4,50.27,4,3,0,70.46,Two Year,Standard,0
10582,52,18,93.1,9,2,0,80.83,Two Year,Standard,0
10583,40,66,142.55,16,2,0,69.65,Monthly,Premium,0
10584,34,48,86.6,7,0,2,45.62,Two Year,Standard,0
10585,43,33,34.66,14,0,0,32.76,Monthly,Standard,0
10586,25,58,101.61,14,1,0,84.72,Monthly,Basic,0
10587,46,28,115.27,7,2,0,52.56,Monthly,Premium,0
10588,43,35,71.13,24,3,2,78.56,Monthly,Premium,0
10589,27,10,113.8,16,2,0,99.58,Yearly,Basic,0
10590,43,65,62.23,18,0,0,64.74,Yearly,Premium,1
10591,51,42,122.58,28,2,0,28.56,Monthly,Premium,0
10592,68,9,64.34,6,1,0,86.69,Monthly,Standard,0
10593,58,60,53.29,7,3,0,28.09,Yearly,Basic,0
10594,24,15,134.29,19,1,0,26.78,Yearly,Premium,0
10595,21,57,91.3,8,4,0,8.32,Monthly,Basic,0
10596,67,69,57.07,1,3,1,8.78,Two Year,Premium,0
10597,62,22,141.56,17,2,0,86.37,Yearly,Premium,0
10598,28,64,109.81,26,1,0,23.84,Monthly,Basic,0
10599,46,41,48.69,19,0,0,11.76,Yearly,Basic,0
10600,53,71,99.9,22,6,1,35.91,Monthly,Basic,1
10601,42,56,133.15,7,5,0,71.64,Monthly,Basic,0
10602,38,23,110.5,18,1,0,34.62,Yearly,Basic,0
10603,53,25,51.82,30,2,0,31.62,Monthly,Standard,1
10604,27,6,104.35,6,3,1,49.32,Yearly,Basic,1
10605,54,34,100.49,28,3,0,3.1,Monthly,Premium,0
10606,26,63,126.71,21,8,0,49.62,Yearly,Premium,0
10607,41,9,43.16,6,2,0,99.01,Monthly,Premium,1
10608,52,60,110.95,1,3,0,80.14,Monthly,Standard,0
10609,66,49,23.56,30,2,0,7.98,Monthly,Basic,1
10610,52,51,110.5,10,1,1,65.83,Yearly,Standard,1
10611,65,60,144.86,23,2,1,46.65,Two Year,Standard,0
10612,53,70,42.67,8,1,0,82.8,Monthly,Premium,0
10613,35,37,60.47,30,0,1,10.75,Monthly,Premium,0
10614,66,31,95.77,7,2,0,24.04,Monthly,Premium,1
10615,56,41,115.21,9,4,0,79.32,Yearly,Premium,0
10616,49,62,64.77,1,1,0,85.07,Two Year,Premium,0
10617,41,58,106.35,26,1,0,53.4,Two Year,Standard,0
10618,40,14,136.91,25,1,1,2.95,Monthly,Basic,1
10619,49,36,114.45,11,6,1,89.48,Two Year,Premium,0
10620,54,36,112.43,27,1,0,38.89,Monthly,Basic,0
10621,29,8,69.66,29,1,0,4.93,Two Year,Standard,0
10622,66,26,138.49,3,1,1,82.06,Two Year,Premium,1
10623,30,36,56.05,18,3,1,42.39,Monthly,Basic,0
10624,40,48,46.69,6,3,0,19.81,Monthly,Basic,1
10625,42,28,67.35,11,5,0,80.36,Monthly,Premium,0
10626,52,68,104.52,5,2,1,46.31,Monthly,Standard,0
10627,58,62,132.02,20,1,0,61.17,Monthly,Premium,0
10628,47,51,37.17,4,2,0,82.49,Yearly,Standard,0
10629,34,42,125.79,8,5,0,52.72,Yearly,Standard,0
10630,66,29,125.67,10,5,0,11.94,Monthly,Standard,0
10631,37,10,96.3,29,3,2,96.41,Monthly,Basic,0
10632,65,39,118.88,3,2,2,29.37,Two Year,Premium,0
10633,42,1,43.64,13,6,0,99.43,Monthly,Basic,0
10634,39,39,42.05,17,3,1,1.6,Yearly,Standard,0
10635,30,21,132.16,5,1,0,48.9,Yearly,Basic,0
10636,36,65,84.76,8,3,1,70.79,Yearly,Basic,1
10637,66,15,51.97,19,1,0,90.72,Monthly,Standard,0
10638,53,4,109.53,18,3,1,78.25,Monthly,Standard,0
10639,29,60,135.94,1,1,1,26.31,Yearly,Basic,1
10640,58,61,102.2,29,4,0,25.09,Two Year,Standard,0
10641,36,20,65.15,4,1,0,36.3,Two Year,Standard,0
10642,29,10,82.82,27,0,2,11.94,Monthly,Standard,0
10643,26,34,117.8,18,3,0,67.29,Monthly,Premium,0
10644,24,48,28.78,14,1,0,94.18,Monthly,Basic,0
10645,45,33,48.23,24,0,0,64.57,Two Year,Basic,0
10646,31,61,80.14,11,3,0,53.8,Monthly,Premium,0
10647,48,10,98.55,29,1,0,50.83,Yearly,Basic,0
10648,69,54,64.09,26,1,0,59.67,Monthly,Basic,0
10649,36,65,58.79,28,2,0,71.35,Two Year,Standard,0
10650,64,1,25.38,9,2,0,79.7,Monthly,Premium,0
10651,33,5,24.24,13,3,0,70.13,Yearly,Basic,0
10652,22,15,56.23,26,1,0,70.8,Yearly,Basic,0
10653,52,28,88.97,17,1,0,95.22,Monthly,Premium,0
10654,29,23,92.33,15,3,0,90.03,Monthly,Basic,0
10655,42,17,84.22,2,3,0,82.57,Two Year,Basic,0
10656,69,13,73.28,6,1,0,5.29,Yearly,Standard,0
10657,38,14,52.8,29,2,0,67.22,Yearly,Premium,0
10658,53,11,72.09,26,2,0,46.04,Two Year,Standard,0
10659,40,28,38.04,28,0,0,62.14,Monthly,Standard,0
10660,33,42,34.98,7,1,1,68.94,Two Year,Premium,0
10661,56,61,58.99,2,2,1,71.75,Yearly,Basic,0
10662,62,64,149.4,24,2,0,87.07,Yearly,Premium,0
10663,59,31,62.44,13,1,0,91.09,Monthly,Basic,1
10664,56,10,141.74,10,3,0,61.08,Two Year,Basic,0
10665,31,8,70.99,16,4,0,89.52,Monthly,Premium,0
10666,48,21,77.07,9,0,2,76.7,Monthly,Standard,0
10667,22,59,123.62,8,3,0,21.07,Yearly,Standard,1
10668,52,50,32.17,25,2,0,4.5,Yearly,Premium,0
10669,40,69,43.7,15,2,0,1.98,Monthly,Premium,0
10670,46,70,146.6,22,4,2,59.08,Two Year,Basic,0
10671,60,30,85.77,27,0,1,52.64,Monthly,Standard,0
10672,28,17,25.76,7,3,1,69.94,Monthly,Premium,1
10673,35,20,26.16,22,1,0,84.44,Monthly,Basic,0
10674,64,48,137.94,23,1,0,17.28,Yearly,Premium,1
10675,29,2,133.54,19,2,1,85.79,Two Year,Basic,1
10676,26,37,79.59,4,2,1,10.71,Two Year,Standard,0
10677,27,1,41.22,9,1,1,88.44,Yearly,Premium,0
10678,61,4,127.94,19,0,0,85.2,Yearly,Premium,1
10679,34,54,62.2,2,3,1,70.0,Yearly,Premium,1
10680,55,25,74.48,28,5,1,30.7,Yearly,Standard,0
10681,24,3,108.72,29,0,0,10.25,Two Year,Basic,0
10682,63,9,65.94,27,1,0,78.03,Monthly,Standard,1
10683,30,34,101.73,7,0,1,22.57,Monthly,Premium,0
10684,57,43,135.09,22,1,0,44.65,Monthly,Standard,1
10685,59,22,123.66,19,3,1,53.56,Monthly,Basic,0
10686,26,70,69.61,6,0,0,68.86,Two Year,Standard,0
10687,67,2,57.43,15,1,1,49.26,Yearly,Premium,1
10688,44,66,57.12,7,3,1,69.76,Monthly,Premium,0
10689,19,32,65.32,6,1,0,81.59,Monthly,Premium,0
10690,22,16,84.16,1,1,0,71.59,Two Year,Premium,1
10691,46,1,74.16,28,3,0,30.65,Yearly,Basic,0
10692,54,48,37.29,14,1,1,89.53,Monthly,Standard,1
10693,55,50,41.25,1,2,0,55.51,Monthly,Basic,0
10694,36,13,64.58,25,3,0,47.07,Monthly,Standard,0
10695,25,15,93.07,6,3,0,57.93,Yearly,Premium,0
10696,65,53,97.05,28,2,0,48.84,Yearly,Standard,0
10697,62,44,83.21,18,4,1,75.76,Monthly,Standard,0
10698,18,8,116.04,27,1,0,42.65,Monthly,Premium,0
10699,39,46,115.84,17,0,1,77.9,Monthly,Premium,0
10700,69,69,75.59,27,3,0,76.26,Yearly,Premium,0
10701,34,19,36.18,28,2,0,28.41,Two Year,Standard,0
10702,24,38,88.92,2,4,2,10.5,Two Year,Premium,1
10703,42,11,69.59,8,1,0,85.24,Yearly,Basic,0
10704,62,43,37.93,21,1,1,17.72,Two Year,Standard,0
10705,21,20,147.64,23,2,1,4.09,Monthly,Premium,0
10706,53,20,68.07,23,1,1,40.83,Monthly,Basic,0
10707,23,21,101.35,2,3,0,26.16,Monthly,Standard,0
10708,48,57,83.72,16,2,0,22.82,Monthly,Basic,0
10709,36,50,38.57,4,4,0,18.06,Two Year,Standard,1
10710,61,26,27.22,2,1,1,75.17,Two Year,Premium,0
10711,56,30,101.35,23,1,0,78.56,Monthly,Basic,0
10712,44,31,52.11,5,3,0,5.59,Monthly,Premium,0
10713,27,42,51.68,17,3,0,55.13,Monthly,Standard,0
10714,43,68,144.41,2,0,0,14.38,Yearly,Standard,0
10715,36,61,80.03,22,2,0,50.46,Monthly,Basic,1
10716,56,61,23.83,14,3,0,35.45,Monthly,Premium,0
10717,20,70,64.18,20,2,0,20.98,Two Year,Standard,0
10718,62,68,95.98,7,0,1,94.86,Two Year,Premium,0
10719,30,17,62.71,15,2,0,95.72,Monthly,Premium,0
10720,67,19,23.49,18,2,1,56.83,Monthly,Premium,0
10721,45,51,77.76,13,4,0,19.62,Monthly,Basic,0
10722,37,70,33.77,12,1,0,58.74,Yearly,Premium,0
10723,45,63,100.49,2,2,0,92.92,Monthly,Basic,0
10724,25,30,100.55,12,1,0,38.4,Monthly,Standard,1
10725,58,25,24.91,6,6,0,14.64,Two Year,Premium,1
10726,56,71,57.79,24,0,0,69.68,Monthly,Basic,0
10727,18,26,73.78,29,2,0,65.97,Monthly,Basic,0
10728,20,56,91.53,1,3,1,1.14,Two Year,Basic,0
10729,30,22,58.49,21,1,0,85.51,Yearly,Basic,0
10730,45,19,57.41,1,3,0,66.41,Yearly,Basic,0
10731,66,31,147.79,15,1,1,20.37,Monthly,Basic,0
10732,42,26,25.44,27,1,0,1.32,Two Year,Basic,0
10733,50,42,148.58,16,2,1,97.26,Monthly,Premium,0
10734,55,41,26.21,22,1,0,75.71,Monthly,Basic,0
10735,23,23,57.48,7,3,0,37.14,Monthly,Standard,0
10736,61,47,84.18,22,2,0,43.85,Two Year,Standard,0
10737,62,13,38.63,14,2,2,54.35,Two Year,Basic,0
10738,49,66,37.53,29,0,0,72.14,Yearly,Standard,0
10739,62,66,53.32,25,2,0,18.12,Two Year,Standard,0
10740,64,16,146.56,19,4,2,20.38,Monthly,Standard,0
10741,38,28,69.42,24,2,1,5.78,Monthly,Standard,1
10742,33,35,93.58,19,2,0,98.59,Monthly,Premium,0
10743,38,41,111.56,27,2,1,87.68,Monthly,Basic,0
10744,28,31,116.49,28,3,0,55.74,Yearly,Basic,1
10745,54,32,109.45,29,4,0,43.6,Monthly,Premium,0
10746,53,54,63.8,29,4,0,24.51,Monthly,Premium,0
10747,52,59,34.52,23,1,0,59.9,Yearly,Basic,0
10748,36,41,56.62,30,2,0,69.36,Monthly,Standard,0
10749,37,66,47.34,13,6,0,69.23,Monthly,Premium,0
10750,35,54,37.72,21,6,0,1.64,Monthly,Standard,0
10751,64,40,23.18,12,2,0,70.5,Yearly,Premium,0
10752,58,28,141.64,29,4,1,86.77,Two Year,Standard,0
10753,66,37,139.73,1,2,0,12.38,Two Year,Premium,0
10754,31,65,26.55,27,0,1,75.78,Monthly,Premium,1
10755,32,55,42.5,12,0,1,82.5,Yearly,Premium,1
10756,48,4,38.14,4,5,1,28.34,Monthly,Standard,0
10757,18,10,56.56,30,1,1,71.5,Monthly,Premium,0
10758,20,47,46.53,29,2,1,10.58,Yearly,Basic,0
10759,33,14,142.96,27,0,1,65.27,Yearly,Basic,1
10760,40,38,30.94,15,1,0,51.52,Monthly,Standard,0
10761,28,12,47.52,25,2,0,85.14,Monthly,Premium,0
10762,29,45,30.49,16,0,0,45.74,Monthly,Premium,1
10763,27,17,147.45,15,4,1,43.38,Monthly,Basic,0
10764,49,35,139.39,8,1,1,93.44,Monthly,Standard,0
10765,33,66,113.16,19,2,0,93.49,Two Year,Basic,0
10766,25,41,75.38,15,1,0,4.54,Monthly,Standard,0
10767,55,67,44.72,18,2,0,49.07,Monthly,Basic,0
10768,29,29,48.79,11,2,0,16.93,Monthly,Standard,0
10769,41,18,77.6,9,3,0,28.1,Yearly,Premium,1
10770,45,20,119.87,1,1,0,66.95,Yearly,Premium,0
10771,25,14,54.41,9,2,1,13.8,Monthly,Standard,0
10772,45,34,60.4,28,0,1,2.12,Monthly,Standard,1
10773,53,49,97.99,23,1,0,72.99,Yearly,Standard,0
10774,43,54,50.9,12,0,2,64.49,Monthly,Standard,1
10775,25,31,95.95,2,4,0,90.36,Monthly,Standard,0
10776,67,58,70.33,11,2,1,54.69,Monthly,Basic,0
10777,45,42,24.47,21,1,1,94.59,Two Year,Standard,0
10778,45,58,72.35,14,5,0,61.32,Monthly,Premium,0
10779,54,30,139.54,2,1,0,39.33,Monthly,Standard,0
10780,58,25,58.1,15,3,0,61.24,Yearly,Premium,0
10781,53,63,61.97,21,2,1,75.17,Yearly,Premium,0
10782,44,19,28.57,23,1,0,35.41,Monthly,Basic,0
10783,34,8,99.96,21,1,0,37.88,Two Year,Premium,0
10784,26,3,130.4,18,3,0,63.36,Monthly,Standard,0
10785,50,67,65.88,27,2,1,46.1,Two Year,Premium,0
10786,37,17,51.23,14,0,1,53.17,Yearly,Basic,0
10787,30,14,144.36,21,1,0,98.23,Two Year,Standard,1
10788,45,9,116.86,28,0,1,5.33,Monthly,Premium,0
10789,65,62,93.73,12,2,0,65.14,Monthly,Standard,0
10790,46,21,59.72,10,2,0,92.37,Monthly,Premium,0
10791,30,37,48.7,14,2,0,24.38,Monthly,Standard,0
10792,63,11,113.05,22,3,0,21.99,Monthly,Basic,1
10793,52,20,87.83,15,4,0,36.94,Monthly,Basic,0
10794,23,35,87.68,5,2,2,8.33,Monthly,Premium,0
10795,35,53,29.58,2,2,0,56.47,Monthly,Basic,0
10796,68,47,86.59,22,3,1,64.9,Two Year,Premium,0
10797,22,52,126.96,6,3,0,82.17,Yearly,Basic,0
10798,64,8,143.08,12,1,0,7.55,Monthly,Premium,0
10799,42,4,33.87,2,0,0,44.18,Yearly,Standard,0
10800,19,27,102.05,29,2,0,78.64,Yearly,Premium,0
10801,27,44,93.89,29,3,1,77.06,Monthly,Premium,0
10802,47,40,135.74,4,1,1,8.29,Monthly,Premium,1
10803,67,47,117.66,7,2,1,2.13,Two Year,Standard,0
10804,62,44,145.48,16,5,2,78.55,Yearly,Basic,0
10805,22,48,144.8,1,5,0,14.66,Monthly,Basic,0
10806,50,52,49.34,1,3,0,58.2,Monthly,Standard,0
10807,18,68,114.3,14,4,1,10.33,Yearly,Basic,0
10808,35,11,88.97,11,3,0,30.26,Monthly,Standard,0
10809,49,4,47.9,12,4,0,16.65,Monthly,Basic,0
10810,64,48,45.33,11,4,0,73.9,Monthly,Premium,0
10811,66,26,30.54,6,7,0,67.6,Monthly,Premium,0
10812,28,39,123.42,23,1,0,14.4,Yearly,Premium,1
10813,38,58,62.19,12,2,0,6.87,Monthly,Standard,0
10814,43,19,131.41,21,3,0,47.17,Yearly,Standard,1
10815,42,58,99.08,12,0,1,20.36,Two Year,Basic,0
10816,39,28,107.57,10,3,0,1.81,Two Year,Standard,0
10817,44,66,57.92,8,2,0,27.16,Monthly,Basic,0
10818,66,10,79.45,27,2,2,22.31,Monthly,Premium,0
10819,30,58,73.6,20,1,1,68.81,Yearly,Basic,0
10820,50,14,50.64,19,0,2,86.23,Monthly,Basic,0
10821,51,15,128.23,7,2,0,24.53,Two Year,Premium,0
10822,58,33,100.87,14,2,2,23.08,Two Year,Premium,0
10823,52,17,24.87,4,2,0,39.39,Two Year,Standard,0
10824,18,24,126.59,1,2,0,18.08,Yearly,Basic,1
10825,38,30,33.78,27,2,0,94.73,Yearly,Standard,0
10826,65,62,72.48,8,4,0,25.11,Yearly,Basic,1
10827,23,13,94.26,5,2,0,10.24,Monthly,Basic,0
10828,45,62,20.99,29,3,2,56.13,Two Year,Premium,0
10829,34,47,104.88,8,2,0,54.22,Monthly,Premium,0
10830,22,16,105.76,8,3,1,63.56,Two Year,Basic,1
10831,48,66,104.83,28,1,0,96.7,Two Year,Standard,0
10832,22,43,41.25,21,5,1,33.03,Monthly,Standard,0
10833,55,8,53.25,24,2,0,36.6,Monthly,Basic,0
10834,20,3,52.16,7,1,3,34.37,Two Year,Premium,0
10835,40,12,144.81,29,5,0,63.23,Two Year,Basic,0
10836,54,16,28.78,19,3,0,60.8,Two Year,Premium,0
10837,54,59,75.74,4,2,0,53.35,Two Year,Premium,0
10838,27,49,133.26,27,2,3,37.07,Two Year,Basic,0
10839,27,63,120.03,28,2,2,43.34,Two Year,Basic,0
10840,36,62,126.92,29,2,0,79.46,Monthly,Standard,0
10841,34,49,146.4,23,3,1,61.32,Monthly,Premium,1
10842,38,51,70.34,20,1,1,71.91,Yearly,Premium,0
10843,31,33,60.26,6,1,0,28.4,Monthly,Basic,0
10844,26,30,23.99,12,2,5,91.24,Yearly,Standard,0
10845,63,59,39.5,18,2,1,4.48,Yearly,Standard,1
10846,18,15,93.06,12,0,0,59.97,Two Year,Basic,1
10847,68,23,40.5,18,3,0,81.42,Monthly,Premium,1
10848,62,45,115.72,3,0,2,86.76,Yearly,Premium,1
10849,30,62,24.84,10,0,0,32.64,Two Year,Standard,0
10850,21,71,53.73,7,2,0,46.52,Monthly,Standard,0
10851,18,15,110.41,3,3,0,4.45,Yearly,Premium,0
10852,66,46,53.22,28,0,0,79.19,Yearly,Standard,0
10853,57,64,114.74,19,1,1,13.33,Monthly,Basic,0
10854,49,46,149.46,13,3,0,43.38,Monthly,Premium,0
10855,51,56,123.62,30,1,0,99.09,Yearly,Standard,0
10856,45,44,64.44,4,3,2,91.86,Monthly,Standard,0
10857,48,29,137.08,10,1,0,33.67,Monthly,Premium,0
10858,25,62,26.65,6,1,0,23.16,Two Year,Standard,0
10859,56,52,114.25,1,2,1,25.92,Monthly,Standard,0
10860,43,54,23.03,6,3,0,68.79,Two Year,Basic,0
10861,51,57,42.69,8,0,1,72.85,Monthly,Standard,0
10862,20,66,148.39,28,1,0,22.43,Monthly,Standard,0
10863,67,22,66.92,15,3,1,24.76,Yearly,Basic,0
10864,29,20,126.66,8,1,3,33.02,Monthly,Premium,0
10865,18,33,68.89,22,5,0,43.88,Monthly,Basic,0
10866,61,25,129.2,6,1,1,91.83,Two Year,Basic,0
10867,22,46,145.51,29,1,0,3.62,Yearly,Standard,1
10868,47,57,76.62,19,5,0,64.18,Monthly,Premium,0
10869,47,5,92.72,14,2,1,86.31,Monthly,Basic,0
10870,34,55,101.72,2,1,0,72.61,Yearly,Standard,0
10871,65,61,141.53,7,2,1,22.46,Yearly,Standard,0
10872,64,8,53.38,8,1,0,48.2,Monthly,Standard,0
10873,40,16,99.46,10,1,1,91.12,Yearly,Premium,0
10874,32,48,62.21,13,3,1,12.46,Monthly,Standard,0
10875,54,61,48.2,30,3,0,98.76,Monthly,Standard,0
10876,38,15,31.04,22,3,1,15.22,Monthly,Standard,0
10877,31,65,100.69,21,1,1,15.1,Monthly,Premium,0
10878,19,22,134.67,20,2,0,81.47,Monthly,Basic,0
10879,28,3,65.68,1,3,0,83.01,Yearly,Standard,0
10880,68,54,91.85,9,2,1,4.75,Monthly,Premium,0
10881,56,14,103.48,27,0,0,17.66,Yearly,Basic,0
10882,55,36,73.9,10,1,0,94.9,Yearly,Premium,0
10883,51,67,137.44,20,1,0,28.66,Two Year,Basic,0
10884,55,10,67.16,2,1,0,2.21,Monthly,Basic,1
10885,67,49,36.25,20,3,0,26.15,Two Year,Premium,1
10886,51,65,38.72,29,1,0,73.81,Monthly,Premium,0
10887,35,57,135.81,11,0,0,91.73,Yearly,Premium,0
10888,47,27,148.44,5,3,0,16.36,Yearly,Standard,0
10889,32,5,57.56,18,2,0,23.22,Yearly,Basic,0
10890,44,71,38.67,7,3,1,44.71,Two Year,Premium,0
10891,68,57,82.69,3,2,1,75.08,Monthly,Premium,0
10892,51,15,112.24,30,2,3,66.21,Yearly,Standard,0
10893,69,30,99.61,16,2,2,33.43,Yearly,Basic,0
10894,55,20,143.64,15,5,1,7.57,Monthly,Basic,1
10895,50,37,126.31,8,0,0,26.04,Monthly,Premium,0
10896,41,3,132.97,20,2,0,22.74,Monthly,Basic,0
10897,32,41,90.42,28,2,1,3.08,Yearly,Standard,1
10898,47,39,62.55,27,2,0,97.53,Monthly,Premium,0
10899,59,26,111.23,5,2,1,26.28,Two Year,Standard,1
10900,68,2,77.08,3,0,1,83.82,Monthly,Premium,0
10901,34,23,57.41,29,3,0,49.0,Yearly,Basic,0
10902,22,23,39.8,27,1,0,97.26,Monthly,Premium,0
10903,46,16,88.62,5,0,1,15.81,Monthly,Premium,1
10904,21,9,97.25,9,3,1,11.96,Monthly,Standard,0
10905,27,13,93.94,27,1,0,1.24,Yearly,Standard,0
10906,34,28,35.15,16,1,0,72.13,Monthly,Basic,0
10907,27,27,94.1,29,4,1,31.33,Monthly,Standard,1
10908,34,51,41.89,14,1,0,87.17,Two Year,Premium,0
10909,37,64,106.28,18,4,0,63.75,Monthly,Standard,0
10910,41,52,75.82,7,2,0,58.17,Monthly,Standard,0
10911,22,38,130.34,15,2,1,49.2,Yearly,Premium,0
10912,51,65,121.17,26,1,4,26.56,Monthly,Basic,0
10913,23,18,114.17,8,2,0,7.4,Monthly,Basic,0
10914,19,63,111.1,3,0,0,44.91,Yearly,Standard,0
10915,30,51,92.86,11,1,0,10.81,Two Year,Premium,1
10916,60,9,27.94,20,7,0,90.67,Monthly,Basic,1
10917,60,13,105.21,29,4,1,83.1,Monthly,Standard,0
10918,65,40,80.7,27,2,1,62.36,Two Year,Basic,0
10919,28,55,81.04,26,0,1,45.79,Yearly,Basic,0
10920,68,43,69.27,18,4,2,45.97,Monthly,Standard,0
10921,64,44,140.78,15,2,0,46.99,Monthly,Premium,0
10922,40,68,52.43,10,2,0,74.8,Yearly,Premium,0
10923,33,33,61.16,29,1,1,13.49,Monthly,Basic,0
10924,48,24,145.2,25,3,1,53.6,Yearly,Standard,0
10925,28,36,125.32,3,3,1,81.45,Yearly,Premium,0
10926,33,10,21.83,15,1,1,51.5,Yearly,Basic,0
10927,25,20,137.79,25,2,0,2.36,Monthly,Premium,1
10928,21,12,49.46,29,1,0,25.22,Monthly,Standard,0
10929,57,62,111.77,23,0,0,67.19,Two Year,Basic,0
10930,21,18,91.9,6,4,2,93.49,Monthly,Basic,1
10931,42,63,89.79,11,1,0,89.48,Monthly,Basic,0
10932,20,25,113.33,28,4,0,82.45,Two Year,Premium,0
10933,49,12,46.93,11,3,0,95.07,Monthly,Premium,0
10934,20,21,40.67,19,1,0,28.71,Two Year,Premium,0
10935,44,25,104.75,27,3,0,2.23,Two Year,Premium,1
10936,46,11,57.78,23,1,0,36.08,Monthly,Standard,0
10937,49,64,146.61,27,0,1,58.12,Yearly,Basic,0
10938,67,50,78.7,30,2,1,32.33,Monthly,Basic,0
10939,68,62,34.51,3,0,0,5.38,Yearly,Standard,1
10940,36,49,109.16,13,3,0,51.21,Yearly,Standard,0
10941,38,14,59.8,27,2,0,20.77,Monthly,Basic,0
10942,22,1,39.32,22,2,0,73.03,Monthly,Premium,0
10943,35,25,74.97,8,2,0,9.83,Two Year,Premium,0
10944,45,59,145.35,21,4,0,95.85,Two Year,Basic,0
10945,59,69,73.49,11,0,0,87.79,Two Year,Basic,0
10946,39,5,65.15,11,0,0,87.51,Yearly,Standard,0
10947,38,19,77.79,13,2,0,79.2,Monthly,Standard,1
10948,23,23,21.58,3,3,1,63.73,Monthly,Basic,0
10949,18,9,37.3,6,3,0,6.29,Yearly,Standard,1
10950,22,50,130.46,24,1,0,66.58,Monthly,Premium,0
10951,58,16,147.14,10,1,0,74.95,Two Year,Basic,0
10952,29,33,40.53,19,0,0,13.95,Two Year,Premium,0
10953,43,2,89.62,12,2,0,61.96,Yearly,Standard,0
10954,63,14,145.62,29,2,0,48.41,Monthly,Standard,0
10955,51,1,40.36,14,4,1,47.77,Yearly,Standard,0
10956,66,58,44.22,11,3,0,20.75,Monthly,Basic,1
10957,31,16,140.49,27,0,0,74.2,Monthly,Premium,0
10958,43,47,111.74,21,2,1,92.59,Yearly,Basic,0
10959,62,44,39.76,25,2,0,78.99,Yearly,Premium,0
10960,44,14,71.15,30,1,0,37.53,Monthly,Standard,0
10961,26,24,27.32,30,5,0,98.43,Two Year,Premium,0
10962,43,55,76.25,26,0,1,37.05,Monthly,Basic,1
10963,64,15,121.13,10,0,1,24.21,Yearly,Basic,0
10964,39,34,92.02,3,3,2,96.84,Two Year,Premium,0
10965,64,2,104.17,13,2,0,79.19,Yearly,Standard,0
10966,47,27,62.49,28,3,1,76.36,Monthly,Premium,0
10967,60,23,40.98,27,3,0,8.67,Monthly,Standard,1
10968,65,68,21.71,18,1,1,20.01,Monthly,Basic,0
10969,34,14,126.77,27,4,0,2.83,Monthly,Basic,1
10970,43,63,102.77,13,4,0,77.89,Monthly,Basic,0
10971,53,65,49.81,30,0,0,28.55,Yearly,Basic,0
10972,18,68,74.4,24,3,0,14.09,Two Year,Premium,0
10973,25,63,124.19,14,5,0,19.01,Monthly,Standard,0
10974,66,64,90.03,30,2,0,64.47,Yearly,Standard,0
10975,52,32,59.02,14,0,0,43.87,Yearly,Standard,1
10976,69,13,54.73,7,1,1,94.2,Yearly,Premium,0
10977,32,66,48.29,12,1,0,37.22,Monthly,Basic,0
10978,64,19,127.08,25,3,0,83.55,Monthly,Basic,1
10979,39,24,95.64,4,1,0,55.1,Yearly,Standard,1
10980,31,11,112.19,16,0,0,70.83,Monthly,Basic,1
10981,43,59,131.82,19,2,1,17.7,Monthly,Basic,1
10982,45,15,148.29,10,2,0,75.15,Two Year,Premium,1
10983,40,10,52.43,16,0,1,9.48,Two Year,Basic,1
10984,31,41,43.52,5,2,1,69.42,Monthly,Premium,0
10985,41,27,80.06,27,3,0,47.09,Yearly,Premium,0
10986,19,60,24.56,16,0,0,23.62,Yearly,Standard,0
10987,62,52,122.92,1,1,1,48.56,Monthly,Standard,0
10988,43,28,134.89,5,2,0,85.71,Monthly,Standard,1
10989,31,65,109.19,13,1,0,16.32,Yearly,Premium,1
10990,68,17,54.84,13,0,1,17.79,Monthly,Basic,1
10991,24,44,36.01,3,1,0,53.87,Monthly,Basic,0
10992,20,10,69.68,17,1,0,62.9,Two Year,Basic,0
10993,64,63,128.33,19,2,0,42.6,Monthly,Premium,0
10994,40,47,65.22,5,1,0,27.37,Yearly,Standard,1
10995,63,38,24.45,5,5,1,7.65,Two Year,Basic,0
10996,60,70,55.66,15,3,0,5.93,Two Year,Premium,0
10997,64,53,148.69,10,1,2,5.04,Yearly,Premium,0
10998,62,44,107.97,12,2,0,90.23,Yearly,Standard,1
10999,35,54,137.11,24,3,0,14.0,Two Year,Basic,1
11000,55,20,120.73,11,2,0,30.22,Monthly,Basic,1
11001,52,31,90.16,1,3,2,98.6,Yearly,Basic,1
11002,68,7,39.33,23,3,1,92.82,Monthly,Basic,1
11003,32,58,65.32,21,3,0,5.24,Yearly,Standard,0
11004,42,10,95.89,3,2,1,55.58,Yearly,Basic,0
11005,54,10,133.18,4,1,0,63.72,Monthly,Premium,1
11006,45,39,54.93,19,2,1,6.36,Two Year,Premium,1
11007,27,28,35.76,24,0,0,73.08,Monthly,Standard,0
11008,56,30,92.65,20,2,1,98.8,Monthly,Standard,1
11009,34,37,42.95,3,2,0,43.51,Two Year,Premium,0
11010,56,67,99.35,18,1,1,45.49,Monthly,Premium,0
11011,39,43,54.26,3,2,0,66.28,Yearly,Premium,1
11012,43,52,50.03,7,2,0,73.92,Monthly,Premium,0
11013,61,56,71.89,22,2,2,79.19,Monthly,Basic,0
11014,42,68,97.11,26,4,0,8.68,Yearly,Basic,0
11015,34,9,90.89,28,2,2,80.27,Monthly,Premium,0
11016,30,23,51.82,29,3,0,86.54,Yearly,Premium,0
11017,37,63,135.85,21,1,0,5.48,Two Year,Basic,0
11018,42,61,34.28,24,3,2,4.87,Two Year,Standard,0
11019,21,40,25.13,27,1,0,55.54,Two Year,Premium,0
11020,27,44,98.35,1,2,0,50.18,Monthly,Premium,0
11021,20,24,36.04,19,0,1,98.03,Yearly,Standard,0
11022,58,51,85.64,18,2,1,30.15,Yearly,Basic,0
11023,62,58,143.73,2,2,1,59.43,Two Year,Premium,0
11024,35,33,110.82,28,0,0,51.16,Monthly,Standard,1
11025,64,16,100.27,27,2,1,54.04,Yearly,Standard,0
11026,53,22,94.72,12,0,0,66.31,Monthly,Premium,0
11027,64,57,43.34,17,2,0,54.22,Monthly,Standard,0
11028,39,62,76.24,21,5,0,1.69,Monthly,Standard,0
11029,51,71,64.53,21,1,1,84.53,Yearly,Premium,0
11030,64,70,143.9,3,2,1,20.91,Monthly,Premium,0
11031,25,30,51.5,12,3,0,23.88,Monthly,Standard,0
11032,57,23,81.3,28,2,2,65.15,Monthly,Premium,0
11033,66,32,141.95,25,1,0,48.3,Monthly,Premium,1
11034,61,57,122.59,12,1,0,57.87,Monthly,Standard,0
11035,36,9,145.39,6,1,0,50.25,Two Year,Premium,0
11036,59,31,99.08,30,0,1,42.37,Yearly,Basic,0
11037,58,71,63.39,10,3,0,48.85,Monthly,Premium,0
11038,54,9,127.46,30,0,0,14.97,Monthly,Basic,0
11039,23,13,57.89,22,1,0,96.96,Two Year,Standard,0
11040,69,58,41.42,26,0,0,57.9,Two Year,Standard,0
11041,43,3,111.82,6,2,0,29.39,Yearly,Premium,0
11042,51,35,103.06,14,2,1,71.57,Monthly,Premium,0
11043,62,21,134.26,2,1,0,88.13,Yearly,Standard,0
11044,23,64,145.05,11,2,1,30.35,Yearly,Premium,0
11045,54,52,131.44,15,1,0,33.13,Yearly,Premium,0
11046,50,34,27.8,26,4,1,44.42,Yearly,Standard,0
11047,39,35,106.39,26,1,0,22.51,Monthly,Standard,1
11048,38,15,122.02,8,1,0,81.17,Two Year,Basic,0
11049,23,6,147.65,22,3,1,58.83,Two Year,Basic,0
11050,23,32,68.71,13,3,0,6.65,Monthly,Standard,0
11051,65,52,42.08,30,4,3,99.67,Two Year,Standard,0
11052,21,28,130.88,19,2,1,57.92,Yearly,Basic,0
11053,47,64,61.27,10,1,1,89.1,Two Year,Standard,1
11054,28,19,97.77,9,2,1,50.66,Two Year,Standard,1
11055,47,15,70.69,18,4,1,58.66,Monthly,Standard,0
11056,48,6,72.3,7,0,0,45.99,Monthly,Premium,0
11057,41,38,115.22,3,1,0,42.85,Monthly,Basic,1
11058,26,26,66.99,12,1,0,22.61,Monthly,Basic,0
11059,20,51,110.1,15,2,0,96.25,Monthly,Basic,0
11060,68,53,21.86,22,2,0,19.0,Monthly,Standard,0
11061,48,56,62.2,21,4,2,53.11,Monthly,Standard,0
11062,57,59,61.48,13,2,0,9.62,Monthly,Premium,0
11063,54,70,117.35,6,1,0,99.34,Monthly,Basic,0
11064,53,58,60.89,8,1,0,56.01,Monthly,Standard,0
11065,41,13,102.33,14,2,0,81.64,Monthly,Standard,0
11066,48,43,109.51,3,1,2,56.73,Two Year,Premium,0
11067,23,51,105.6,16,5,1,80.69,Two Year,Standard,0
11068,19,19,98.43,18,2,0,53.91,Monthly,Basic,0
11069,37,21,73.77,24,2,1,45.05,Yearly,Basic,0
11070,45,24,68.53,17,1,0,46.13,Two Year,Basic,0
11071,28,26,93.4,18,3,2,1.23,Yearly,Basic,0
11072,21,45,28.28,10,1,0,37.69,Yearly,Premium,0
11073,32,28,133.86,17,2,1,95.24,Two Year,Standard,0
11074,23,29,127.29,16,0,0,67.88,Monthly,Premium,0
11075,66,17,65.03,21,0,1,92.01,Monthly,Premium,0
11076,47,68,93.69,24,4,1,20.83,Yearly,Basic,0
11077,55,44,141.19,2,0,3,49.62,Yearly,Basic,0
11078,68,61,55.31,20,0,0,4.41,Monthly,Standard,0
11079,19,68,116.52,4,1,0,68.03,Two Year,Basic,1
11080,32,25,30.76,11,2,1,78.62,Two Year,Premium,0
11081,28,67,88.04,27,3,0,75.03,Monthly,Premium,0
11082,25,2,134.92,7,1,0,9.59,Yearly,Premium,1
11083,43,49,91.72,17,2,0,25.51,Two Year,Standard,0
11084,68,70,100.11,25,4,1,65.93,Monthly,Premium,1
11085,62,26,137.99,19,2,0,76.14,Monthly,Standard,0
11086,61,27,113.0,6,1,1,28.15,Two Year,Basic,1
11087,22,18,110.46,10,1,0,41.22,Monthly,Standard,1
11088,23,54,96.23,30,1,0,35.78,Monthly,Basic,0
11089,43,1,102.29,21,2,1,1.45,Monthly,Basic,1
11090,21,61,124.48,4,2,1,58.07,Two Year,Basic,0
11091,36,3,147.3,25,1,2,67.24,Monthly,Standard,0
11092,37,68,123.39,27,0,0,28.37,Monthly,Standard,0
11093,50,41,111.98,28,2,1,69.09,Yearly,Basic,0
11094,37,37,37.62,30,2,2,25.03,Monthly,Premium,0
11095,66,51,126.22,25,2,1,71.84,Monthly,Premium,0
11096,29,15,115.68,1,2,1,46.26,Monthly,Basic,1
11097,64,8,120.16,7,2,0,87.32,Yearly,Premium,0
11098,18,38,50.04,26,1,0,54.93,Monthly,Standard,0
11099,43,56,137.45,25,1,1,19.28,Monthly,Basic,0
11100,31,47,32.65,21,3,0,82.38,Two Year,Premium,1
11101,55,10,52.97,16,1,0,77.99,Monthly,Premium,0
11102,54,49,106.19,17,2,0,9.34,Two Year,Premium,0
11103,28,41,107.58,24,2,0,5.76,Yearly,Standard,0
11104,53,30,60.73,5,2,1,14.49,Two Year,Standard,1
11105,30,5,111.2,22,5,0,84.69,Monthly,Premium,0
11106,60,71,70.43,23,0,0,32.72,Monthly,Premium,0
11107,20,31,20.02,10,2,1,50.97,Yearly,Premium,0
11108,50,52,41.14,7,4,1,60.69,Monthly,Premium,0
11109,23,23,134.74,13,1,0,74.6,Yearly,Basic,0
11110,67,48,48.95,30,2,0,83.17,Monthly,Premium,0
11111,27,40,34.68,28,1,0,52.07,Monthly,Premium,0
11112,22,6,108.69,7,1,0,42.16,Two Year,Basic,0
11113,40,38,77.29,15,1,0,20.4,Yearly,Basic,0
11114,27,41,123.56,17,0,0,61.14,Yearly,Premium,0
11115,61,27,131.99,23,0,1,55.44,Monthly,Premium,0
11116,19,69,129.98,27,2,0,29.82,Yearly,Basic,0
11117,30,57,60.69,3,0,0,45.17,Monthly,Standard,0
11118,57,17,85.72,5,2,1,74.23,Two Year,Standard,1
11119,19,71,104.52,10,1,1,63.08,Monthly,Standard,1
11120,37,47,61.86,5,0,0,48.69,Two Year,Basic,1
11121,18,13,25.34,24,6,0,27.96,Two Year,Premium,0
11122,54,11,84.44,7,0,1,67.13,Monthly,Standard,1
11123,26,24,21.67,7,2,1,63.14,Monthly,Standard,1
11124,34,4,143.58,22,2,0,46.37,Two Year,Premium,0
11125,26,46,123.57,23,2,1,24.61,Yearly,Basic,0
11126,28,18,44.96,14,1,1,18.31,Monthly,Standard,0
11127,32,43,57.38,23,2,0,34.6,Two Year,Standard,1
11128,41,33,147.77,15,1,0,90.96,Two Year,Premium,0
11129,55,10,68.56,5,2,2,75.63,Monthly,Premium,0
11130,52,59,121.88,5,2,0,89.22,Two Year,Basic,0
11131,47,31,78.09,4,3,0,84.42,Yearly,Premium,1
11132,48,28,132.33,30,1,1,46.43,Monthly,Basic,1
11133,66,60,111.49,20,2,0,53.51,Monthly,Basic,0
11134,22,3,22.98,21,1,0,17.79,Two Year,Premium,1
11135,61,55,58.27,26,2,1,72.37,Monthly,Standard,0
11136,67,14,92.54,9,3,0,42.77,Monthly,Standard,0
11137,31,58,140.4,30,3,0,16.97,Yearly,Standard,0
11138,28,15,33.26,27,0,0,10.44,Monthly,Premium,0
11139,26,2,98.15,12,5,2,69.92,Yearly,Basic,0
11140,51,24,59.28,16,4,0,48.74,Monthly,Basic,1
11141,29,64,135.61,22,0,1,1.89,Monthly,Premium,1
11142,52,71,119.47,8,2,1,82.63,Yearly,Premium,0
11143,52,24,68.06,9,3,0,62.33,Yearly,Premium,0
11144,18,27,41.72,12,1,0,4.8,Yearly,Premium,1
11145,57,37,21.49,30,5,0,31.16,Yearly,Standard,0
11146,39,39,100.75,20,3,0,72.52,Monthly,Standard,0
11147,46,63,72.8,28,1,1,6.84,Monthly,Standard,0
11148,25,26,60.92,29,1,1,73.89,Monthly,Standard,0
11149,28,65,148.12,7,2,2,50.98,Monthly,Basic,0
11150,58,4,80.6,21,4,0,78.5,Two Year,Standard,0
11151,54,29,117.48,4,2,0,85.67,Yearly,Premium,0
11152,31,1,43.06,28,1,0,77.01,Monthly,Premium,1
11153,47,50,21.75,23,2,0,8.73,Monthly,Premium,0
11154,52,11,74.28,3,3,1,46.58,Two Year,Standard,1
11155,38,59,106.54,1,1,2,32.55,Two Year,Standard,0
11156,54,62,85.86,7,2,1,51.34,Yearly,Premium,0
11157,22,36,135.76,9,5,1,96.61,Yearly,Premium,0
11158,36,56,76.42,2,0,2,13.32,Two Year,Standard,0
11159,31,21,60.43,7,2,1,86.69,Yearly,Basic,0
11160,43,13,139.09,10,0,0,99.09,Yearly,Premium,1
11161,21,9,72.88,2,0,1,99.01,Two Year,Standard,0
11162,42,11,55.05,13,0,1,79.87,Monthly,Premium,0
11163,62,70,32.7,29,2,0,47.09,Yearly,Standard,0
11164,59,1,123.13,3,1,0,18.62,Monthly,Standard,1
11165,42,70,127.26,13,3,0,61.21,Monthly,Basic,0
11166,35,56,24.33,10,2,0,61.43,Two Year,Basic,0
11167,57,31,66.62,30,2,1,32.33,Yearly,Basic,0
11168,25,37,117.48,12,2,1,62.07,Monthly,Basic,0
11169,56,47,143.03,26,5,0,12.54,Yearly,Premium,0
11170,57,47,69.12,3,4,0,63.77,Two Year,Basic,1
11171,31,69,133.37,28,4,0,89.78,Two Year,Basic,0
11172,49,58,71.18,29,1,0,47.73,Yearly,Premium,0
11173,68,36,43.33,20,0,0,76.69,Yearly,Basic,0
11174,55,32,20.45,6,2,0,63.93,Yearly,Basic,1
11175,50,64,62.92,3,7,1,1.3,Yearly,Premium,0
11176,40,71,69.2,29,1,0,13.08,Two Year,Standard,0
11177,32,42,142.87,25,1,0,77.71,Monthly,Premium,0
11178,50,48,46.79,2,2,0,5.0,Yearly,Standard,1
11179,42,30,69.69,23,1,0,95.67,Monthly,Standard,0
11180,34,21,23.27,22,1,0,89.51,Yearly,Premium,0
11181,50,60,119.26,14,0,0,36.88,Monthly,Premium,0
11182,64,13,138.97,15,1,0,31.73,Two Year,Basic,1
11183,19,1,50.92,18,0,0,61.68,Yearly,Basic,0
11184,31,65,75.77,27,2,0,61.57,Two Year,Premium,0
11185,57,33,35.87,19,6,0,9.81,Two Year,Basic,1
11186,57,38,79.39,22,1,1,22.32,Two Year,Basic,0
11187,68,25,37.33,10,7,0,64.01,Monthly,Premium,0
11188,56,26,88.04,20,1,0,80.28,Monthly,Standard,0
11189,68,59,115.5,17,2,1,20.01,Monthly,Standard,0
11190,23,33,91.93,17,1,1,70.49,Yearly,Standard,0
11191,23,41,51.88,19,4,0,87.18,Monthly,Premium,0
11192,20,30,65.99,24,3,1,12.66,Two Year,Standard,1
11193,24,57,103.01,27,2,0,44.47,Monthly,Standard,0
11194,68,49,96.67,4,1,0,85.2,Yearly,Premium,0
11195,25,48,37.78,11,3,1,37.69,Two Year,Standard,0
11196,59,49,129.84,17,3,0,27.68,Two Year,Standard,0
11197,69,47,81.77,24,2,0,74.82,Monthly,Basic,0
11198,32,56,41.11,10,2,0,40.68,Monthly,Standard,0
11199,64,65,35.97,22,3,0,70.92,Yearly,Basic,0
11200,46,12,145.52,17,4,1,13.51,Yearly,Standard,1
11201,50,69,56.6,12,3,1,55.8,Yearly,Standard,0
11202,69,6,138.12,10,3,3,38.57,Monthly,Basic,0
11203,47,65,73.38,10,4,0,99.73,Monthly,Standard,0
11204,56,25,70.17,6,3,0,59.55,Monthly,Basic,1
11205,44,1,111.12,17,2,0,68.53,Monthly,Basic,1
11206,53,32,21.28,26,2,0,13.97,Monthly,Premium,0
11207,46,3,63.95,26,3,1,99.2,Two Year,Standard,0
11208,55,49,59.34,19,2,0,6.09,Monthly,Premium,0
11209,50,19,132.85,2,1,2,8.01,Yearly,Basic,1
11210,54,60,88.79,4,2,0,8.5,Two Year,Standard,0
11211,44,29,67.39,18,1,1,87.19,Monthly,Standard,0
11212,50,50,54.59,27,0,1,73.13,Monthly,Basic,0
11213,21,2,96.77,29,1,0,97.33,Monthly,Basic,0
11214,39,56,39.72,21,1,0,7.59,Monthly,Standard,0
11215,19,17,52.01,4,2,1,69.48,Yearly,Standard,1
11216,27,60,58.17,6,5,1,53.79,Monthly,Premium,0
11217,22,36,99.03,14,1,0,64.27,Yearly,Standard,0
11218,27,61,68.52,7,2,0,51.78,Monthly,Basic,0
11219,50,17,85.75,12,1,0,67.86,Two Year,Premium,0
11220,55,49,104.56,2,4,1,90.8,Monthly,Premium,0
11221,30,60,144.32,18,0,1,59.16,Monthly,Basic,0
11222,48,20,119.43,24,1,0,89.75,Monthly,Standard,0
11223,64,50,72.68,13,3,2,78.43,Monthly,Standard,1
11224,53,3,117.28,13,1,0,86.63,Monthly,Premium,0
11225,62,43,143.46,25,1,0,66.27,Monthly,Basic,0
11226,41,57,84.92,5,2,0,52.34,Two Year,Premium,1
11227,69,50,73.36,7,0,0,7.89,Monthly,Premium,0
11228,32,68,30.14,29,1,0,83.66,Monthly,Standard,0
11229,46,50,136.01,12,3,0,24.96,Yearly,Standard,0
11230,25,37,52.04,25,3,0,4.63,Monthly,Basic,1
11231,22,46,28.31,14,3,0,52.39,Monthly,Premium,0
11232,46,42,89.84,1,1,0,63.62,Two Year,Basic,0
11233,64,15,129.97,24,3,0,66.52,Monthly,Basic,0
11234,21,33,72.86,10,0,1,67.3,Yearly,Standard,0
11235,29,11,121.8,26,3,1,65.72,Two Year,Premium,1
11236,62,20,128.73,25,3,0,81.01,Monthly,Premium,0
11237,19,24,79.07,9,1,0,77.17,Monthly,Basic,0
11238,44,64,96.82,10,1,1,81.47,Monthly,Basic,0
11239,48,65,89.41,7,4,0,46.57,Monthly,Basic,0
11240,68,17,142.1,16,0,0,7.22,Two Year,Premium,0
11241,68,61,114.32,28,4,0,64.32,Monthly,Standard,0
11242,53,15,140.29,28,1,1,21.81,Yearly,Basic,0
11243,53,51,48.6,12,3,0,86.09,Two Year,Basic,0
11244,43,27,60.33,12,1,0,72.44,Yearly,Premium,0
11245,60,61,29.22,26,2,0,76.82,Yearly,Standard,0
11246,44,58,84.99,19,1,1,29.36,Two Year,Standard,1
11247,22,31,133.61,29,1,0,63.67,Yearly,Standard,0
11248,37,12,62.49,13,2,0,53.28,Two Year,Basic,0
11249,28,46,36.68,21,2,1,27.58,Monthly,Premium,1
11250,27,31,28.9,29,1,1,81.41,Yearly,Premium,0
11251,57,32,78.18,18,1,0,55.45,Monthly,Standard,0
11252,55,32,41.32,27,4,1,19.89,Two Year,Premium,0
11253,23,53,64.99,26,1,0,31.22,Yearly,Standard,0
11254,25,61,126.6,3,2,0,23.48,Yearly,Basic,0
11255,40,46,69.93,26,2,0,31.93,Monthly,Premium,0
11256,64,7,99.28,7,0,0,19.63,Monthly,Standard,1
11257,43,4,85.28,1,2,1,37.74,Monthly,Premium,1
11258,63,52,113.41,3,0,0,69.7,Monthly,Basic,0
11259,60,31,40.3,21,1,0,95.97,Monthly,Basic,0
11260,29,36,139.66,27,2,0,21.84,Yearly,Premium,0
11261,43,54,103.67,14,3,0,30.68,Yearly,Premium,0
11262,30,54,55.22,4,0,0,1.21,Yearly,Basic,1
11263,57,17,36.02,19,1,1,23.31,Yearly,Basic,1
11264,35,30,39.46,22,2,2,42.43,Two Year,Premium,1
11265,42,22,121.75,28,0,0,46.71,Monthly,Standard,0
11266,50,43,96.45,6,3,1,27.37,Yearly,Standard,0
11267,64,27,69.5,20,1,1,15.88,Monthly,Standard,1
11268,57,37,63.28,9,3,1,56.74,Yearly,Basic,0
11269,60,46,131.25,11,4,2,41.51,Yearly,Basic,1
11270,29,35,133.72,22,3,1,43.2,Yearly,Basic,0
11271,61,4,95.56,15,1,0,89.6,Yearly,Standard,0
11272,53,26,88.19,9,3,0,56.58,Monthly,Standard,0
11273,65,19,126.14,29,1,0,39.45,Monthly,Standard,0
11274,21,45,117.41,11,1,1,26.13,Yearly,Basic,0
11275,22,26,72.04,26,1,1,43.43,Yearly,Basic,0
11276,54,22,30.76,10,3,3,86.32,Monthly,Standard,1
11277,25,58,119.91,2,0,0,96.54,Monthly,Premium,0
11278,59,63,41.93,22,2,2,38.35,Yearly,Basic,0
11279,66,28,22.13,14,0,2,21.69,Two Year,Basic,0
11280,45,65,129.63,4,3,2,91.54,Yearly,Premium,1
11281,48,44,95.17,2,5,2,15.3,Monthly,Basic,0
11282,26,43,135.92,5,2,1,30.44,Monthly,Basic,1
11283,68,37,83.0,14,1,1,21.21,Yearly,Premium,0
11284,46,66,140.44,15,3,0,57.02,Yearly,Premium,0
11285,31,17,66.02,19,2,0,41.46,Monthly,Basic,0
11286,57,40,114.19,6,2,1,29.43,Monthly,Basic,1
11287,58,38,59.13,27,2,2,77.02,Yearly,Premium,0
11288,39,61,20.15,15,3,1,66.75,Monthly,Premium,0
11289,28,9,69.37,14,4,1,99.56,Monthly,Premium,0
11290,40,61,115.91,8,1,1,31.89,Two Year,Standard,0
11291,18,16,39.5,20,1,0,84.68,Two Year,Premium,0
11292,63,2,85.62,12,3,0,30.95,Yearly,Premium,0
11293,54,43,47.6,4,0,0,1.89,Monthly,Standard,0
11294,38,42,29.7,21,3,0,15.94,Monthly,Standard,0
11295,43,57,100.27,6,1,0,51.34,Monthly,Premium,0
11296,63,67,143.76,11,0,3,81.19,Monthly,Basic,0
11297,53,30,60.39,23,1,0,6.68,Monthly,Standard,0
11298,40,13,95.48,22,0,0,83.37,Monthly,Premium,0
11299,18,19,143.97,7,0,0,71.89,Yearly,Basic,1
11300,68,7,104.56,25,2,1,4.42,Yearly,Basic,0
11301,57,9,107.5,4,2,0,11.52,Monthly,Premium,1
11302,32,54,43.26,26,1,1,8.49,Monthly,Premium,0
11303,38,61,84.04,15,0,0,68.22,Yearly,Standard,0
11304,64,2,67.72,1,4,0,56.54,Monthly,Basic,1
11305,26,50,81.22,9,1,0,36.53,Monthly,Basic,0
11306,26,31,124.11,23,3,1,9.74,Monthly,Basic,0
11307,27,33,79.89,20,1,0,39.91,Yearly,Premium,0
11308,69,11,28.17,26,0,0,68.54,Yearly,Premium,0
11309,43,33,137.72,8,0,0,10.25,Yearly,Premium,0
11310,58,7,90.83,12,1,0,85.8,Monthly,Basic,0
11311,52,31,140.18,7,2,0,7.23,Yearly,Standard,0
11312,69,48,94.41,28,1,0,61.21,Monthly,Basic,1
11313,42,47,29.05,18,2,0,19.73,Monthly,Premium,0
11314,43,53,91.87,1,2,0,10.07,Yearly,Basic,0
11315,28,19,94.85,9,2,0,36.14,Yearly,Premium,0
11316,55,6,47.86,7,1,0,67.03,Monthly,Basic,0
11317,19,49,81.23,14,3,0,12.98,Monthly,Basic,0
11318,24,50,79.73,26,1,0,48.09,Monthly,Premium,0
11319,35,12,100.97,1,2,1,41.2,Yearly,Standard,1
11320,44,23,53.75,13,0,0,43.32,Yearly,Basic,0
11321,51,54,95.63,20,5,1,94.4,Monthly,Basic,0
11322,44,69,51.32,15,3,1,35.55,Yearly,Premium,0
11323,34,59,78.04,5,6,1,99.17,Yearly,Premium,0
11324,60,36,35.95,5,1,0,54.3,Monthly,Premium,1
11325,61,3,24.85,14,1,0,84.41,Monthly,Basic,0
11326,68,58,61.68,14,1,2,35.54,Two Year,Standard,0
11327,41,55,55.69,14,0,1,9.39,Yearly,Premium,0
11328,42,57,72.9,5,4,0,9.36,Monthly,Premium,0
11329,24,17,145.06,11,0,0,57.84,Yearly,Premium,0
11330,69,39,87.89,19,2,0,93.06,Two Year,Basic,0
11331,23,68,91.91,5,4,1,8.05,Monthly,Basic,0
11332,41,55,142.41,4,3,2,69.22,Yearly,Standard,0
11333,50,45,139.75,15,2,3,56.76,Monthly,Standard,1
11334,66,1,134.93,21,1,1,65.57,Monthly,Standard,0
11335,46,21,32.74,7,2,0,22.34,Yearly,Standard,0
11336,60,21,102.46,5,2,0,7.98,Monthly,Basic,1
11337,39,52,125.05,30,1,1,8.4,Two Year,Basic,1
11338,43,43,128.62,15,2,0,25.43,Yearly,Standard,1
11339,45,52,95.13,30,2,1,22.15,Monthly,Premium,0
11340,67,67,22.27,14,0,0,13.51,Yearly,Standard,0
11341,38,44,146.58,24,0,0,27.2,Yearly,Basic,0
11342,66,32,81.39,24,5,0,53.86,Monthly,Standard,0
11343,24,10,71.17,3,1,0,95.0,Monthly,Standard,0
11344,34,64,71.34,5,7,0,92.3,Monthly,Premium,0
11345,37,69,75.14,12,1,0,27.9,Monthly,Standard,0
11346,58,68,51.48,20,4,1,7.55,Yearly,Basic,0
11347,66,28,62.55,14,2,0,99.57,Monthly,Premium,0
11348,37,53,148.1,30,0,0,48.16,Monthly,Basic,1
11349,39,51,67.86,5,4,1,97.85,Monthly,Premium,1
11350,45,53,88.47,24,2,0,54.23,Monthly,Standard,0
11351,57,4,130.28,4,2,0,88.75,Yearly,Premium,0
11352,66,17,88.57,21,1,2,45.27,Monthly,Standard,0
11353,24,67,62.18,16,0,1,62.58,Monthly,Premium,1
11354,18,47,88.09,7,1,0,54.04,Monthly,Standard,0
11355,49,56,34.83,3,3,0,22.77,Yearly,Premium,0
11356,30,23,36.9,29,2,2,76.62,Yearly,Standard,0
11357,47,18,110.23,22,4,0,6.43,Two Year,Basic,0
11358,40,1,139.27,25,0,1,36.88,Yearly,Premium,1
11359,68,35,114.34,27,0,0,87.12,Two Year,Premium,0
11360,36,64,29.7,4,3,1,50.77,Yearly,Basic,0
11361,49,58,72.38,20,1,1,8.69,Yearly,Basic,0
11362,47,59,20.33,22,4,0,21.55,Two Year,Premium,1
11363,46,1,86.46,6,3,2,11.85,Monthly,Basic,0
11364,66,3,45.12,3,3,0,28.49,Two Year,Basic,1
11365,62,67,132.86,30,1,0,17.37,Monthly,Basic,0
11366,46,37,33.56,1,5,0,71.48,Yearly,Basic,0
11367,47,29,20.19,3,1,1,66.28,Yearly,Basic,0
11368,33,33,78.65,24,1,1,14.37,Monthly,Standard,0
11369,57,61,40.21,8,2,1,45.05,Two Year,Basic,1
11370,36,4,115.94,16,0,0,30.29,Two Year,Basic,0
11371,35,14,139.59,22,1,1,34.38,Yearly,Standard,0
11372,18,33,25.45,7,1,0,58.02,Monthly,Basic,1
11373,31,22,71.43,18,0,1,89.97,Yearly,Basic,1
11374,68,48,149.59,9,5,0,89.84,Monthly,Premium,0
11375,64,3,115.25,3,4,1,41.89,Two Year,Premium,1
11376,67,23,143.91,18,0,1,39.93,Monthly,Premium,0
11377,19,68,41.33,16,1,3,52.28,Yearly,Standard,0
11378,45,21,48.78,21,2,1,47.94,Yearly,Premium,0
11379,66,43,40.13,1,3,0,7.12,Monthly,Basic,1
11380,67,26,59.31,21,3,1,58.3,Yearly,Premium,0
11381,47,41,114.17,26,4,2,58.89,Monthly,Basic,0
11382,55,38,41.44,20,4,1,45.58,Monthly,Basic,0
11383,68,11,88.15,16,2,0,41.98,Two Year,Basic,0
11384,21,29,55.0,12,1,0,93.96,Monthly,Standard,0
11385,18,60,127.8,6,5,1,60.48,Monthly,Standard,1
11386,25,67,20.86,28,1,0,81.81,Monthly,Basic,0
11387,46,65,49.0,21,6,2,95.43,Monthly,Basic,0
11388,56,61,98.68,9,3,0,81.2,Yearly,Standard,0
11389,20,19,32.57,21,1,2,94.35,Monthly,Premium,0
11390,49,46,80.62,13,1,1,76.17,Monthly,Premium,0
11391,27,49,76.71,24,2,0,17.84,Two Year,Premium,0
11392,27,22,130.83,12,4,1,23.47,Yearly,Premium,0
11393,36,57,101.3,13,1,0,20.2,Monthly,Basic,0
11394,63,14,103.16,18,1,0,32.89,Two Year,Premium,0
11395,51,44,143.73,19,4,0,36.14,Two Year,Basic,0
11396,50,16,147.71,19,0,1,81.31,Monthly,Basic,0
11397,40,12,104.94,19,1,0,36.72,Two Year,Standard,0
11398,45,55,87.86,6,3,1,72.99,Yearly,Premium,0
11399,49,51,99.03,16,2,1,90.48,Two Year,Premium,0
11400,67,39,69.72,7,0,0,12.34,Two Year,Standard,0
11401,24,33,148.37,7,1,1,1.03,Yearly,Standard,0
11402,46,33,111.65,28,2,2,88.98,Monthly,Basic,0
11403,25,29,57.83,23,1,0,24.59,Two Year,Premium,1
11404,18,69,27.51,28,0,1,16.19,Yearly,Basic,0
11405,20,70,25.81,19,1,0,30.23,Monthly,Premium,0
11406,41,31,46.64,16,3,2,19.42,Monthly,Premium,0
11407,40,31,50.28,17,0,0,79.57,Monthly,Basic,0
11408,25,46,73.96,22,3,0,63.82,Two Year,Standard,0
11409,64,52,47.93,19,3,2,17.56,Two Year,Premium,1
11410,54,10,102.02,16,2,0,58.77,Monthly,Premium,0
11411,20,41,47.46,29,1,2,21.6,Monthly,Standard,1
11412,68,3,44.42,16,4,1,20.56,Monthly,Standard,1
11413,50,59,81.26,19,1,2,59.95,Yearly,Basic,0
11414,45,52,135.53,15,3,2,66.8,Two Year,Basic,0
11415,64,34,80.88,3,1,0,35.27,Yearly,Standard,1
11416,25,49,73.8,15,3,1,76.58,Yearly,Basic,0
11417,51,28,95.15,25,2,0,83.88,Monthly,Basic,0
11418,52,13,53.44,28,2,0,91.72,Monthly,Basic,0
11419,49,69,65.95,16,3,0,62.98,Monthly,Premium,0
11420,41,67,47.8,20,0,2,22.78,Monthly,Premium,0
11421,31,61,94.34,5,2,0,75.1,Monthly,Standard,0
11422,49,60,110.66,19,3,0,11.68,Monthly,Basic,0
11423,63,71,107.58,10,2,0,18.94,Two Year,Premium,0
11424,60,24,53.13,13,4,0,83.45,Two Year,Premium,0
11425,33,63,121.35,15,5,3,91.17,Yearly,Basic,0
11426,21,61,53.27,12,3,1,7.6,Yearly,Basic,0
11427,69,23,39.54,17,0,2,31.9,Two Year,Basic,0
11428,54,30,65.48,15,0,1,63.29,Two Year,Premium,0
11429,38,60,97.71,28,1,1,93.93,Monthly,Standard,0
11430,31,18,38.46,4,3,1,57.5,Monthly,Premium,0
11431,48,56,104.25,15,1,2,82.28,Yearly,Standard,0
11432,65,53,132.2,17,1,1,92.35,Yearly,Premium,0
11433,35,7,58.11,27,3,0,52.39,Two Year,Premium,0
11434,24,69,78.53,11,3,0,74.3,Monthly,Basic,1
11435,27,52,49.68,23,0,0,66.58,Monthly,Basic,0
11436,24,4,66.96,23,2,1,67.46,Yearly,Standard,0
11437,50,34,22.86,15,2,0,52.19,Monthly,Premium,0
11438,40,69,143.99,20,3,0,62.7,Monthly,Premium,0
11439,38,33,74.07,21,1,0,55.88,Monthly,Standard,0
11440,36,69,122.55,26,1,0,64.14,Monthly,Standard,0
11441,65,38,38.54,7,1,0,51.01,Monthly,Premium,0
11442,36,26,125.61,13,1,0,23.03,Yearly,Standard,0
11443,53,1,131.82,22,4,0,69.67,Yearly,Basic,0
11444,46,4,113.01,13,2,1,39.02,Yearly,Standard,0
11445,35,39,137.42,20,2,1,13.65,Monthly,Premium,0
11446,19,54,41.74,20,4,1,85.28,Monthly,Basic,0
11447,18,33,81.94,2,2,0,18.95,Monthly,Basic,0
11448,64,33,100.61,10,1,1,54.53,Two Year,Premium,0
11449,22,20,97.51,18,1,0,72.39,Monthly,Basic,1
11450,37,16,131.94,28,8,0,65.12,Monthly,Basic,0
11451,28,21,48.04,20,0,0,16.93,Yearly,Basic,0
11452,59,45,42.83,5,3,0,20.22,Monthly,Basic,0
11453,19,62,52.94,20,4,1,15.74,Two Year,Standard,0
11454,20,31,135.9,30,4,2,8.18,Two Year,Standard,0
11455,40,42,142.33,19,2,0,29.04,Two Year,Basic,0
11456,29,12,94.05,27,2,3,52.89,Yearly,Premium,0
11457,37,65,85.18,2,2,1,18.12,Monthly,Premium,0
11458,22,3,98.7,4,4,2,97.12,Monthly,Standard,1
11459,54,9,100.12,30,2,0,70.18,Monthly,Premium,0
11460,55,51,42.14,16,1,0,58.76,Two Year,Standard,0
11461,47,16,109.23,27,2,1,68.46,Yearly,Standard,0
11462,26,3,78.81,21,2,1,44.16,Two Year,Basic,0
11463,51,24,87.26,16,2,1,47.52,Yearly,Standard,0
11464,61,13,23.94,17,0,0,88.98,Monthly,Standard,0
11465,52,2,119.39,15,1,0,72.47,Monthly,Premium,1
11466,69,71,128.61,13,7,0,59.23,Monthly,Premium,0
11467,39,21,100.52,1,1,0,95.07,Monthly,Standard,0
11468,61,19,117.33,22,3,2,66.6,Yearly,Standard,0
11469,41,47,87.95,5,1,1,40.47,Monthly,Basic,1
11470,34,22,100.39,27,3,1,5.7,Yearly,Standard,0
11471,27,33,71.29,20,5,0,39.68,Yearly,Premium,0
11472,47,32,122.94,1,1,1,92.56,Yearly,Standard,1
11473,63,64,80.88,12,1,0,5.42,Two Year,Basic,1
11474,40,39,108.43,30,3,0,19.27,Yearly,Standard,1
11475,49,42,100.79,23,3,2,81.07,Yearly,Premium,0
11476,34,9,111.3,15,3,0,37.13,Monthly,Standard,0
11477,67,25,122.08,4,1,1,19.4,Two Year,Basic,0
11478,68,2,86.65,19,2,1,81.75,Monthly,Premium,0
11479,34,19,125.7,30,4,1,56.29,Monthly,Standard,0
11480,31,20,84.64,16,3,0,55.3,Two Year,Standard,1
11481,26,70,144.36,23,4,0,30.08,Monthly,Basic,0
11482,57,17,117.85,18,4,1,67.84,Monthly,Premium,0
11483,19,68,42.25,26,2,1,86.32,Monthly,Standard,0
11484,62,3,127.85,17,1,0,75.27,Monthly,Basic,0
11485,42,51,91.71,11,2,0,61.63,Yearly,Premium,0
11486,56,26,147.98,20,2,2,35.7,Monthly,Standard,0
11487,26,56,113.45,13,1,1,85.63,Monthly,Standard,0
11488,39,64,30.97,24,2,1,57.04,Two Year,Basic,0
11489,60,8,71.34,29,9,1,89.07,Monthly,Standard,0
11490,63,37,87.25,22,2,0,26.16,Monthly,Premium,0
11491,21,27,129.07,9,3,1,65.78,Monthly,Premium,0
11492,43,45,114.81,17,2,1,93.58,Monthly,Basic,0
11493,46,4,68.02,17,1,0,38.03,Monthly,Standard,0
11494,62,37,104.95,27,1,1,95.18,Two Year,Premium,0
11495,51,71,95.0,5,1,0,39.85,Monthly,Basic,0
11496,40,33,36.39,22,2,0,44.33,Monthly,Basic,0
11497,54,31,50.53,8,2,0,80.84,Yearly,Basic,0
11498,28,55,64.35,3,1,0,26.82,Monthly,Standard,0
11499,23,12,45.41,6,4,0,70.88,Monthly,Basic,0
11500,35,11,39.52,3,0,0,30.54,Monthly,Standard,0
11501,38,32,27.57,8,1,1,59.78,Monthly,Basic,0
11502,59,57,133.5,12,4,0,77.82,Monthly,Premium,0
11503,53,38,57.56,27,2,0,3.59,Yearly,Standard,0
11504,58,60,57.74,27,2,1,9.76,Monthly,Premium,0
11505,55,19,46.81,4,2,1,93.5,Yearly,Basic,0
11506,51,56,81.8,2,4,1,81.77,Two Year,Standard,0
11507,34,14,86.85,28,3,0,87.82,Yearly,Premium,0
11508,54,33,47.08,25,4,0,44.46,Two Year,Standard,0
11509,42,10,99.11,10,3,0,71.92,Monthly,Basic,0
11510,55,64,113.99,15,1,0,99.83,Two Year,Standard,0
11511,29,64,68.6,13,1,2,43.82,Monthly,Standard,0
11512,40,62,96.11,24,4,1,84.83,Monthly,Standard,1
11513,59,68,85.3,15,1,1,8.85,Monthly,Standard,0
11514,39,43,45.42,22,0,0,54.84,Yearly,Basic,0
11515,38,59,114.9,19,0,0,33.99,Two Year,Standard,0
11516,44,52,124.19,18,4,1,52.79,Yearly,Basic,0
11517,48,19,104.34,13,1,0,12.29,Monthly,Standard,0
11518,23,21,62.11,20,1,1,37.4,Monthly,Premium,0
11519,44,22,140.48,20,2,0,8.58,Monthly,Standard,0
11520,57,9,79.2,1,3,0,45.86,Monthly,Basic,1
11521,51,9,54.56,25,3,1,44.74,Monthly,Premium,0
11522,29,27,73.07,16,2,1,33.64,Two Year,Premium,0
11523,62,17,109.97,26,3,0,94.88,Monthly,Premium,0
11524,24,44,129.97,8,0,2,9.21,Yearly,Basic,1
11525,27,45,66.35,23,1,0,82.66,Monthly,Basic,0
11526,62,8,50.24,6,2,1,36.14,Two Year,Premium,0
11527,34,18,101.44,3,2,0,20.73,Yearly,Basic,1
11528,43,33,139.76,20,2,1,27.98,Monthly,Premium,1
11529,38,1,43.83,16,3,0,90.29,Yearly,Standard,0
11530,45,6,124.39,2,4,1,82.66,Monthly,Premium,1
11531,63,41,81.96,23,1,0,2.56,Monthly,Basic,0
11532,19,55,123.94,2,2,0,15.59,Monthly,Premium,0
11533,60,5,85.72,30,1,0,67.83,Two Year,Premium,0
11534,18,59,69.05,15,5,0,32.42,Two Year,Standard,0
11535,68,18,110.58,10,1,0,91.99,Yearly,Basic,0
11536,53,49,137.08,1,2,2,78.86,Yearly,Premium,0
11537,68,65,61.63,22,0,1,87.63,Yearly,Basic,0
11538,43,54,79.9,20,2,0,20.09,Two Year,Basic,0
11539,46,61,49.82,15,0,1,15.92,Monthly,Basic,1
11540,38,8,43.84,24,3,0,93.26,Monthly,Standard,0
11541,28,3,121.13,1,3,0,41.02,Monthly,Basic,0
11542,57,25,46.09,25,1,1,42.16,Monthly,Basic,0
11543,28,69,123.13,22,4,0,68.77,Two Year,Basic,0
11544,53,55,75.8,16,3,0,40.35,Monthly,Standard,1
11545,66,40,149.36,30,1,0,87.64,Monthly,Basic,0
11546,56,50,45.65,18,1,0,95.95,Two Year,Basic,0
11547,57,33,32.09,24,2,0,33.92,Yearly,Standard,0
11548,52,18,29.81,5,3,0,21.6,Yearly,Standard,0
11549,51,57,128.6,21,4,0,8.46,Monthly,Premium,0
11550,64,16,76.91,5,4,1,22.22,Yearly,Basic,0
11551,41,38,20.41,23,6,0,14.81,Monthly,Premium,0
11552,39,41,133.72,23,3,0,3.88,Yearly,Standard,0
11553,22,7,134.0,10,1,0,5.62,Monthly,Basic,0
11554,50,53,124.83,27,1,0,51.43,Monthly,Premium,0
11555,53,63,52.28,23,3,2,71.07,Monthly,Standard,0
11556,64,32,68.46,12,2,3,98.34,Yearly,Basic,0
11557,37,38,116.84,10,3,0,16.41,Two Year,Standard,1
11558,36,22,83.62,2,1,0,70.12,Monthly,Premium,1
11559,52,16,40.0,24,3,1,55.85,Monthly,Standard,0
11560,69,52,51.56,1,1,0,48.33,Two Year,Premium,0
11561,60,29,146.44,16,1,1,72.46,Monthly,Standard,0
11562,34,16,39.63,29,4,0,24.63,Monthly,Basic,0
11563,62,17,114.39,30,2,0,31.82,Monthly,Premium,1
11564,60,64,82.14,18,0,0,39.08,Monthly,Standard,0
11565,51,13,117.32,27,0,0,19.06,Monthly,Basic,0
11566,26,56,105.94,7,3,0,48.38,Monthly,Standard,0
11567,43,5,77.09,4,0,3,14.05,Two Year,Basic,1
11568,19,12,66.01,27,1,0,32.5,Monthly,Premium,0
11569,26,41,118.07,10,1,3,12.2,Monthly,Basic,0
11570,26,3,62.01,10,4,1,4.55,Yearly,Standard,0
11571,57,33,122.41,25,4,0,36.17,Yearly,Standard,0
11572,34,50,108.38,11,4,0,62.14,Two Year,Standard,0
11573,18,56,95.1,25,1,1,16.04,Two Year,Premium,0
11574,42,9,67.94,30,2,0,99.35,Yearly,Standard,0
11575,60,50,46.66,3,2,0,28.16,Yearly,Basic,0
11576,57,29,112.35,29,0,1,3.25,Monthly,Standard,0
11577,59,39,31.88,14,2,3,3.78,Monthly,Standard,0
11578,42,45,146.17,13,3,0,66.99,Monthly,Basic,0
11579,56,17,147.24,19,1,0,67.32,Yearly,Standard,0
11580,52,56,36.93,25,3,0,90.37,Monthly,Standard,0
11581,20,46,33.51,29,0,0,9.99,Monthly,Basic,0
11582,67,67,73.65,10,1,0,38.26,Monthly,Premium,0
11583,54,69,145.28,15,2,0,89.04,Yearly,Premium,0
11584,61,14,72.04,28,1,0,79.97,Monthly,Basic,0
11585,61,67,67.29,8,3,0,24.11,Yearly,Premium,0
11586,68,23,111.47,17,1,0,89.11,Two Year,Basic,0
11587,47,61,43.24,6,5,0,68.4,Monthly,Basic,0
11588,55,23,67.23,7,1,1,27.17,Yearly,Premium,0
11589,51,27,57.87,14,0,0,5.44,Monthly,Premium,0
11590,29,54,98.2,27,0,0,50.25,Yearly,Standard,0
11591,36,10,41.16,30,3,0,71.59,Monthly,Standard,0
11592,54,16,91.33,8,0,0,27.6,Two Year,Basic,0
11593,61,41,131.48,12,5,2,17.7,Two Year,Standard,1
11594,66,55,86.84,28,0,2,8.45,Monthly,Standard,0
11595,34,61,108.85,18,0,0,84.36,Monthly,Standard,0
11596,27,49,29.78,14,1,0,6.42,Yearly,Standard,1
11597,66,52,78.37,1,2,1,61.33,Yearly,Standard,0
11598,64,2,32.34,4,4,0,76.56,Two Year,Standard,0
11599,29,50,97.93,17,1,1,78.27,Two Year,Basic,0
11600,33,43,56.54,18,3,0,65.72,Two Year,Premium,0
11601,41,8,57.34,19,3,0,65.63,Yearly,Basic,0
11602,36,59,29.98,4,1,1,47.94,Monthly,Premium,0
11603,25,65,60.33,28,0,0,42.25,Two Year,Basic,0
11604,48,12,85.87,28,1,0,14.6,Monthly,Premium,1
11605,38,4,96.01,6,3,0,54.0,Monthly,Standard,1
11606,34,41,28.67,8,0,1,8.03,Monthly,Premium,1
11607,40,7,104.69,25,0,0,47.35,Monthly,Basic,0
11608,54,69,83.55,15,1,0,73.36,Monthly,Basic,0
11609,33,69,89.8,20,3,1,44.84,Yearly,Basic,0
11610,23,30,128.26,1,2,0,51.32,Yearly,Standard,0
11611,25,6,64.49,30,1,2,84.38,Monthly,Basic,0
11612,42,19,42.63,5,0,0,65.01,Two Year,Standard,0
11613,35,66,91.74,16,0,1,13.63,Yearly,Standard,0
11614,42,10,142.85,21,2,0,54.75,Monthly,Standard,0
11615,29,16,87.32,25,2,1,37.09,Monthly,Basic,0
11616,32,37,128.15,6,1,0,21.48,Yearly,Premium,0
11617,43,32,118.41,21,1,0,65.15,Yearly,Standard,0
11618,58,47,87.38,10,0,1,39.26,Monthly,Basic,0
11619,62,43,104.18,10,2,1,76.96,Monthly,Premium,0
11620,43,36,72.87,5,1,0,59.06,Monthly,Premium,0
11621,64,26,88.98,8,0,0,11.32,Two Year,Basic,0
11622,49,10,85.95,27,1,0,35.68,Monthly,Basic,0
11623,27,31,112.18,1,3,0,27.71,Monthly,Standard,0
11624,33,29,73.3,5,3,0,15.85,Yearly,Basic,0
11625,24,5,32.97,1,4,1,80.22,Monthly,Basic,1
11626,34,1,122.53,7,0,0,38.47,Yearly,Standard,0
11627,40,3,109.03,30,1,0,61.71,Yearly,Basic,0
11628,43,67,143.52,15,2,0,88.32,Monthly,Standard,0
11629,38,71,75.73,23,3,0,54.76,Monthly,Premium,0
11630,39,35,30.17,29,4,0,26.55,Monthly,Standard,0
11631,24,15,35.81,26,3,0,79.28,Two Year,Premium,0
11632,31,67,120.53,24,2,0,44.14,Yearly,Premium,0
11633,32,30,28.81,14,6,0,56.82,Two Year,Premium,0
11634,24,43,138.02,23,2,0,90.31,Two Year,Standard,0
11635,26,60,56.61,27,3,0,49.44,Yearly,Premium,0
11636,68,40,136.85,9,1,2,34.13,Yearly,Standard,0
11637,65,65,120.56,8,1,0,73.01,Two Year,Standard,0
11638,25,29,133.26,8,3,2,14.22,Yearly,Standard,1
11639,67,19,47.83,3,1,1,91.46,Monthly,Standard,0
11640,40,3,97.44,26,2,0,91.64,Monthly,Basic,0
11641,46,36,32.17,20,2,1,58.36,Monthly,Standard,0
11642,35,43,46.3,4,2,0,16.28,Monthly,Premium,0
11643,48,15,60.29,17,5,0,45.76,Monthly,Basic,0
11644,47,41,116.31,6,1,2,42.91,Monthly,Basic,0
11645,69,36,23.21,2,0,1,30.53,Yearly,Basic,0
11646,56,33,137.41,9,2,1,18.33,Two Year,Standard,0
11647,52,5,29.2,14,2,0,27.11,Monthly,Basic,0
11648,35,14,68.94,1,1,0,56.0,Monthly,Premium,0
11649,59,68,30.54,17,6,1,68.88,Two Year,Basic,0
11650,56,47,119.97,11,3,0,97.98,Yearly,Basic,0
11651,34,54,38.37,29,2,2,22.36,Yearly,Basic,0
11652,31,4,135.02,26,3,0,21.2,Yearly,Premium,0
11653,48,9,88.93,27,1,0,12.59,Yearly,Standard,0
11654,41,53,143.3,6,2,1,93.96,Two Year,Standard,1
11655,52,60,57.75,29,3,0,38.8,Two Year,Standard,0
11656,61,46,79.06,1,3,0,92.47,Yearly,Premium,0
11657,62,54,110.25,28,3,0,89.05,Monthly,Basic,0
11658,51,37,128.15,19,0,1,5.35,Monthly,Premium,1
11659,20,23,74.78,16,2,1,28.7,Yearly,Standard,0
11660,54,27,136.02,26,3,1,30.95,Monthly,Premium,0
11661,60,70,35.34,18,1,0,28.46,Two Year,Standard,1
11662,57,66,112.13,29,2,1,43.11,Monthly,Premium,0
11663,43,61,65.27,11,1,1,50.43,Two Year,Premium,0
11664,40,51,33.17,9,2,0,76.06,Yearly,Basic,0
11665,61,50,70.27,21,2,1,27.5,Monthly,Basic,0
11666,56,19,134.43,6,3,1,30.58,Monthly,Premium,1
11667,32,1,147.47,2,1,1,60.26,Monthly,Premium,0
11668,66,40,71.06,8,1,0,18.75,Monthly,Basic,0
11669,21,32,135.23,22,0,1,47.85,Yearly,Basic,0
11670,46,22,86.26,16,2,0,25.85,Two Year,Premium,0
11671,39,66,113.21,27,2,0,20.6,Yearly,Premium,0
11672,42,40,25.9,28,0,2,79.77,Two Year,Basic,0
11673,30,38,92.45,8,0,1,71.01,Two Year,Standard,0
11674,35,48,29.12,8,0,2,25.73,Monthly,Basic,1
11675,50,55,54.92,14,3,0,42.1,Yearly,Standard,1
11676,33,55,93.69,1,5,1,16.27,Monthly,Standard,0
11677,62,51,124.93,7,2,0,6.26,Monthly,Premium,1
11678,59,60,92.92,2,4,0,58.94,Monthly,Standard,0
11679,61,8,141.7,15,2,0,36.99,Monthly,Premium,0
11680,19,68,125.34,27,1,0,21.52,Yearly,Basic,0
11681,52,9,40.31,24,1,0,12.35,Monthly,Premium,0
11682,59,2,70.56,28,2,0,68.32,Monthly,Premium,0
11683,51,70,106.9,18,1,1,27.87,Two Year,Standard,0
11684,47,59,141.99,4,1,2,90.83,Monthly,Premium,0
11685,30,19,148.4,18,2,0,20.09,Yearly,Premium,1
11686,30,28,119.21,29,3,0,25.13,Two Year,Standard,0
11687,35,14,94.59,23,2,4,85.32,Yearly,Basic,0
11688,49,24,118.36,5,2,0,57.67,Yearly,Basic,1
11689,49,44,55.52,29,1,1,11.73,Monthly,Basic,0
11690,52,56,56.87,27,2,0,55.4,Yearly,Premium,0
11691,56,51,105.07,16,0,0,31.5,Monthly,Basic,0
11692,63,32,133.34,13,2,0,73.96,Yearly,Basic,0
11693,69,50,146.08,27,6,0,8.7,Two Year,Standard,0
11694,46,41,64.37,9,0,0,91.87,Monthly,Basic,0
11695,66,66,123.55,5,1,0,48.34,Yearly,Premium,0
11696,46,25,130.7,27,2,1,73.69,Two Year,Premium,0
11697,61,61,101.01,8,2,2,70.76,Yearly,Basic,0
11698,33,66,65.19,18,1,0,18.65,Monthly,Standard,0
11699,61,42,100.48,3,6,0,88.13,Two Year,Basic,0
11700,64,65,95.98,6,0,1,24.04,Two Year,Standard,0
11701,27,36,98.85,11,1,0,19.87,Monthly,Basic,1
11702,47,9,100.5,23,1,0,52.54,Monthly,Premium,0
11703,42,36,130.12,14,3,0,98.47,Two Year,Premium,0
11704,56,38,42.11,26,1,1,32.03,Monthly,Basic,0
11705,37,33,67.75,24,4,0,96.48,Two Year,Basic,0
11706,22,42,96.18,19,1,0,44.07,Monthly,Standard,0
11707,18,61,56.83,7,2,0,83.63,Monthly,Premium,0
11708,47,46,147.16,24,1,0,53.47,Monthly,Premium,0
11709,66,61,54.21,10,0,0,21.32,Monthly,Basic,0
11710,20,18,81.05,15,3,0,88.12,Monthly,Standard,0
11711,62,70,134.06,6,1,0,8.12,Monthly,Premium,0
11712,31,15,30.41,20,3,1,68.59,Monthly,Basic,0
11713,47,48,126.69,29,2,2,83.25,Monthly,Basic,0
11714,67,13,94.23,6,3,0,83.37,Monthly,Standard,0
11715,21,43,24.13,16,2,1,65.87,Monthly,Basic,0
11716,35,60,137.38,9,2,2,25.85,Two Year,Premium,0
11717,54,57,25.1,19,0,1,53.64,Monthly,Premium,0
11718,42,71,86.98,18,2,0,63.32,Yearly,Premium,0
11719,65,17,26.37,5,4,0,89.08,Monthly,Standard,0
11720,18,50,29.26,16,2,0,16.81,Monthly,Standard,0
11721,63,32,135.34,7,1,0,47.03,Monthly,Basic,0
11722,32,22,119.56,19,3,1,33.98,Monthly,Premium,0
11723,26,55,45.6,5,3,0,43.34,Yearly,Standard,0
11724,32,57,100.66,20,2,0,19.12,Two Year,Standard,0
11725,66,13,123.31,11,2,1,22.53,Yearly,Premium,0
11726,41,47,135.65,23,2,0,77.22,Monthly,Standard,0
11727,21,62,80.88,18,3,0,48.36,Monthly,Basic,0
11728,29,54,136.67,28,2,1,51.9,Two Year,Basic,0
11729,54,29,86.02,27,1,0,89.85,Monthly,Standard,0
11730,54,22,109.47,29,1,0,24.76,Yearly,Basic,0
11731,60,65,147.27,7,2,1,33.6,Monthly,Basic,0
11732,23,29,50.67,28,3,0,31.55,Monthly,Standard,0
11733,56,48,41.91,18,1,1,66.26,Monthly,Standard,0
11734,63,5,64.46,3,2,1,56.68,Two Year,Premium,0
11735,41,35,41.37,5,3,0,47.68,Yearly,Basic,0
11736,28,71,56.94,23,0,0,67.13,Monthly,Basic,0
11737,30,46,116.59,13,4,1,48.91,Monthly,Standard,1
11738,51,35,82.08,16,1,2,81.78,Monthly,Premium,1
11739,42,45,68.76,22,1,1,41.61,Monthly,Basic,0
11740,24,13,67.93,12,1,2,89.17,Monthly,Basic,1
11741,69,10,45.29,7,2,1,12.84,Two Year,Standard,1
11742,21,66,78.16,27,0,1,10.3,Yearly,Premium,0
11743,25,70,101.2,22,0,0,65.91,Two Year,Basic,0
11744,37,25,38.09,13,2,2,39.58,Yearly,Basic,0
11745,46,44,146.47,28,2,0,46.12,Yearly,Basic,0
11746,68,60,77.63,1,2,1,69.91,Yearly,Basic,0
11747,62,47,143.23,15,2,1,22.24,Monthly,Premium,0
11748,63,40,37.51,21,2,0,5.35,Monthly,Standard,0
11749,27,7,119.74,12,1,1,44.45,Yearly,Basic,1
11750,60,46,100.29,17,2,1,89.58,Monthly,Premium,1
11751,51,23,126.61,23,3,1,45.62,Monthly,Basic,0
11752,43,46,98.09,20,2,0,57.62,Monthly,Standard,0
11753,58,13,145.17,5,5,1,21.63,Two Year,Standard,1
11754,66,21,101.5,17,2,1,46.94,Two Year,Standard,0
11755,20,1,122.0,24,1,1,48.58,Yearly,Basic,1
11756,23,19,134.09,15,4,0,24.28,Two Year,Standard,1
11757,22,60,112.9,20,4,0,17.22,Two Year,Premium,0
11758,22,33,88.15,19,2,0,35.68,Monthly,Premium,0
11759,64,4,55.47,1,1,0,4.85,Monthly,Basic,0
11760,40,3,131.08,4,3,0,17.48,Yearly,Standard,1
11761,66,52,82.48,3,3,0,73.4,Monthly,Basic,0
11762,26,28,100.69,8,0,0,65.26,Monthly,Basic,0
11763,52,70,30.3,9,3,2,31.97,Yearly,Basic,0
11764,37,70,84.66,12,1,0,55.57,Monthly,Basic,0
11765,66,55,110.76,5,3,2,83.11,Two Year,Premium,0
11766,59,57,95.93,9,1,0,84.08,Monthly,Basic,0
11767,52,16,78.31,1,3,2,65.78,Monthly,Basic,0
11768,67,24,49.05,23,2,0,13.28,Monthly,Basic,1
11769,35,69,60.26,11,1,0,17.13,Yearly,Standard,0
11770,34,41,111.08,30,4,1,29.88,Monthly,Premium,0
11771,41,47,49.14,7,1,0,67.4,Monthly,Basic,0
11772,20,69,100.82,22,0,0,26.54,Yearly,Basic,0
11773,49,31,96.67,20,2,1,46.98,Monthly,Premium,1
11774,52,30,146.15,29,0,0,82.73,Two Year,Standard,0
11775,55,18,27.9,27,1,0,89.29,Yearly,Standard,0
11776,30,44,34.06,25,1,2,84.02,Two Year,Standard,0
11777,64,27,85.79,14,0,0,12.53,Monthly,Basic,0
11778,42,26,88.52,3,4,0,91.16,Monthly,Basic,0
11779,26,60,25.19,27,3,0,68.73,Yearly,Basic,1
11780,21,18,127.36,11,1,1,62.26,Yearly,Basic,0
11781,31,56,84.31,17,1,1,25.51,Monthly,Premium,0
11782,54,31,65.06,18,2,0,92.89,Yearly,Standard,0
11783,51,59,61.45,19,1,0,2.72,Monthly,Standard,1
11784,28,2,131.98,18,3,0,9.14,Two Year,Standard,0
11785,58,39,45.58,6,3,1,16.21,Yearly,Premium,0
11786,20,61,40.85,29,3,0,69.72,Monthly,Premium,0
11787,45,63,47.71,15,1,0,62.66,Monthly,Standard,0
11788,46,18,101.25,30,4,1,94.52,Two Year,Standard,0
11789,26,17,125.42,7,1,3,35.55,Two Year,Standard,1
11790,20,39,63.03,5,9,1,35.41,Monthly,Premium,1
11791,42,71,42.55,5,0,1,67.28,Monthly,Standard,0
11792,51,54,47.2,7,2,1,18.24,Monthly,Standard,0
11793,29,35,100.49,22,2,0,46.94,Yearly,Premium,0
11794,59,11,51.98,12,3,1,2.53,Yearly,Premium,0
11795,26,61,134.05,8,2,0,59.61,Two Year,Premium,0
11796,32,44,33.51,25,5,1,78.62,Yearly,Premium,1
11797,57,68,24.21,18,2,0,21.17,Monthly,Basic,0
11798,42,25,31.49,28,4,0,31.41,Monthly,Standard,0
11799,22,48,129.93,18,0,0,14.05,Yearly,Standard,0
11800,28,32,104.66,17,3,0,61.95,Monthly,Premium,0
11801,51,4,144.51,23,1,1,56.84,Two Year,Standard,0
11802,41,38,63.72,11,1,0,82.81,Monthly,Basic,0
11803,32,63,47.65,15,2,0,97.06,Monthly,Standard,0
11804,55,47,93.06,30,1,0,98.38,Monthly,Premium,0
11805,25,1,89.92,20,0,0,11.61,Monthly,Basic,0
11806,22,3,96.83,25,1,0,55.76,Monthly,Premium,0
11807,65,62,65.18,6,0,0,79.18,Monthly,Premium,0
11808,43,64,20.77,12,3,1,66.24,Monthly,Basic,0
11809,35,17,24.55,23,1,0,89.8,Monthly,Basic,0
11810,23,62,106.3,29,2,2,44.73,Monthly,Standard,0
11811,54,35,88.02,7,0,0,43.28,Monthly,Premium,0
11812,65,13,126.73,8,1,0,3.59,Monthly,Standard,1
11813,30,35,59.05,4,0,1,2.55,Two Year,Standard,1
11814,45,43,126.01,3,1,0,69.57,Yearly,Standard,0
11815,22,2,75.31,3,1,2,47.68,Two Year,Premium,1
11816,30,56,32.57,10,2,0,66.36,Two Year,Premium,0
11817,34,51,147.13,24,3,0,24.58,Monthly,Standard,0
11818,67,54,86.55,28,0,0,86.45,Yearly,Basic,0
11819,57,16,101.83,15,2,0,90.38,Monthly,Basic,1
11820,62,18,107.2,13,3,2,66.57,Two Year,Premium,1
11821,49,7,67.11,19,2,0,28.5,Monthly,Premium,0
11822,46,45,117.18,8,2,0,22.4,Monthly,Standard,0
11823,68,36,133.13,18,1,0,62.92,Two Year,Standard,0
11824,20,41,70.33,5,0,0,94.14,Two Year,Basic,0
11825,57,42,105.41,21,1,1,58.23,Monthly,Premium,0
11826,51,7,118.43,7,0,0,84.09,Monthly,Premium,0
11827,57,15,44.72,5,4,0,56.98,Two Year,Standard,0
11828,44,60,63.24,25,0,0,67.79,Monthly,Standard,0
11829,30,40,34.14,19,3,1,57.21,Two Year,Basic,0
11830,62,37,98.29,25,1,1,57.96,Two Year,Premium,0
11831,50,66,124.12,17,2,0,74.19,Monthly,Standard,0
11832,23,55,99.41,19,4,0,40.23,Monthly,Standard,0
11833,41,56,43.37,4,3,0,90.5,Monthly,Basic,0
11834,36,44,91.03,22,1,1,86.49,Monthly,Premium,0
11835,33,57,128.54,26,0,0,72.81,Yearly,Basic,0
11836,57,6,59.35,24,5,0,74.6,Yearly,Basic,0
11837,45,32,128.24,7,4,1,41.91,Monthly,Basic,0
11838,50,18,122.0,24,5,0,83.42,Monthly,Basic,0
11839,65,68,22.83,22,1,2,93.33,Monthly,Basic,0
11840,58,7,51.13,6,2,0,79.72,Monthly,Standard,0
11841,30,8,90.58,14,2,1,14.17,Yearly,Basic,0
11842,60,64,113.29,22,3,1,78.88,Two Year,Premium,0
11843,62,7,134.47,19,3,0,46.99,Monthly,Basic,0
11844,42,41,103.34,30,4,0,61.26,Two Year,Basic,0
11845,59,40,69.44,26,3,1,99.12,Monthly,Premium,0
11846,53,3,44.0,20,1,1,36.58,Two Year,Standard,0
11847,44,17,118.8,11,1,0,35.5,Monthly,Premium,0
11848,55,66,46.88,22,4,0,27.05,Two Year,Standard,0
11849,24,52,110.41,29,3,0,13.59,Two Year,Standard,1
11850,22,22,43.56,7,3,0,17.65,Yearly,Standard,1
11851,60,4,31.84,3,1,2,51.91,Monthly,Premium,1
11852,62,6,52.64,20,3,1,91.07,Monthly,Basic,1
11853,68,38,57.04,22,0,1,81.18,Yearly,Basic,0
11854,48,26,104.14,17,1,0,19.07,Monthly,Premium,0
11855,40,11,40.91,11,1,0,56.61,Yearly,Premium,0
11856,59,17,140.94,15,4,1,84.85,Yearly,Standard,1
11857,27,31,92.07,7,2,1,54.41,Monthly,Basic,0
11858,49,35,83.82,29,4,0,91.23,Monthly,Basic,0
11859,60,16,76.51,15,2,0,90.88,Monthly,Premium,1
11860,47,18,93.66,27,3,0,35.48,Yearly,Basic,0
11861,56,62,22.92,17,1,0,87.52,Monthly,Premium,1
11862,48,27,148.71,11,1,0,58.93,Monthly,Basic,0
11863,35,35,92.48,29,3,0,48.5,Monthly,Basic,0
11864,53,45,24.58,28,1,1,77.65,Yearly,Premium,0
11865,19,35,96.7,29,1,0,79.17,Two Year,Premium,0
11866,31,28,76.82,12,3,0,67.87,Two Year,Standard,0
11867,30,9,23.12,13,0,0,81.28,Monthly,Premium,1
11868,46,15,140.18,26,1,0,95.19,Yearly,Premium,0
11869,29,21,21.37,11,0,1,87.44,Two Year,Standard,0
11870,56,52,95.12,11,4,1,8.35,Yearly,Standard,0
11871,19,35,145.03,25,0,0,85.15,Monthly,Standard,0
11872,49,51,50.89,26,0,0,78.37,Two Year,Standard,0
11873,30,55,53.04,9,2,0,92.75,Two Year,Basic,0
11874,63,44,20.06,11,2,0,74.22,Monthly,Standard,0
11875,44,65,28.63,25,3,2,87.91,Yearly,Basic,0
11876,66,25,25.84,4,2,1,2.01,Monthly,Basic,0
11877,58,47,126.95,2,1,0,97.8,Monthly,Basic,0
11878,34,56,128.78,23,4,0,19.9,Monthly,Standard,0
11879,57,38,114.47,29,3,0,86.56,Monthly,Standard,0
11880,48,11,65.86,4,2,0,93.03,Yearly,Basic,0
11881,51,67,126.76,14,4,0,1.22,Monthly,Basic,0
11882,41,15,90.17,5,0,1,91.45,Monthly,Premium,0
11883,62,1,59.56,17,1,0,83.09,Monthly,Premium,0
11884,52,7,76.85,27,4,0,92.32,Two Year,Standard,0
11885,65,1,28.55,12,4,2,18.51,Monthly,Premium,0
11886,23,49,142.84,26,1,1,77.97,Yearly,Premium,0
11887,36,29,100.49,29,1,0,49.26,Yearly,Standard,0
11888,47,26,115.06,6,3,1,26.51,Yearly,Standard,0
11889,24,45,107.96,12,3,1,75.86,Monthly,Basic,0
11890,27,71,106.81,15,2,1,47.85,Monthly,Premium,0
11891,58,12,22.24,23,1,3,90.09,Two Year,Basic,0
11892,49,32,88.3,19,2,0,71.36,Monthly,Premium,0
11893,51,20,126.82,10,4,0,14.78,Monthly,Basic,1
11894,45,51,25.79,2,2,0,25.83,Yearly,Premium,0
11895,32,36,144.3,29,2,0,27.19,Yearly,Basic,0
11896,47,67,75.14,12,3,0,35.06,Two Year,Standard,1
11897,54,1,57.69,12,2,0,66.98,Monthly,Standard,0
11898,46,27,89.14,26,4,0,89.54,Two Year,Basic,0
11899,39,40,124.16,7,7,0,59.78,Yearly,Basic,0
11900,21,14,81.72,1,2,2,75.43,Yearly,Premium,0
11901,37,69,103.86,18,1,1,32.36,Monthly,Standard,1
11902,49,6,84.99,3,2,0,52.72,Yearly,Premium,0
11903,53,33,102.07,20,1,0,50.91,Monthly,Premium,1
11904,67,55,37.94,5,3,1,70.4,Two Year,Standard,1
11905,21,19,25.03,20,2,0,52.28,Yearly,Premium,1
11906,44,29,37.8,15,1,2,34.09,Yearly,Basic,0
11907,34,61,57.16,10,2,0,25.15,Two Year,Standard,0
11908,29,70,52.94,19,4,1,26.22,Yearly,Basic,0
11909,39,24,99.97,1,5,0,98.11,Monthly,Standard,0
11910,34,23,79.27,7,5,0,36.39,Monthly,Basic,0
11911,27,10,25.05,28,2,0,80.85,Two Year,Standard,0
11912,18,54,24.53,26,0,1,8.07,Two Year,Basic,0
11913,39,41,31.78,22,3,2,9.88,Two Year,Standard,0
11914,43,49,65.9,18,2,1,68.93,Monthly,Basic,0
11915,35,17,20.8,2,5,0,46.26,Monthly,Standard,1
11916,67,56,84.22,19,1,0,88.17,Monthly,Premium,0
11917,31,45,66.89,24,4,2,86.36,Two Year,Premium,0
11918,64,30,92.21,24,3,0,75.81,Monthly,Basic,0
11919,46,44,113.71,10,2,0,81.72,Monthly,Premium,1
11920,29,55,52.63,15,4,0,87.18,Monthly,Premium,0
11921,53,19,40.42,10,1,0,78.57,Two Year,Standard,0
11922,52,29,56.15,26,4,1,53.16,Yearly,Premium,0
11923,69,2,20.23,28,3,0,27.21,Yearly,Standard,0
11924,29,36,35.6,10,0,0,78.95,Yearly,Standard,1
11925,24,19,117.61,27,2,0,32.45,Yearly,Basic,0
11926,46,7,48.96,30,1,1,25.24,Monthly,Premium,0
11927,28,26,149.26,12,0,0,18.0,Monthly,Premium,0
11928,50,38,41.82,8,3,1,63.09,Monthly,Premium,0
11929,23,3,122.54,23,2,2,25.01,Monthly,Basic,0
11930,64,66,111.66,14,1,0,38.11,Yearly,Basic,0
11931,32,71,61.88,2,1,1,71.2,Monthly,Standard,0
11932,49,43,63.0,17,3,0,79.59,Yearly,Basic,0
11933,68,62,93.26,6,1,1,32.16,Yearly,Standard,0
11934,28,71,130.81,27,2,0,84.44,Monthly,Basic,0
11935,40,24,70.2,8,1,1,6.74,Monthly,Premium,1
11936,43,39,27.95,1,1,1,98.6,Yearly,Basic,0
11937,51,68,68.67,3,1,1,42.27,Monthly,Basic,0
11938,63,44,46.95,15,4,0,33.16,Monthly,Basic,0
11939,51,5,142.1,17,1,0,92.44,Monthly,Standard,0
11940,46,55,110.65,26,1,0,14.11,Yearly,Premium,0
11941,21,30,26.61,25,3,1,36.42,Monthly,Basic,0
11942,34,29,58.09,7,3,0,36.53,Monthly,Standard,0
11943,52,26,26.53,14,4,0,43.01,Yearly,Premium,1
11944,30,26,127.9,24,2,0,84.99,Two Year,Basic,0
11945,58,37,137.82,25,0,1,85.09,Two Year,Basic,0
11946,56,53,34.6,3,2,1,59.57,Monthly,Basic,1
11947,32,30,77.24,26,2,0,99.18,Monthly,Basic,0
11948,46,3,141.14,27,0,1,84.57,Monthly,Basic,0
11949,46,43,38.88,18,1,2,68.43,Monthly,Premium,1
11950,28,7,57.95,22,2,0,20.75,Monthly,Standard,0
11951,69,49,59.56,5,1,0,55.42,Monthly,Basic,0
11952,49,41,23.91,20,1,1,22.18,Monthly,Premium,1
11953,19,54,24.72,22,4,1,30.86,Monthly,Premium,0
11954,64,69,143.86,15,2,1,68.9,Two Year,Basic,0
11955,31,27,94.24,6,3,1,19.26,Yearly,Standard,0
11956,37,8,59.86,28,2,0,9.99,Monthly,Basic,1
11957,39,32,69.23,3,1,0,53.62,Yearly,Premium,0
11958,28,64,112.93,30,1,0,1.09,Monthly,Premium,0
11959,44,10,67.65,18,5,2,61.28,Monthly,Premium,0
11960,20,13,49.61,25,1,0,90.23,Yearly,Premium,0
11961,34,63,33.24,24,1,2,19.83,Monthly,Standard,0
11962,61,35,114.76,30,2,1,38.89,Yearly,Standard,0
11963,45,61,43.47,20,0,0,91.72,Monthly,Basic,0
11964,46,54,29.05,22,1,0,70.68,Yearly,Standard,0
11965,38,8,75.5,3,1,1,14.4,Yearly,Basic,1
11966,64,29,25.14,27,2,1,38.82,Two Year,Premium,0
11967,33,41,145.45,8,4,0,75.84,Monthly,Basic,1
11968,54,30,101.55,19,1,0,66.81,Monthly,Basic,0
11969,37,21,39.85,18,2,1,16.41,Monthly,Basic,1
11970,23,11,42.42,15,0,0,7.19,Two Year,Standard,0
11971,36,2,94.08,23,1,1,68.48,Monthly,Standard,0
11972,22,50,66.35,14,2,0,61.29,Monthly,Basic,0
11973,20,41,120.65,16,3,0,6.87,Monthly,Premium,0
11974,18,66,90.95,3,1,0,97.51,Monthly,Basic,0
11975,55,3,76.33,29,1,0,25.99,Two Year,Premium,0
11976,32,51,145.19,25,0,0,39.22,Yearly,Premium,0
11977,51,68,70.79,15,1,0,18.58,Monthly,Premium,0
11978,52,25,72.08,19,3,1,83.02,Two Year,Premium,0
11979,66,30,106.55,8,2,0,96.29,Monthly,Standard,0
11980,42,11,125.23,2,2,0,22.12,Two Year,Standard,1
11981,41,17,101.41,25,5,0,29.03,Yearly,Premium,1
11982,29,26,110.82,17,2,0,70.95,Monthly,Premium,0
11983,35,23,68.48,12,1,0,53.26,Monthly,Premium,1
11984,32,56,82.33,19,0,0,11.4,Two Year,Basic,0
11985,61,52,45.61,11,0,1,92.93,Monthly,Standard,0
11986,33,48,108.43,30,1,0,61.5,Two Year,Basic,0
11987,44,20,48.79,18,4,0,30.82,Two Year,Premium,1
11988,25,2,20.16,13,3,0,49.49,Yearly,Standard,0
11989,63,31,141.39,14,3,0,50.52,Monthly,Standard,0
11990,42,27,59.78,29,2,1,53.02,Monthly,Basic,1
11991,34,2,45.56,12,1,0,50.23,Yearly,Premium,0
11992,46,4,54.86,15,1,0,56.62,Yearly,Basic,0
11993,25,13,62.96,23,1,0,39.94,Monthly,Standard,1
11994,32,35,81.69,21,1,0,15.47,Two Year,Premium,0
11995,44,66,29.02,8,3,0,66.79,Two Year,Standard,0
11996,63,6,26.85,2,3,0,79.46,Monthly,Basic,0
11997,67,31,58.08,8,3,0,84.26,Yearly,Basic,0
11998,69,10,58.45,23,3,0,3.17,Yearly,Standard,1
11999,24,21,35.29,28,1,2,41.06,Monthly,Standard,0
12000,20,23,72.62,27,3,1,97.87,Monthly,Premium,0
12001,46,3,56.92,5,3,0,7.19,Yearly,Basic,0
12002,61,32,23.39,2,1,0,78.77,Monthly,Premium,0
12003,41,20,135.14,10,2,0,13.49,Yearly,Standard,0
12004,20,29,135.18,27,3,1,82.64,Yearly,Premium,1
12005,37,52,47.19,23,0,2,67.55,Monthly,Basic,0
12006,63,46,41.17,10,1,0,72.78,Monthly,Standard,0
12007,32,34,91.15,4,2,0,97.75,Yearly,Premium,0
12008,42,61,102.0,4,2,0,94.01,Monthly,Premium,0
12009,47,71,144.48,8,1,1,31.13,Monthly,Premium,0
12010,31,70,69.06,6,4,2,38.15,Monthly,Standard,0
12011,24,11,100.37,25,0,1,41.31,Monthly,Premium,0
12012,34,63,134.16,27,1,1,18.88,Monthly,Standard,0
12013,61,21,78.49,15,2,1,38.73,Monthly,Basic,1
12014,37,3,35.9,18,1,2,97.92,Monthly,Basic,0
12015,53,10,69.07,21,0,0,49.47,Monthly,Premium,0
12016,26,27,37.75,22,3,1,95.31,Yearly,Basic,0
12017,55,12,22.16,8,0,1,8.07,Monthly,Standard,1
12018,65,7,117.7,20,3,0,4.89,Yearly,Premium,1
12019,39,17,51.0,27,1,1,57.96,Two Year,Premium,1
12020,19,65,20.26,7,0,1,73.89,Monthly,Standard,0
12021,41,64,133.42,27,1,1,22.53,Yearly,Standard,0
12022,25,26,77.69,23,1,0,50.83,Monthly,Basic,0
12023,28,15,51.05,20,0,2,87.42,Monthly,Premium,0
12024,30,33,54.16,17,3,0,76.41,Yearly,Standard,0
12025,34,62,51.27,19,2,1,23.95,Two Year,Premium,0
12026,25,47,45.29,2,2,0,34.11,Yearly,Basic,0
12027,38,35,129.36,29,3,1,31.27,Monthly,Basic,0
12028,35,65,42.14,29,2,0,72.23,Monthly,Premium,0
12029,47,25,93.04,12,2,1,96.85,Monthly,Standard,1
12030,35,57,30.05,19,1,1,28.73,Yearly,Premium,0
12031,63,32,143.44,5,4,1,59.24,Monthly,Basic,0
12032,64,63,98.43,27,2,0,98.87,Monthly,Basic,0
12033,48,12,137.41,12,2,0,16.6,Yearly,Premium,0
12034,55,63,71.72,17,2,0,66.25,Monthly,Premium,0
12035,49,1,125.39,5,4,1,33.87,Yearly,Basic,0
12036,28,51,130.98,2,3,0,99.18,Yearly,Standard,0
12037,62,70,111.38,30,2,0,11.77,Two Year,Basic,0
12038,42,8,32.08,4,2,0,45.67,Monthly,Basic,1
12039,50,68,22.09,6,1,0,26.24,Monthly,Standard,0
12040,55,5,41.91,9,4,0,4.14,Two Year,Premium,0
12041,58,39,35.35,26,3,0,96.4,Monthly,Standard,0
12042,25,23,114.27,22,0,2,57.25,Monthly,Basic,0
12043,28,68,92.41,10,2,0,70.38,Monthly,Standard,0
12044,39,52,88.37,29,0,2,62.41,Two Year,Premium,0
12045,68,4,52.87,11,3,1,15.7,Monthly,Standard,1
12046,41,47,40.1,28,4,1,17.89,Monthly,Standard,0
12047,58,21,46.85,2,4,1,63.02,Yearly,Premium,0
12048,34,56,72.04,24,1,1,78.2,Monthly,Basic,0
12049,29,66,116.22,21,2,0,61.5,Yearly,Basic,0
12050,63,59,53.09,25,4,3,57.47,Yearly,Standard,0
12051,49,7,110.82,26,7,2,74.85,Yearly,Standard,0
12052,32,49,83.9,9,1,0,25.12,Two Year,Standard,0
12053,33,16,135.11,20,1,0,73.43,Yearly,Premium,1
12054,39,17,50.28,29,1,0,41.71,Monthly,Standard,1
12055,45,34,78.61,17,4,1,67.73,Monthly,Basic,1
12056,37,33,32.57,27,2,0,28.2,Yearly,Premium,0
12057,50,26,63.57,30,1,2,14.61,Yearly,Basic,1
12058,27,66,85.89,9,2,1,3.89,Two Year,Premium,0
12059,57,63,115.26,25,2,0,80.54,Monthly,Premium,0
12060,49,41,45.75,8,0,0,20.5,Monthly,Standard,0
12061,67,58,48.35,5,2,0,36.98,Yearly,Standard,0
12062,50,10,102.11,5,1,0,77.12,Monthly,Standard,0
12063,19,15,69.72,26,3,1,45.57,Monthly,Standard,0
12064,50,42,82.67,6,0,0,22.54,Two Year,Standard,0
12065,50,57,128.7,16,3,0,20.28,Monthly,Basic,0
12066,58,17,84.88,1,1,1,41.39,Monthly,Basic,0
12067,30,60,104.82,9,1,0,56.95,Yearly,Standard,0
12068,47,9,105.38,21,1,0,39.84,Monthly,Basic,1
12069,50,36,124.47,7,3,2,90.55,Monthly,Standard,0
12070,30,36,102.96,11,3,0,1.38,Monthly,Basic,0
12071,69,48,28.43,15,0,2,40.8,Yearly,Basic,0
12072,43,51,64.48,24,0,0,74.54,Yearly,Premium,1
12073,39,70,148.61,5,1,1,89.2,Monthly,Standard,1
12074,56,68,45.55,19,0,1,36.48,Monthly,Premium,0
12075,19,22,96.27,6,1,1,67.69,Monthly,Standard,0
12076,55,6,129.58,23,2,0,58.45,Yearly,Basic,0
12077,56,26,96.25,29,0,0,20.95,Two Year,Basic,0
12078,43,3,68.4,14,1,0,68.41,Monthly,Standard,0
12079,63,52,30.43,20,1,1,25.71,Yearly,Basic,0
12080,67,60,67.02,25,3,0,78.61,Monthly,Standard,0
12081,32,63,43.67,14,2,0,86.72,Monthly,Premium,0
12082,51,65,144.91,11,4,1,48.36,Monthly,Premium,0
12083,59,52,112.95,4,2,0,6.36,Yearly,Standard,0
12084,61,14,117.42,27,0,0,74.0,Yearly,Premium,0
12085,66,68,76.68,10,5,2,47.25,Monthly,Standard,0
12086,57,28,34.3,2,3,0,10.36,Two Year,Standard,1
12087,28,71,54.67,25,0,0,33.78,Monthly,Premium,0
12088,20,10,53.76,4,3,1,29.77,Monthly,Basic,0
12089,23,57,83.28,20,1,0,72.91,Monthly,Premium,0
12090,26,66,79.93,10,2,0,42.98,Two Year,Premium,0
12091,23,50,76.34,1,2,2,59.12,Two Year,Standard,0
12092,26,14,84.48,14,1,1,50.61,Monthly,Standard,0
12093,56,16,148.31,18,1,1,72.7,Monthly,Standard,1
12094,48,54,58.79,12,2,0,72.09,Yearly,Premium,0
12095,49,43,99.98,19,1,1,45.43,Yearly,Standard,1
12096,58,42,51.14,23,1,0,14.37,Yearly,Basic,0
12097,67,22,80.66,12,2,0,41.38,Monthly,Premium,0
12098,29,68,46.01,25,0,2,16.85,Monthly,Basic,0
12099,25,19,92.56,28,1,1,95.96,Monthly,Premium,0
12100,25,66,54.45,5,0,0,95.06,Two Year,Premium,0
12101,67,39,24.78,4,2,0,46.21,Monthly,Premium,0
12102,45,19,125.99,13,3,0,3.74,Two Year,Premium,0
12103,37,16,36.67,18,4,1,38.09,Monthly,Basic,1
12104,64,54,67.85,30,1,0,89.61,Yearly,Basic,0
12105,24,25,82.03,29,2,0,29.51,Monthly,Premium,0
12106,28,18,76.22,12,0,0,62.58,Two Year,Premium,0
12107,37,23,114.34,30,1,0,19.21,Two Year,Premium,0
12108,33,11,97.58,16,3,0,82.69,Monthly,Premium,0
12109,21,39,58.4,23,0,0,89.3,Monthly,Premium,0
12110,23,68,26.72,6,1,0,61.9,Monthly,Standard,0
12111,39,25,119.79,28,3,0,62.75,Two Year,Premium,0
12112,43,63,65.83,28,0,0,38.48,Monthly,Premium,0
12113,20,30,135.66,7,0,0,71.0,Monthly,Standard,0
12114,58,45,71.36,24,0,0,48.37,Two Year,Basic,0
12115,59,61,113.3,9,2,0,74.8,Yearly,Standard,0
12116,31,51,142.14,10,2,1,96.88,Two Year,Basic,0
12117,28,9,104.65,5,3,1,82.42,Yearly,Basic,0
12118,35,2,73.75,27,3,0,52.22,Monthly,Standard,0
12119,29,5,93.76,21,1,0,97.91,Two Year,Standard,1
12120,40,62,90.65,4,1,0,61.1,Yearly,Basic,0
12121,29,69,96.03,11,1,0,7.42,Yearly,Basic,0
12122,30,52,39.09,19,2,0,73.31,Monthly,Basic,0
12123,42,5,110.81,29,0,1,82.19,Two Year,Standard,0
12124,62,59,38.86,7,2,0,14.35,Two Year,Premium,0
12125,68,68,21.9,13,3,0,68.25,Monthly,Basic,0
12126,36,9,101.22,13,1,1,92.17,Monthly,Standard,0
12127,63,22,35.2,21,7,0,25.89,Yearly,Basic,1
12128,53,27,120.15,23,2,0,58.92,Monthly,Premium,0
12129,62,10,132.58,18,2,0,28.18,Monthly,Premium,1
12130,25,61,142.82,25,5,0,77.67,Yearly,Basic,0
12131,46,51,106.38,25,1,0,58.49,Monthly,Standard,0
12132,49,10,82.66,29,2,0,43.38,Two Year,Standard,1
12133,68,6,65.8,9,1,0,3.87,Two Year,Basic,0
12134,61,62,83.82,13,0,0,94.54,Two Year,Basic,1
12135,35,5,44.75,13,1,0,50.28,Monthly,Premium,0
12136,23,70,65.29,5,1,0,80.61,Monthly,Premium,0
12137,35,63,113.33,30,2,0,39.8,Yearly,Standard,0
12138,36,56,48.26,26,3,0,85.06,Yearly,Premium,0
12139,39,59,54.33,12,1,0,16.84,Monthly,Basic,0
12140,54,63,117.41,25,0,0,23.92,Monthly,Basic,0
12141,49,59,43.12,1,1,0,34.01,Yearly,Standard,0
12142,58,51,51.97,18,2,0,9.77,Monthly,Standard,1
12143,20,50,22.28,26,1,0,44.94,Monthly,Standard,1
12144,45,4,113.61,21,4,0,49.11,Monthly,Basic,0
12145,27,48,100.33,21,3,0,12.37,Yearly,Standard,0
12146,68,32,110.27,22,1,1,43.28,Yearly,Standard,0
12147,52,51,47.86,30,4,0,20.53,Monthly,Premium,0
12148,46,52,109.36,24,3,0,87.65,Yearly,Premium,0
12149,32,34,97.53,28,4,0,51.42,Monthly,Standard,1
12150,50,36,67.6,17,2,0,95.24,Two Year,Basic,0
12151,24,70,76.92,10,2,0,34.8,Monthly,Basic,0
12152,29,43,93.83,28,2,0,34.8,Monthly,Basic,0
12153,66,16,84.13,9,1,0,34.53,Yearly,Standard,0
12154,47,59,103.44,20,3,2,27.56,Monthly,Standard,0
12155,38,53,43.53,8,4,1,78.64,Monthly,Standard,0
12156,48,19,90.29,28,1,1,28.99,Monthly,Premium,0
12157,41,41,78.54,15,3,2,29.51,Yearly,Standard,0
12158,37,47,79.93,13,3,1,5.64,Two Year,Premium,0
12159,54,54,81.02,28,2,0,96.57,Yearly,Standard,0
12160,21,55,134.59,21,1,1,88.74,Yearly,Standard,0
12161,45,19,126.42,17,0,1,29.96,Yearly,Basic,0
12162,61,62,101.84,30,0,0,52.56,Two Year,Premium,0
12163,37,59,113.14,9,1,2,48.79,Monthly,Premium,0
12164,41,65,25.56,24,0,0,9.68,Monthly,Standard,0
12165,67,68,116.72,21,5,0,53.59,Monthly,Premium,0
12166,66,28,83.2,30,0,1,12.22,Monthly,Premium,0
12167,68,18,61.31,11,2,2,43.97,Monthly,Standard,0
12168,49,26,38.17,30,2,0,9.69,Monthly,Standard,1
12169,58,19,29.78,4,1,0,59.3,Two Year,Standard,0
12170,53,55,25.84,24,5,0,5.85,Yearly,Basic,0
12171,51,57,41.03,25,1,1,63.21,Monthly,Basic,0
12172,53,6,23.92,7,6,0,71.01,Monthly,Basic,0
12173,19,1,115.24,20,2,1,57.52,Yearly,Premium,0
12174,32,8,52.32,23,1,0,47.48,Yearly,Standard,0
12175,51,51,67.94,22,2,0,7.02,Yearly,Standard,0
12176,53,25,126.95,27,2,2,2.12,Monthly,Basic,0
12177,23,47,34.91,28,2,0,34.9,Yearly,Basic,0
12178,56,55,128.63,3,2,0,77.35,Two Year,Standard,0
12179,59,64,103.14,10,1,0,65.08,Monthly,Standard,0
12180,68,10,64.46,3,2,1,13.4,Yearly,Standard,0
12181,68,56,35.31,1,1,0,69.11,Monthly,Basic,1
12182,29,12,31.89,14,3,0,57.92,Monthly,Standard,0
12183,20,33,63.62,13,3,1,17.51,Yearly,Basic,0
12184,62,71,38.24,5,2,0,75.77,Yearly,Premium,0
12185,35,17,54.8,8,2,2,83.2,Monthly,Standard,0
12186,57,61,26.88,12,4,1,24.02,Two Year,Basic,0
12187,38,10,97.35,6,3,1,63.95,Monthly,Standard,0
12188,32,31,38.89,24,1,0,38.44,Yearly,Basic,0
12189,50,60,118.38,23,0,1,6.79,Monthly,Basic,0
12190,52,70,48.36,2,1,1,86.27,Two Year,Standard,0
12191,43,17,123.74,24,1,0,82.25,Monthly,Basic,0
12192,25,50,44.68,4,4,1,32.48,Monthly,Premium,1
12193,53,37,113.78,27,1,0,53.62,Two Year,Basic,0
12194,65,62,63.3,5,5,0,51.72,Yearly,Premium,0
12195,47,29,95.81,11,1,1,18.57,Two Year,Basic,1
12196,40,32,25.03,13,0,0,15.42,Monthly,Basic,0
12197,59,11,84.38,8,1,0,84.58,Yearly,Basic,0
12198,61,6,39.33,21,0,1,86.87,Yearly,Standard,0
12199,31,35,83.22,5,6,0,72.79,Two Year,Standard,0
12200,31,33,38.38,6,1,1,8.2,Monthly,Premium,1
12201,19,18,76.82,15,6,0,91.01,Monthly,Premium,0
12202,54,37,34.38,23,1,1,98.09,Yearly,Basic,0
12203,22,13,48.59,25,0,0,77.79,Monthly,Standard,0
12204,55,64,97.36,16,2,0,35.99,Yearly,Standard,0
12205,62,1,146.97,30,3,0,41.17,Two Year,Premium,0
12206,58,63,78.39,11,3,0,87.09,Two Year,Premium,0
12207,64,34,109.33,7,2,0,28.74,Monthly,Standard,1
12208,31,10,90.13,6,2,0,15.04,Yearly,Standard,0
12209,56,7,84.79,12,0,1,82.46,Yearly,Basic,0
12210,42,56,28.41,26,0,0,20.14,Monthly,Basic,0
12211,37,37,38.76,4,1,0,90.82,Yearly,Premium,1
12212,19,29,134.8,14,2,0,59.97,Two Year,Standard,0
12213,56,12,73.32,11,3,1,55.98,Monthly,Basic,1
12214,23,17,99.86,26,3,1,77.8,Yearly,Premium,0
12215,34,48,88.67,12,2,0,2.63,Monthly,Premium,0
12216,42,26,69.25,2,0,0,71.64,Two Year,Standard,0
12217,45,12,70.42,11,3,0,60.25,Monthly,Basic,0
12218,19,21,92.21,13,1,1,52.85,Yearly,Basic,0
12219,52,42,38.35,11,2,2,22.52,Yearly,Premium,1
12220,54,61,70.34,9,0,1,83.11,Yearly,Standard,0
12221,22,58,78.11,26,1,0,25.81,Monthly,Standard,0
12222,18,54,148.07,27,0,1,49.49,Yearly,Premium,0
12223,57,34,65.69,21,3,0,16.65,Yearly,Standard,1
12224,29,7,103.8,16,2,0,97.4,Monthly,Premium,0
12225,53,35,37.86,5,5,0,20.26,Yearly,Standard,1
12226,62,15,28.51,27,1,0,80.52,Monthly,Basic,0
12227,40,65,133.3,12,0,0,27.04,Yearly,Standard,0
12228,64,25,115.0,3,4,1,26.35,Yearly,Standard,0
12229,48,59,61.27,29,1,0,42.75,Monthly,Basic,0
12230,28,6,85.6,16,4,0,84.74,Monthly,Basic,0
12231,27,52,37.65,19,4,1,69.07,Monthly,Premium,1
12232,20,21,111.93,17,3,0,87.29,Yearly,Standard,0
12233,31,71,29.14,28,1,1,5.67,Monthly,Standard,0
12234,33,32,118.41,11,0,1,95.61,Yearly,Premium,0
12235,27,53,91.09,21,0,0,8.64,Monthly,Basic,0
12236,46,59,56.25,19,1,3,72.39,Monthly,Standard,0
12237,27,69,132.13,27,2,0,21.51,Monthly,Premium,0
12238,29,62,148.19,18,4,0,84.24,Monthly,Premium,0
12239,47,4,53.07,27,1,1,86.37,Two Year,Standard,0
12240,58,18,124.81,9,3,1,55.57,Yearly,Premium,0
12241,18,56,117.52,13,4,0,40.88,Yearly,Premium,0
12242,22,24,117.13,30,2,0,79.54,Monthly,Premium,0
12243,37,66,144.44,26,1,1,87.53,Monthly,Premium,0
12244,25,13,83.26,6,2,0,74.09,Monthly,Standard,0
12245,60,62,107.64,3,1,1,90.78,Two Year,Basic,0
12246,29,54,127.1,23,1,0,63.03,Yearly,Premium,0
12247,18,15,82.34,12,1,0,67.38,Monthly,Basic,0
12248,37,69,82.59,9,0,2,57.61,Monthly,Premium,0
12249,45,3,61.43,9,2,0,49.33,Yearly,Basic,1
12250,60,37,121.51,15,1,1,65.83,Two Year,Standard,0
12251,54,37,109.21,1,0,0,56.55,Yearly,Standard,0
12252,64,3,78.65,18,2,0,73.39,Monthly,Standard,0
12253,54,63,74.51,15,4,2,93.49,Monthly,Standard,0
12254,29,35,29.44,8,4,0,37.93,Yearly,Basic,0
12255,54,52,20.85,11,1,1,41.71,Monthly,Premium,0
12256,66,28,88.76,17,1,0,2.49,Yearly,Standard,0
12257,66,18,74.27,27,1,0,53.18,Yearly,Premium,0
12258,61,36,123.48,28,3,1,14.01,Two Year,Basic,0
12259,45,33,90.55,27,4,1,71.88,Monthly,Standard,0
12260,64,64,141.77,14,2,0,78.18,Monthly,Standard,0
12261,32,26,45.5,19,3,0,72.55,Monthly,Standard,0
12262,23,48,148.72,27,4,0,55.12,Two Year,Basic,0
12263,61,40,58.73,23,3,1,53.89,Monthly,Premium,0
12264,37,17,103.52,24,5,0,65.01,Yearly,Standard,0
12265,67,40,85.24,5,4,0,55.92,Monthly,Standard,0
12266,31,7,66.74,30,2,0,75.28,Two Year,Premium,0
12267,19,57,38.11,2,2,0,89.56,Two Year,Premium,1
12268,26,8,37.53,15,1,0,54.08,Monthly,Standard,1
12269,54,56,112.5,19,2,2,11.92,Monthly,Standard,0
12270,37,31,69.09,25,1,0,13.97,Yearly,Basic,0
12271,43,59,144.97,16,0,0,38.22,Two Year,Standard,0
12272,46,58,62.33,13,0,1,50.13,Yearly,Basic,0
12273,18,12,147.86,27,3,0,23.28,Monthly,Basic,0
12274,52,48,46.71,29,1,0,45.82,Yearly,Premium,0
12275,23,31,33.37,26,4,1,14.44,Monthly,Basic,1
12276,54,63,60.63,7,6,1,24.84,Yearly,Basic,0
12277,22,39,135.13,29,1,2,73.66,Monthly,Standard,1
12278,50,20,87.84,17,1,0,98.57,Two Year,Standard,0
12279,66,48,37.63,19,3,0,19.43,Two Year,Basic,0
12280,68,71,46.32,25,3,2,34.57,Monthly,Basic,0
12281,31,54,60.46,7,3,0,35.72,Monthly,Basic,1
12282,29,71,96.72,12,2,0,23.11,Yearly,Basic,0
12283,59,29,63.21,13,3,0,21.2,Monthly,Basic,0
12284,37,48,117.12,29,2,0,14.04,Yearly,Basic,0
12285,67,56,100.12,13,1,0,90.84,Yearly,Basic,0
12286,41,17,133.6,14,1,0,65.29,Monthly,Basic,0
12287,60,9,85.13,15,4,0,29.76,Yearly,Premium,0
12288,51,34,63.05,2,3,1,26.55,Monthly,Standard,1
12289,42,45,149.52,6,3,0,59.38,Two Year,Premium,0
12290,67,9,66.23,9,2,1,70.03,Monthly,Standard,0
12291,46,7,75.72,15,0,0,26.05,Monthly,Premium,1
12292,56,16,125.19,20,2,0,35.37,Two Year,Standard,0
12293,48,19,31.52,16,0,0,29.77,Monthly,Basic,0
12294,64,6,70.24,26,3,1,9.68,Two Year,Basic,1
12295,60,11,31.14,2,5,0,39.27,Monthly,Standard,1
12296,67,61,38.11,3,5,0,53.83,Monthly,Premium,0
12297,40,42,20.6,23,1,0,65.88,Monthly,Basic,0
12298,61,13,21.24,20,2,0,42.26,Two Year,Standard,0
12299,55,12,69.44,23,1,0,98.35,Monthly,Basic,0
12300,37,20,125.19,21,1,2,62.96,Yearly,Basic,0
12301,40,50,96.31,30,2,0,88.77,Monthly,Basic,0
12302,62,36,102.54,8,5,0,91.68,Two Year,Standard,0
12303,69,69,87.5,8,2,0,82.32,Monthly,Basic,0
12304,33,37,126.57,21,1,1,27.73,Monthly,Standard,1
12305,67,12,134.45,7,0,0,43.7,Yearly,Basic,0
12306,59,40,130.47,11,1,0,1.04,Yearly,Basic,0
12307,25,54,125.58,22,3,1,45.69,Monthly,Premium,0
12308,67,2,43.75,13,2,1,30.08,Monthly,Premium,0
12309,38,50,97.2,8,2,1,12.08,Two Year,Standard,0
12310,18,41,95.68,9,2,0,84.02,Monthly,Premium,0
12311,25,45,88.63,16,2,2,67.67,Monthly,Standard,0
12312,46,9,82.51,5,2,0,99.91,Monthly,Basic,1
12313,49,62,31.59,23,1,0,50.34,Monthly,Basic,0
12314,55,47,33.28,14,0,0,33.74,Two Year,Premium,0
12315,22,5,137.3,1,4,1,27.12,Yearly,Premium,1
12316,64,1,101.92,27,4,0,44.1,Monthly,Standard,0
12317,39,44,54.1,24,2,1,31.68,Yearly,Standard,0
12318,64,22,56.31,19,2,0,99.09,Yearly,Premium,0
12319,51,38,99.33,17,2,0,19.1,Monthly,Premium,0
12320,18,19,72.9,22,0,1,2.89,Monthly,Premium,1
12321,43,31,77.37,14,2,0,13.87,Yearly,Standard,0
12322,60,67,27.88,13,0,1,89.26,Two Year,Basic,0
12323,27,42,38.04,8,2,1,69.7,Monthly,Premium,0
12324,47,26,71.14,27,1,0,78.61,Monthly,Basic,0
12325,67,13,110.96,3,2,1,32.73,Two Year,Basic,1
12326,35,58,26.24,1,3,0,62.65,Monthly,Premium,0
12327,34,18,63.49,19,1,1,71.08,Monthly,Basic,0
12328,43,67,110.36,15,3,1,33.32,Yearly,Basic,0
12329,25,3,122.97,21,2,1,72.73,Yearly,Standard,0
12330,64,55,44.73,27,6,1,63.34,Two Year,Premium,0
12331,57,58,115.09,8,4,1,30.33,Monthly,Standard,0
12332,66,63,144.2,9,2,0,6.23,Monthly,Basic,0
12333,29,52,137.89,13,1,2,24.55,Monthly,Basic,0
12334,44,24,122.62,12,2,1,62.33,Monthly,Basic,0
12335,25,9,112.6,9,7,0,60.3,Two Year,Premium,0
12336,42,37,50.57,20,3,2,51.26,Two Year,Basic,0
12337,63,53,102.41,24,4,0,25.9,Monthly,Standard,1
12338,21,24,103.63,11,1,0,45.01,Monthly,Premium,0
12339,50,21,72.89,5,5,0,15.26,Monthly,Standard,1
12340,18,40,84.09,19,2,0,66.58,Yearly,Premium,0
12341,36,62,110.22,21,3,0,87.05,Yearly,Premium,0
12342,48,70,143.77,18,2,0,46.9,Monthly,Standard,0
12343,33,69,58.39,11,2,0,22.09,Yearly,Premium,0
12344,31,14,52.03,27,0,1,82.96,Two Year,Standard,0
12345,65,42,98.23,11,4,0,31.99,Yearly,Standard,0
12346,22,50,37.0,6,1,2,59.8,Monthly,Basic,0
12347,58,61,95.73,1,0,1,8.47,Yearly,Basic,0
12348,43,4,31.55,22,3,0,72.08,Two Year,Basic,0
12349,45,17,83.78,29,1,1,46.61,Yearly,Standard,0
12350,19,57,100.65,21,2,1,42.91,Monthly,Premium,0
12351,67,48,29.11,29,0,1,93.55,Monthly,Basic,0
12352,23,44,46.9,9,1,1,49.66,Monthly,Premium,0
12353,26,45,63.6,29,1,1,2.66,Monthly,Premium,0
12354,50,33,67.92,30,1,0,96.02,Two Year,Standard,0
12355,58,31,107.89,7,2,0,2.21,Yearly,Premium,0
12356,42,47,88.77,6,2,1,54.05,Monthly,Standard,0
12357,65,6,69.67,27,3,1,63.73,Yearly,Standard,0
12358,30,71,78.59,28,1,0,89.55,Monthly,Standard,0
12359,26,34,21.69,23,2,0,68.24,Monthly,Standard,0
12360,30,53,120.17,10,6,0,81.3,Yearly,Standard,0
12361,48,14,25.33,5,1,0,77.22,Monthly,Standard,0
12362,58,16,127.81,1,0,1,22.14,Monthly,Premium,0
12363,28,43,90.33,15,2,0,70.35,Monthly,Basic,0
12364,21,12,88.62,25,2,0,64.12,Yearly,Basic,0
12365,51,70,111.6,5,8,1,25.15,Yearly,Basic,0
12366,55,19,131.74,20,4,0,13.7,Monthly,Premium,1
12367,63,41,142.54,6,1,3,75.41,Monthly,Premium,0
12368,21,53,90.64,5,4,0,97.14,Yearly,Standard,0
12369,55,29,39.59,17,4,1,74.11,Monthly,Basic,0
12370,36,70,134.22,18,2,0,75.2,Monthly,Premium,0
12371,23,59,25.29,4,3,0,17.5,Monthly,Standard,0
12372,51,64,124.95,24,1,0,25.46,Monthly,Basic,0
12373,35,24,108.45,21,1,0,58.99,Monthly,Standard,0
12374,30,16,137.61,23,3,0,4.11,Yearly,Basic,0
12375,58,52,136.67,2,2,1,67.12,Yearly,Basic,0
12376,40,6,26.91,8,3,0,15.34,Yearly,Basic,0
12377,36,37,99.23,5,1,1,41.93,Yearly,Premium,1
12378,62,4,36.21,4,3,1,32.7,Monthly,Standard,0
12379,28,38,30.2,25,4,1,11.54,Monthly,Standard,0
12380,18,41,78.28,22,3,0,58.3,Yearly,Premium,0
12381,41,14,32.69,14,1,2,36.76,Monthly,Basic,1
12382,24,71,114.63,4,1,1,5.35,Monthly,Basic,0
12383,42,51,145.96,8,3,1,45.0,Yearly,Basic,0
12384,38,65,94.05,3,3,0,59.44,Monthly,Standard,0
12385,32,52,50.57,14,1,0,13.91,Yearly,Standard,0
12386,18,30,129.62,29,3,0,58.91,Monthly,Standard,0
12387,29,57,130.9,26,1,1,30.9,Monthly,Basic,0
12388,24,30,115.26,18,2,0,26.71,Two Year,Basic,0
12389,32,42,99.97,23,1,0,79.75,Two Year,Basic,0
12390,38,11,132.81,30,0,1,47.31,Two Year,Standard,0
12391,36,27,41.23,12,3,0,38.41,Yearly,Basic,0
12392,46,24,141.11,15,2,0,81.49,Monthly,Basic,1
12393,42,39,143.14,20,6,0,91.12,Monthly,Premium,0
12394,50,18,133.36,20,0,0,32.19,Monthly,Standard,0
12395,66,45,52.59,26,3,0,5.99,Monthly,Standard,0
12396,49,12,131.56,9,3,0,54.53,Monthly,Standard,0
12397,66,49,84.69,2,5,0,71.8,Monthly,Standard,1
12398,52,31,97.34,1,2,1,59.19,Monthly,Premium,0
12399,61,22,129.28,15,1,1,69.12,Two Year,Premium,0
12400,55,44,23.85,23,2,0,65.03,Yearly,Premium,0
12401,43,64,67.18,15,5,0,95.64,Monthly,Premium,0
12402,28,25,126.04,28,2,0,86.73,Monthly,Basic,0
12403,52,51,125.81,8,1,1,14.05,Monthly,Basic,0
12404,25,7,130.33,3,4,0,45.81,Two Year,Premium,0
12405,63,6,42.0,2,3,0,46.02,Monthly,Basic,0
12406,31,24,111.77,4,3,0,46.18,Monthly,Standard,1
12407,27,19,39.05,18,1,1,93.14,Yearly,Basic,0
12408,19,9,122.06,12,1,0,33.39,Monthly,Basic,1
12409,63,36,51.87,18,0,1,61.81,Monthly,Basic,0
12410,26,40,115.92,21,2,1,89.74,Monthly,Basic,0
12411,20,24,79.15,10,2,0,6.0,Yearly,Premium,0
12412,38,48,148.21,21,2,1,87.98,Monthly,Basic,0
12413,43,63,95.39,8,3,0,76.73,Two Year,Basic,0
12414,25,69,102.24,25,4,1,21.58,Monthly,Standard,0
12415,65,53,67.86,18,1,0,33.23,Monthly,Premium,0
12416,19,54,115.49,17,5,0,31.75,Monthly,Standard,0
12417,23,42,84.34,19,3,0,22.91,Monthly,Basic,0
12418,45,45,22.35,6,2,0,64.21,Monthly,Basic,0
12419,46,14,99.12,14,2,0,98.3,Yearly,Standard,0
12420,43,29,127.96,5,1,0,17.49,Monthly,Standard,1
12421,42,6,50.78,8,2,1,23.99,Yearly,Basic,1
12422,29,7,48.74,8,1,0,29.75,Yearly,Standard,0
12423,22,37,99.16,18,2,0,93.82,Monthly,Basic,0
12424,51,53,126.34,30,2,0,62.96,Two Year,Basic,0
12425,65,18,52.45,9,2,1,22.05,Two Year,Premium,0
12426,54,38,141.19,14,1,0,80.59,Two Year,Standard,0
12427,32,59,140.56,14,1,0,92.36,Yearly,Premium,0
12428,61,1,46.07,20,3,0,40.94,Two Year,Basic,0
12429,53,68,54.29,14,1,1,18.11,Yearly,Premium,0
12430,32,44,111.08,17,2,0,31.68,Monthly,Premium,0
12431,60,47,143.73,30,1,0,22.49,Yearly,Basic,0
12432,65,35,112.28,2,1,2,20.94,Yearly,Basic,0
12433,40,60,77.84,14,3,2,17.91,Monthly,Premium,0
12434,23,52,41.97,27,4,0,87.73,Two Year,Premium,0
12435,63,8,79.93,22,1,1,9.5,Monthly,Standard,0
12436,67,41,98.88,21,1,0,41.92,Yearly,Premium,0
12437,61,3,63.02,12,2,0,2.46,Monthly,Standard,1
12438,60,69,86.33,23,1,1,30.05,Monthly,Premium,0
12439,62,14,36.93,25,2,2,70.99,Two Year,Standard,0
12440,38,26,78.78,16,6,0,21.08,Yearly,Premium,1
12441,40,70,31.8,22,1,0,99.87,Two Year,Basic,0
12442,60,58,26.38,6,0,0,5.78,Monthly,Basic,0
12443,33,40,131.44,18,1,0,14.51,Yearly,Premium,0
12444,64,51,46.66,7,3,0,78.9,Yearly,Premium,0
12445,32,5,94.77,2,1,1,97.62,Monthly,Premium,0
12446,42,32,39.37,13,1,1,95.45,Monthly,Basic,0
12447,53,1,54.13,23,2,1,80.03,Two Year,Premium,0
12448,28,54,66.97,8,1,0,97.33,Monthly,Basic,1
12449,68,11,38.68,12,2,0,84.24,Two Year,Premium,0
12450,32,53,25.98,1,3,0,6.74,Yearly,Premium,0
12451,21,8,134.03,9,3,0,84.72,Yearly,Premium,0
12452,38,25,21.54,8,0,0,48.89,Monthly,Basic,0
12453,30,40,27.97,9,2,0,46.22,Monthly,Standard,1
12454,39,32,124.66,5,3,2,1.25,Monthly,Premium,1
12455,36,28,56.66,13,3,0,62.41,Monthly,Basic,0
12456,51,3,113.97,14,3,1,67.49,Yearly,Premium,1
12457,31,62,39.01,4,0,1,79.28,Monthly,Basic,0
12458,21,27,50.85,17,2,0,33.27,Yearly,Basic,0
12459,65,45,94.46,9,5,0,13.69,Yearly,Standard,0
12460,69,25,148.52,30,3,0,44.55,Two Year,Premium,0
12461,63,61,29.55,20,0,1,36.87,Two Year,Premium,1
12462,44,44,72.07,15,0,0,75.56,Monthly,Basic,0
12463,46,46,25.6,20,3,0,23.71,Two Year,Premium,0
12464,64,14,45.9,4,1,1,14.68,Yearly,Standard,0
12465,45,8,137.97,2,1,2,44.58,Monthly,Premium,0
12466,52,48,32.54,28,0,0,63.17,Two Year,Basic,0
12467,25,14,131.39,27,1,0,28.82,Yearly,Basic,0
12468,33,65,43.11,13,2,0,12.33,Yearly,Basic,1
12469,59,7,132.03,4,0,0,44.47,Yearly,Premium,1
12470,53,49,89.94,18,2,2,96.23,Monthly,Basic,0
12471,47,55,134.17,24,0,1,96.76,Monthly,Basic,0
12472,35,13,39.72,16,2,0,71.16,Monthly,Premium,0
12473,19,56,119.06,23,2,0,77.94,Yearly,Premium,0
12474,66,56,108.49,27,1,0,21.15,Yearly,Basic,0
12475,30,15,90.58,10,0,1,38.09,Monthly,Basic,0
12476,21,57,125.38,2,2,1,60.87,Monthly,Basic,0
12477,43,58,104.28,14,2,3,75.29,Yearly,Basic,0
12478,42,35,134.02,2,0,0,17.5,Monthly,Standard,1
12479,47,16,69.54,18,3,0,46.31,Yearly,Standard,0
12480,28,8,96.69,1,2,0,17.11,Monthly,Basic,1
12481,24,45,133.18,13,1,0,63.7,Monthly,Premium,0
12482,48,40,47.93,6,2,1,77.44,Monthly,Premium,0
12483,61,54,83.15,22,3,0,83.5,Yearly,Standard,0
12484,27,14,144.9,17,2,1,73.5,Monthly,Standard,0
12485,56,59,81.57,27,5,1,16.76,Monthly,Standard,0
12486,30,53,52.87,17,1,0,83.01,Two Year,Premium,0
12487,48,27,65.64,22,1,0,34.11,Monthly,Standard,0
12488,24,47,135.06,11,2,0,83.74,Monthly,Premium,0
12489,66,6,144.13,6,2,0,25.84,Monthly,Premium,0
12490,59,55,143.51,20,3,0,48.09,Two Year,Standard,0
12491,59,44,110.86,3,0,2,58.08,Yearly,Basic,0
12492,53,18,86.25,14,1,2,4.44,Two Year,Basic,0
12493,37,16,43.75,25,2,3,90.47,Yearly,Premium,0
12494,21,12,36.02,6,0,1,51.64,Monthly,Premium,0
12495,24,20,27.77,17,3,1,20.01,Monthly,Standard,0
12496,18,45,22.3,3,4,1,16.92,Yearly,Basic,0
12497,61,64,134.16,17,3,0,68.97,Two Year,Standard,0
12498,62,59,125.18,19,4,2,9.09,Two Year,Basic,0
12499,59,22,93.82,18,3,3,44.54,Yearly,Premium,1
12500,64,47,149.83,5,2,3,54.49,Yearly,Standard,1
12501,30,29,143.9,15,1,0,24.08,Yearly,Premium,0
12502,39,45,105.16,3,1,1,13.79,Yearly,Standard,0
12503,38,9,80.39,23,0,3,49.58,Monthly,Standard,1
12504,39,24,39.78,8,1,0,34.69,Monthly,Premium,0
12505,45,15,87.03,7,1,0,14.88,Monthly,Premium,0
12506,26,36,40.51,18,0,1,21.83,Yearly,Standard,1
12507,43,13,71.8,10,2,0,47.62,Monthly,Basic,0
12508,26,44,142.54,26,4,0,14.17,Monthly,Standard,0
12509,32,71,64.46,23,2,1,93.68,Yearly,Premium,0
12510,27,36,39.86,10,3,0,77.77,Monthly,Premium,0
12511,41,61,95.71,19,3,0,33.23,Monthly,Standard,0
12512,59,40,98.31,23,1,0,26.58,Two Year,Premium,1
12513,25,27,45.19,1,3,0,87.56,Two Year,Standard,1
12514,41,1,45.56,2,0,0,43.27,Monthly,Standard,1
12515,33,34,148.64,28,2,0,86.41,Yearly,Premium,0
12516,66,68,51.63,26,1,0,74.5,Yearly,Standard,0
12517,43,21,128.96,1,3,1,10.12,Yearly,Premium,0
12518,44,33,81.14,9,2,3,81.55,Monthly,Standard,0
12519,54,7,76.55,29,1,1,54.45,Two Year,Basic,0
12520,21,65,58.35,29,1,0,68.08,Yearly,Standard,0
12521,67,3,120.6,15,3,0,22.68,Monthly,Premium,1
12522,41,51,134.49,18,2,0,1.03,Yearly,Basic,0
12523,36,54,53.95,18,2,0,34.04,Monthly,Premium,0
12524,53,59,32.36,22,5,0,19.87,Yearly,Basic,0
12525,56,6,37.8,7,2,2,44.09,Yearly,Standard,0
12526,27,29,123.06,14,2,0,10.0,Monthly,Basic,0
12527,42,17,76.66,29,0,1,89.61,Monthly,Premium,0
12528,35,60,37.15,18,2,1,12.75,Yearly,Standard,0
12529,36,22,64.24,30,2,0,76.65,Yearly,Basic,0
12530,53,24,86.85,20,1,1,93.99,Monthly,Basic,0
12531,27,51,130.77,19,0,0,15.67,Yearly,Standard,0
12532,50,50,103.43,29,3,1,35.3,Yearly,Premium,0
12533,67,11,42.88,5,1,1,73.38,Monthly,Standard,0
12534,22,56,40.63,9,0,0,71.73,Yearly,Standard,0
12535,64,71,73.6,18,2,0,4.7,Monthly,Premium,0
12536,66,42,29.78,13,1,1,8.0,Two Year,Basic,0
12537,52,39,118.23,5,3,1,12.89,Monthly,Basic,1
12538,61,69,72.19,24,4,1,57.23,Monthly,Standard,0
12539,51,48,64.59,22,5,2,6.45,Yearly,Premium,1
12540,50,57,86.18,20,1,1,59.25,Monthly,Basic,1
12541,38,21,112.16,15,5,0,34.9,Two Year,Basic,0
12542,34,20,94.02,26,1,0,67.27,Yearly,Standard,0
12543,39,15,124.31,24,0,2,78.42,Two Year,Standard,0
12544,65,69,101.82,19,3,0,79.35,Yearly,Basic,0
12545,54,51,122.44,20,1,1,4.73,Yearly,Premium,1
12546,32,62,110.58,11,1,0,94.77,Monthly,Premium,0
12547,52,37,45.11,9,2,0,59.08,Yearly,Standard,0
12548,45,6,26.81,21,4,1,89.67,Yearly,Premium,0
12549,24,71,137.44,22,0,0,61.9,Two Year,Premium,0
12550,49,26,142.94,28,0,0,48.93,Monthly,Standard,0
12551,28,8,114.5,16,3,1,73.24,Monthly,Basic,0
12552,27,4,114.15,11,1,1,22.72,Yearly,Basic,0
12553,26,21,55.12,2,3,0,11.22,Monthly,Standard,0
12554,31,31,90.52,25,2,1,9.96,Yearly,Premium,0
12555,30,21,148.99,8,2,1,85.06,Monthly,Standard,1
12556,42,25,131.3,23,2,2,91.33,Yearly,Basic,0
12557,19,15,59.57,25,1,2,81.63,Monthly,Standard,0
12558,52,35,59.14,21,7,1,90.54,Monthly,Standard,1
12559,24,49,82.87,5,0,0,98.49,Two Year,Basic,0
12560,38,43,72.6,11,1,1,53.08,Yearly,Standard,0
12561,35,41,68.25,11,2,0,16.23,Yearly,Standard,0
12562,20,37,101.51,9,3,0,61.18,Yearly,Basic,0
12563,59,57,21.49,11,4,0,36.04,Monthly,Premium,0
12564,56,42,119.23,5,2,0,35.3,Yearly,Standard,0
12565,58,47,116.21,9,0,0,73.05,Yearly,Premium,0
12566,66,61,127.94,1,1,0,9.97,Monthly,Premium,0
12567,28,14,129.39,26,0,1,4.72,Yearly,Premium,0
12568,56,68,93.63,10,5,0,69.83,Two Year,Premium,0
12569,41,53,121.41,27,1,1,26.81,Yearly,Standard,0
12570,63,34,84.01,8,3,0,39.16,Yearly,Basic,0
12571,36,24,143.7,19,1,1,31.46,Monthly,Standard,0
12572,21,20,44.79,16,3,1,61.87,Yearly,Premium,0
12573,43,69,139.03,13,2,1,16.3,Yearly,Premium,0
12574,55,30,53.61,24,2,1,72.34,Yearly,Standard,0
12575,59,7,33.35,5,3,0,92.57,Yearly,Premium,0
12576,49,36,77.08,18,3,0,83.77,Monthly,Premium,0
12577,56,38,99.94,9,3,0,90.8,Yearly,Standard,0
12578,62,52,50.03,4,4,0,93.77,Yearly,Standard,0
12579,63,15,92.25,14,0,3,37.86,Monthly,Basic,0
12580,53,46,125.03,30,3,4,79.78,Monthly,Premium,1
12581,57,23,53.42,7,3,0,49.99,Monthly,Premium,1
12582,54,12,95.44,12,1,1,27.71,Monthly,Standard,1
12583,50,44,64.11,24,3,0,74.94,Monthly,Standard,0
12584,53,15,88.87,7,0,1,25.17,Yearly,Premium,0
12585,20,49,106.7,11,3,2,11.85,Yearly,Standard,0
12586,26,21,65.55,22,0,0,70.76,Monthly,Standard,0
12587,25,15,149.28,15,0,0,29.47,Two Year,Standard,0
12588,50,14,93.29,30,1,0,31.29,Monthly,Premium,0
12589,23,42,127.18,28,2,0,88.23,Yearly,Premium,0
12590,58,15,114.27,7,1,0,14.42,Monthly,Basic,1
12591,56,63,130.86,20,6,0,76.72,Monthly,Basic,0
12592,21,68,42.59,26,3,2,39.24,Yearly,Basic,0
12593,30,27,48.93,17,5,1,89.41,Monthly,Basic,0
12594,66,53,83.36,5,2,0,44.59,Monthly,Premium,0
12595,19,52,130.8,8,3,0,41.49,Monthly,Standard,0
12596,22,63,45.69,10,4,1,43.56,Monthly,Premium,0
12597,61,53,146.24,6,1,0,83.93,Monthly,Premium,0
12598,44,57,36.59,21,4,0,2.04,Monthly,Premium,0
12599,49,52,42.76,2,0,1,70.78,Yearly,Basic,1
12600,38,43,41.74,26,1,1,21.32,Monthly,Standard,0
12601,25,7,96.18,28,0,0,88.33,Monthly,Standard,0
12602,55,42,139.28,5,3,0,38.22,Monthly,Premium,0
12603,25,4,53.16,10,2,0,34.56,Two Year,Basic,1
12604,67,69,91.89,28,2,0,71.55,Monthly,Premium,0
12605,20,5,42.85,3,2,0,72.52,Monthly,Standard,0
12606,61,41,102.05,13,4,0,63.74,Yearly,Standard,1
12607,20,4,36.02,16,1,0,33.65,Two Year,Premium,1
12608,39,2,83.87,15,3,0,61.42,Two Year,Standard,0
12609,23,67,105.17,2,2,0,6.37,Monthly,Basic,0
12610,19,21,95.29,30,0,0,95.56,Monthly,Standard,0
12611,40,70,38.2,3,1,0,45.82,Monthly,Premium,0
12612,61,43,40.98,20,0,0,31.14,Monthly,Standard,0
12613,19,69,107.28,18,0,1,86.22,Two Year,Premium,0
12614,55,9,125.16,30,2,0,33.09,Yearly,Premium,0
12615,34,28,138.05,20,3,0,99.72,Two Year,Basic,0
12616,52,26,125.77,20,2,1,69.37,Yearly,Premium,0
12617,51,3,146.61,15,2,1,65.31,Monthly,Premium,0
12618,40,49,73.07,22,8,1,16.03,Yearly,Standard,0
12619,47,17,63.05,28,1,0,61.38,Monthly,Standard,0
12620,69,63,23.66,5,0,0,16.36,Monthly,Standard,0
12621,25,55,78.49,23,2,2,78.58,Two Year,Basic,0
12622,39,23,104.68,11,3,0,14.7,Yearly,Basic,1
12623,61,34,126.0,23,1,0,36.52,Monthly,Standard,0
12624,53,69,54.77,3,0,1,48.2,Yearly,Basic,0
12625,22,15,86.77,9,2,1,80.71,Monthly,Standard,0
12626,30,47,106.06,7,1,1,63.64,Monthly,Basic,1
12627,46,3,91.71,23,2,1,75.05,Yearly,Premium,0
12628,48,28,55.62,2,1,0,25.15,Monthly,Standard,1
12629,64,3,123.52,15,1,1,24.49,Monthly,Standard,1
12630,33,4,42.54,12,2,0,38.68,Monthly,Basic,0
12631,59,31,137.65,16,3,0,2.85,Two Year,Basic,0
12632,47,45,143.84,26,1,1,83.24,Monthly,Premium,0
12633,33,59,67.52,16,2,0,37.63,Yearly,Basic,1
12634,29,45,68.9,16,2,0,7.69,Monthly,Standard,0
12635,34,37,116.63,19,4,0,87.35,Yearly,Premium,0
12636,33,65,79.32,3,1,0,96.81,Monthly,Standard,0
12637,29,9,23.72,28,1,0,65.01,Yearly,Basic,0
12638,25,17,139.58,29,2,0,36.3,Yearly,Standard,0
12639,37,65,76.0,22,0,0,41.96,Monthly,Premium,1
12640,20,3,46.45,20,1,0,26.36,Two Year,Standard,0
12641,33,26,92.24,4,1,0,71.42,Two Year,Basic,0
12642,47,53,48.46,1,0,0,36.25,Monthly,Standard,0
12643,62,31,46.78,22,4,1,4.22,Monthly,Standard,1
12644,40,26,90.95,8,1,0,5.57,Monthly,Premium,0
12645,45,23,70.84,24,5,0,61.86,Yearly,Basic,0
12646,68,30,94.49,15,2,2,29.75,Monthly,Premium,0
12647,57,10,149.59,24,2,0,17.69,Yearly,Premium,0
12648,22,64,131.67,21,2,0,55.68,Monthly,Premium,1
12649,37,22,21.0,26,4,0,28.57,Monthly,Basic,0
12650,57,15,26.57,22,0,0,8.26,Yearly,Standard,0
12651,61,56,99.31,5,0,1,20.16,Yearly,Basic,0
12652,18,20,101.41,20,4,0,78.01,Two Year,Standard,1
12653,47,47,134.16,12,1,0,85.35,Monthly,Premium,0
12654,38,53,101.78,20,4,0,87.34,Monthly,Standard,0
12655,37,53,49.6,20,2,1,53.95,Monthly,Basic,0
12656,23,1,80.91,4,2,0,95.14,Monthly,Basic,0
12657,39,2,125.17,30,0,0,16.02,Two Year,Basic,0
12658,35,58,139.97,22,2,1,68.16,Monthly,Standard,0
12659,25,19,50.8,15,2,0,70.72,Yearly,Standard,0
12660,56,62,90.15,6,2,0,6.27,Monthly,Basic,0
12661,49,12,40.66,5,3,0,28.96,Two Year,Basic,1
12662,50,26,84.61,28,3,0,94.96,Monthly,Standard,0
12663,33,27,31.71,11,3,0,76.14,Yearly,Premium,0
12664,29,29,142.42,14,4,0,6.41,Monthly,Basic,0
12665,55,15,102.95,11,2,1,54.54,Monthly,Standard,0
12666,69,46,131.05,9,3,1,65.21,Yearly,Basic,0
12667,51,1,149.78,24,2,0,97.34,Yearly,Premium,0
12668,31,60,43.75,10,1,0,71.93,Monthly,Premium,0
12669,53,57,110.24,6,4,1,64.23,Monthly,Premium,0
12670,50,3,135.31,11,4,0,90.94,Yearly,Standard,0
12671,40,18,94.87,9,5,0,66.43,Yearly,Premium,0
12672,67,52,103.16,5,3,2,93.28,Yearly,Basic,0
12673,62,60,73.0,10,4,1,49.78,Two Year,Premium,1
12674,19,34,107.72,20,1,0,72.14,Monthly,Basic,0
12675,58,60,71.43,14,2,0,63.54,Yearly,Basic,0
12676,38,26,81.96,6,3,0,55.7,Monthly,Basic,1
12677,19,19,33.38,4,1,1,33.09,Monthly,Basic,0
12678,44,22,21.02,24,1,0,90.47,Yearly,Basic,1
12679,26,33,27.17,23,2,0,27.73,Monthly,Premium,0
12680,18,38,45.03,21,2,0,16.78,Monthly,Standard,0
12681,28,35,79.36,10,3,2,71.49,Two Year,Premium,0
12682,20,67,22.73,22,2,0,55.11,Monthly,Premium,0
12683,69,10,40.27,11,3,0,27.02,Monthly,Standard,0
12684,40,15,121.59,16,1,1,87.16,Two Year,Premium,0
12685,43,11,119.08,7,1,0,29.33,Monthly,Standard,0
12686,21,24,122.66,18,0,0,7.31,Yearly,Basic,1
12687,35,4,139.8,25,2,1,2.52,Monthly,Premium,0
12688,23,13,35.48,7,5,0,92.36,Monthly,Basic,0
12689,52,57,41.21,24,0,1,40.82,Monthly,Basic,0
12690,39,37,63.36,30,1,0,22.14,Monthly,Standard,0
12691,60,48,138.97,21,1,1,57.14,Monthly,Premium,0
12692,32,71,120.81,15,1,1,49.3,Monthly,Basic,0
12693,39,1,62.14,19,2,0,99.98,Two Year,Basic,0
12694,54,60,31.39,18,3,1,88.96,Yearly,Basic,0
12695,69,12,100.13,15,2,1,27.84,Monthly,Standard,1
12696,59,21,53.39,18,0,0,70.07,Monthly,Standard,0
12697,29,11,89.05,3,2,0,39.33,Two Year,Basic,0
12698,64,44,142.43,1,1,1,37.08,Monthly,Premium,0
12699,66,58,94.44,1,2,1,37.34,Two Year,Standard,1
12700,59,44,140.1,7,3,0,64.29,Yearly,Basic,0
12701,55,34,71.1,10,2,0,54.26,Yearly,Basic,0
12702,35,25,102.34,12,2,2,75.75,Yearly,Standard,0
12703,62,4,136.21,27,1,2,16.15,Monthly,Basic,0
12704,52,64,96.44,8,0,0,43.12,Monthly,Premium,0
12705,47,16,99.94,22,1,0,86.17,Yearly,Standard,1
12706,41,10,113.12,23,1,0,1.31,Two Year,Standard,0
12707,59,66,134.67,17,0,0,62.73,Yearly,Premium,0
12708,47,35,31.46,14,5,1,78.79,Yearly,Basic,1
12709,31,6,63.79,17,3,3,39.0,Two Year,Standard,1
12710,23,19,71.7,25,3,0,88.48,Monthly,Premium,0
12711,20,59,138.26,21,0,1,73.83,Yearly,Premium,0
12712,33,53,144.28,23,1,1,61.0,Monthly,Basic,0
12713,24,8,35.65,6,4,0,20.63,Monthly,Standard,0
12714,69,10,35.48,20,0,1,67.34,Yearly,Standard,0
12715,31,67,141.53,17,3,2,83.54,Yearly,Premium,0
12716,26,38,58.45,20,2,0,73.26,Monthly,Premium,0
12717,32,29,51.44,26,2,0,57.91,Monthly,Standard,0
12718,38,15,24.63,26,2,1,71.74,Monthly,Basic,0
12719,52,23,55.83,8,4,0,97.71,Two Year,Basic,0
12720,19,46,110.16,13,1,0,2.07,Monthly,Basic,0
12721,44,28,75.38,16,2,1,66.73,Monthly,Premium,1
12722,19,26,87.19,12,0,1,79.51,Monthly,Premium,1
12723,52,10,139.25,27,4,1,64.25,Monthly,Basic,1
12724,35,47,34.91,29,2,0,28.04,Yearly,Standard,0
12725,31,4,29.26,17,4,0,82.45,Two Year,Premium,0
12726,37,55,130.75,18,3,0,91.42,Yearly,Premium,0
12727,35,66,120.73,8,4,0,68.67,Two Year,Standard,0
12728,27,67,54.29,18,0,1,51.59,Two Year,Premium,0
12729,42,7,62.15,11,4,0,37.27,Monthly,Premium,1
12730,19,55,60.34,13,3,0,33.68,Yearly,Basic,0
12731,42,31,104.22,12,1,0,72.6,Yearly,Basic,0
12732,50,19,27.96,15,1,0,61.11,Yearly,Standard,0
12733,53,28,83.62,26,5,1,16.53,Two Year,Basic,0
12734,48,28,37.4,25,1,1,14.97,Yearly,Premium,0
12735,31,19,126.57,3,0,0,8.04,Monthly,Basic,1
12736,18,20,69.49,3,2,2,68.67,Yearly,Basic,0
12737,63,13,88.58,6,3,0,32.12,Yearly,Premium,0
12738,33,43,23.81,3,2,1,3.0,Yearly,Premium,0
12739,63,11,27.57,9,3,0,34.43,Monthly,Premium,1
12740,69,48,107.76,11,2,2,83.38,Monthly,Basic,0
12741,20,15,119.68,8,2,1,25.52,Two Year,Basic,0
12742,52,17,112.3,4,3,1,63.72,Monthly,Basic,0
12743,58,54,115.81,22,2,1,44.53,Monthly,Standard,1
12744,23,50,33.6,24,3,0,55.34,Monthly,Basic,0
12745,42,28,110.15,20,3,1,59.98,Monthly,Standard,0
12746,30,4,43.63,15,0,0,46.03,Monthly,Premium,0
12747,51,22,32.74,29,3,0,6.73,Two Year,Premium,0
12748,25,39,118.43,5,0,0,57.2,Two Year,Standard,0
12749,38,34,135.62,7,2,1,40.35,Monthly,Premium,0
12750,51,44,113.17,8,4,1,20.79,Yearly,Premium,1
12751,21,42,124.72,7,1,2,89.75,Yearly,Standard,0
12752,42,40,148.84,8,3,0,73.87,Monthly,Standard,0
12753,32,12,37.52,4,0,0,29.12,Yearly,Basic,1
12754,21,2,145.47,1,2,2,54.36,Monthly,Basic,0
12755,62,28,98.16,22,3,0,96.35,Yearly,Standard,0
12756,29,67,125.72,5,3,1,25.3,Two Year,Standard,0
12757,49,71,104.52,11,4,0,94.79,Two Year,Standard,0
12758,49,10,94.1,4,2,2,68.65,Yearly,Standard,1
12759,45,57,111.47,2,1,0,54.54,Two Year,Standard,0
12760,30,37,61.63,17,6,1,98.34,Yearly,Basic,0
12761,48,64,140.16,25,2,2,34.04,Yearly,Standard,0
12762,31,40,34.99,12,2,1,28.54,Monthly,Premium,0
12763,37,60,61.34,2,2,0,34.62,Monthly,Basic,0
12764,35,48,24.05,9,2,0,75.33,Yearly,Premium,0
12765,46,19,55.27,6,1,0,34.36,Two Year,Basic,0
12766,23,33,48.37,29,4,0,11.17,Yearly,Premium,0
12767,49,44,26.45,6,1,0,64.79,Yearly,Premium,0
12768,46,37,83.93,18,4,0,23.08,Monthly,Standard,1
12769,60,36,80.92,22,7,0,1.41,Two Year,Standard,0
12770,19,21,30.11,3,3,0,20.72,Yearly,Basic,1
12771,40,2,54.04,15,3,1,82.1,Monthly,Basic,0
12772,36,31,143.93,7,1,1,94.08,Two Year,Standard,0
12773,48,30,34.4,13,3,0,66.53,Two Year,Premium,0
12774,68,44,59.65,10,4,0,31.74,Monthly,Basic,0
12775,22,12,24.66,4,3,2,44.21,Yearly,Basic,1
12776,36,51,39.36,16,1,1,20.26,Monthly,Standard,0
12777,51,49,110.92,9,2,2,88.2,Two Year,Standard,0
12778,27,24,67.67,21,3,1,66.89,Monthly,Basic,1
12779,42,24,78.77,28,2,2,9.36,Two Year,Premium,0
12780,19,60,40.41,10,2,1,37.33,Monthly,Basic,0
12781,28,11,108.68,19,1,2,54.26,Two Year,Standard,0
12782,67,13,117.7,17,1,1,79.94,Monthly,Basic,0
12783,48,64,43.54,1,0,0,92.13,Yearly,Basic,0
12784,32,20,25.85,13,1,0,14.13,Monthly,Premium,0
12785,26,71,30.52,4,1,1,83.62,Monthly,Basic,0
12786,40,28,105.42,15,4,1,7.51,Monthly,Premium,0
12787,36,2,37.62,26,0,0,24.81,Monthly,Standard,0
12788,26,43,84.21,10,0,0,3.08,Yearly,Standard,0
12789,52,8,39.84,20,0,0,7.32,Two Year,Basic,0
12790,38,13,42.12,9,0,0,4.21,Monthly,Standard,0
12791,26,35,20.57,8,2,0,15.45,Monthly,Standard,0
12792,45,23,61.71,20,3,0,87.78,Monthly,Basic,0
12793,63,46,31.67,6,5,2,29.1,Two Year,Basic,0
12794,68,15,71.21,23,0,0,48.49,Monthly,Basic,0
12795,24,2,97.71,10,0,0,49.22,Monthly,Standard,0
12796,33,61,67.78,24,1,2,99.53,Two Year,Premium,0
12797,33,64,111.66,20,0,0,37.1,Monthly,Standard,0
12798,50,52,116.39,17,1,0,27.24,Monthly,Standard,1
12799,21,36,110.56,5,2,1,96.36,Yearly,Premium,0
12800,21,67,141.77,14,0,0,59.66,Yearly,Premium,0
12801,56,69,50.85,17,4,0,29.66,Yearly,Premium,0
12802,57,67,44.63,11,2,1,29.46,Monthly,Premium,0
12803,34,47,99.26,27,1,1,9.55,Monthly,Standard,0
12804,54,2,97.33,4,1,0,56.13,Two Year,Premium,1
12805,56,44,86.31,23,4,0,72.65,Yearly,Standard,0
12806,69,64,20.57,23,5,0,48.0,Monthly,Standard,0
12807,46,28,92.18,17,1,0,88.56,Yearly,Basic,0
12808,69,54,141.26,25,2,0,48.91,Monthly,Basic,0
12809,53,67,63.5,2,1,0,35.29,Monthly,Premium,0
12810,55,36,145.79,21,2,1,25.83,Monthly,Standard,1
12811,56,63,66.38,22,1,1,25.09,Yearly,Basic,0
12812,67,25,38.18,1,1,0,32.33,Yearly,Premium,1
12813,54,48,71.79,30,2,1,99.21,Yearly,Premium,0
12814,69,39,84.3,28,2,0,36.72,Monthly,Basic,1
12815,52,47,101.83,18,1,0,52.94,Monthly,Standard,0
12816,24,21,85.63,7,2,1,28.19,Monthly,Basic,0
12817,44,30,89.77,22,4,1,15.21,Two Year,Premium,1
12818,45,31,23.13,6,3,0,64.94,Monthly,Premium,0
12819,39,26,52.97,6,0,0,54.98,Yearly,Basic,0
12820,31,22,60.39,14,2,2,7.71,Monthly,Basic,0
12821,24,21,148.32,30,0,2,88.4,Monthly,Premium,0
12822,54,1,58.42,23,2,1,51.26,Monthly,Premium,0
12823,39,37,136.56,26,0,1,34.2,Two Year,Basic,0
12824,22,46,59.62,12,2,1,78.16,Monthly,Premium,0
12825,19,9,32.49,14,4,2,12.1,Monthly,Premium,1
12826,44,17,52.19,14,3,0,47.9,Monthly,Basic,0
12827,38,47,55.47,12,3,2,55.33,Monthly,Basic,0
12828,55,59,147.17,9,1,1,77.74,Two Year,Premium,0
12829,32,54,107.66,9,2,1,37.65,Monthly,Premium,0
12830,38,12,141.12,2,3,0,85.64,Yearly,Standard,0
12831,27,64,128.55,18,5,1,70.07,Yearly,Standard,0
12832,40,6,95.22,5,0,0,77.34,Yearly,Standard,0
12833,56,53,107.8,26,1,1,96.94,Monthly,Basic,0
12834,22,16,101.23,23,1,0,84.63,Monthly,Premium,0
12835,18,5,106.61,12,2,1,35.33,Monthly,Basic,1
12836,30,46,54.42,14,2,0,64.94,Monthly,Standard,0
12837,38,14,73.06,28,2,0,86.99,Monthly,Standard,0
12838,43,44,97.04,13,4,1,52.99,Two Year,Basic,0
12839,67,63,24.67,3,0,0,68.6,Monthly,Premium,0
12840,62,52,82.77,15,1,0,18.05,Yearly,Standard,0
12841,38,26,131.76,15,0,1,81.78,Yearly,Basic,0
12842,35,53,84.01,3,1,0,75.99,Monthly,Premium,1
12843,54,29,91.8,20,4,0,89.0,Monthly,Premium,0
12844,62,19,46.25,19,1,0,71.3,Monthly,Standard,1
12845,49,47,123.26,15,0,0,87.81,Two Year,Premium,0
12846,53,8,66.65,19,5,0,17.06,Monthly,Premium,0
12847,34,23,144.36,8,3,0,81.55,Monthly,Standard,0
12848,52,35,149.18,23,2,0,95.34,Yearly,Basic,0
12849,66,53,139.08,13,2,0,81.74,Monthly,Basic,0
12850,28,58,31.03,23,3,0,61.91,Yearly,Standard,0
12851,38,5,63.31,30,2,0,92.72,Two Year,Premium,0
12852,69,16,142.87,10,5,1,10.35,Two Year,Standard,0
12853,43,17,124.59,2,3,0,2.67,Monthly,Premium,1
12854,21,32,138.45,11,3,0,96.57,Yearly,Standard,1
12855,51,52,94.43,25,2,1,68.62,Monthly,Standard,0
12856,69,20,82.45,29,3,1,12.3,Monthly,Basic,1
12857,65,66,33.84,22,1,0,34.66,Two Year,Standard,0
12858,35,1,129.13,30,1,0,75.13,Yearly,Basic,0
12859,57,58,116.87,19,3,0,75.29,Two Year,Standard,0
12860,52,44,27.65,9,2,0,17.83,Two Year,Basic,0
12861,58,6,47.22,9,1,1,47.54,Monthly,Premium,0
12862,46,50,92.45,6,1,0,80.92,Monthly,Premium,0
12863,69,20,108.97,29,1,1,96.71,Monthly,Premium,0
12864,46,14,37.9,10,2,0,62.63,Yearly,Standard,0
12865,55,5,51.83,22,2,3,64.18,Monthly,Basic,0
12866,59,41,45.1,24,1,0,47.47,Yearly,Basic,0
12867,38,40,48.6,8,3,0,54.37,Monthly,Standard,0
12868,59,34,139.69,15,3,1,10.79,Monthly,Basic,0
12869,30,45,113.06,6,2,0,35.61,Monthly,Standard,0
12870,66,71,115.82,7,2,2,51.22,Yearly,Basic,0
12871,58,71,123.22,20,2,0,28.22,Monthly,Standard,0
12872,34,27,66.35,17,2,1,36.62,Monthly,Basic,0
12873,26,44,119.73,4,3,1,97.15,Two Year,Premium,1
12874,58,33,147.19,8,5,0,1.52,Monthly,Basic,0
12875,18,33,110.79,28,2,1,30.96,Yearly,Standard,0
12876,19,44,74.18,13,2,0,58.81,Yearly,Basic,0
12877,65,20,113.13,24,1,1,28.62,Two Year,Basic,0
12878,46,36,137.1,14,0,0,67.97,Monthly,Basic,0
12879,50,7,36.74,18,2,1,30.63,Monthly,Standard,0
12880,27,32,54.49,23,0,1,64.18,Two Year,Standard,0
12881,67,67,139.51,29,3,1,85.14,Monthly,Basic,1
12882,57,39,143.01,17,3,1,66.21,Monthly,Standard,0
12883,38,24,82.94,18,2,0,5.94,Two Year,Standard,0
12884,45,70,68.69,14,0,1,79.73,Monthly,Premium,0
12885,28,54,56.76,24,3,1,22.07,Yearly,Basic,0
12886,51,38,84.84,11,3,0,63.84,Yearly,Premium,0
12887,25,32,141.49,10,3,1,65.03,Yearly,Standard,0
12888,39,45,39.48,13,2,1,80.57,Monthly,Basic,1
12889,25,61,74.58,29,2,0,51.08,Monthly,Standard,0
12890,66,70,138.51,20,2,0,38.22,Two Year,Premium,0
12891,32,53,65.39,16,0,0,52.28,Yearly,Premium,0
12892,34,51,119.85,14,2,1,55.03,Yearly,Premium,0
12893,40,56,70.6,3,0,0,82.33,Monthly,Standard,0
12894,41,27,124.64,30,2,1,21.3,Yearly,Basic,0
12895,62,38,147.53,18,2,3,84.84,Monthly,Basic,0
12896,36,62,70.42,27,4,1,37.21,Monthly,Premium,0
12897,22,18,129.86,6,2,0,74.64,Two Year,Basic,1
12898,49,64,148.49,20,2,1,34.24,Monthly,Basic,0
12899,61,30,147.9,3,2,1,71.18,Two Year,Premium,1
12900,18,49,76.39,19,0,0,80.12,Two Year,Basic,0
12901,40,41,83.15,26,3,0,56.25,Yearly,Premium,1
12902,54,13,59.44,3,3,1,62.33,Yearly,Standard,0
12903,25,34,60.82,12,2,0,71.07,Monthly,Standard,0
12904,30,25,84.02,8,1,0,69.15,Yearly,Standard,0
12905,25,66,46.07,25,4,0,73.01,Yearly,Premium,0
12906,40,18,112.45,25,2,0,85.12,Yearly,Basic,0
12907,60,5,89.72,5,1,0,22.83,Monthly,Premium,1
12908,18,19,136.75,17,3,0,22.26,Yearly,Standard,0
12909,62,42,125.38,10,1,0,97.1,Yearly,Basic,0
12910,68,18,61.92,21,2,0,85.28,Yearly,Basic,0
12911,41,32,85.75,17,1,0,59.58,Two Year,Basic,0
12912,52,21,117.57,9,1,1,1.81,Yearly,Basic,0
12913,41,10,45.12,13,3,0,85.62,Monthly,Standard,0
12914,34,37,24.11,10,0,1,75.41,Monthly,Premium,0
12915,22,49,130.8,29,1,1,95.68,Monthly,Basic,0
12916,37,13,37.88,8,1,0,2.3,Monthly,Basic,0
12917,38,55,135.62,7,2,0,3.82,Monthly,Basic,1
12918,57,17,138.77,2,3,0,52.23,Monthly,Standard,1
12919,48,9,79.89,2,2,0,85.75,Monthly,Standard,1
12920,63,44,124.88,30,3,0,99.14,Monthly,Premium,0
12921,53,46,67.21,4,2,1,32.68,Monthly,Premium,0
12922,28,8,131.57,9,3,1,4.6,Two Year,Basic,0
12923,69,37,127.21,30,1,1,20.36,Two Year,Standard,0
12924,32,19,30.21,25,1,0,87.82,Monthly,Basic,0
12925,36,63,95.74,14,1,2,47.18,Two Year,Standard,0
12926,24,46,103.2,24,3,0,85.48,Monthly,Standard,0
12927,68,71,20.11,11,3,0,44.95,Yearly,Premium,0
12928,45,26,147.39,21,2,2,6.29,Yearly,Premium,0
12929,68,46,72.85,30,0,0,62.14,Two Year,Standard,0
12930,60,46,87.25,7,1,1,44.13,Monthly,Basic,1
12931,22,14,45.32,28,2,1,49.64,Monthly,Standard,1
12932,22,63,99.42,25,2,1,94.95,Yearly,Standard,0
12933,47,3,125.38,19,2,0,46.25,Yearly,Standard,0
12934,49,28,96.17,4,0,0,79.86,Monthly,Premium,0
12935,25,29,122.44,2,3,2,6.83,Monthly,Standard,1
12936,27,18,115.04,25,3,0,48.42,Yearly,Standard,0
12937,55,35,50.9,23,2,0,59.08,Monthly,Premium,0
12938,64,47,76.66,22,1,1,12.21,Two Year,Premium,0
12939,49,5,39.32,21,4,0,30.92,Two Year,Standard,0
12940,65,59,25.45,28,2,0,74.22,Yearly,Standard,0
12941,45,59,28.2,23,4,1,19.21,Monthly,Basic,0
12942,34,47,142.52,19,1,0,13.72,Yearly,Premium,0
12943,48,13,147.99,21,2,0,30.63,Monthly,Standard,0
12944,25,33,32.35,18,2,0,86.04,Yearly,Premium,0
12945,57,62,63.58,21,0,0,76.53,Monthly,Premium,0
12946,42,16,34.87,7,1,1,77.9,Yearly,Premium,1
12947,26,44,128.45,11,2,1,32.92,Yearly,Standard,1
12948,19,58,84.52,10,5,0,10.79,Yearly,Basic,1
12949,32,6,100.76,11,4,1,4.16,Monthly,Premium,0
12950,67,15,90.19,23,4,2,59.03,Monthly,Standard,1
12951,20,4,112.33,9,2,0,70.53,Yearly,Standard,0
12952,66,56,61.49,3,3,0,38.41,Two Year,Basic,0
12953,53,64,37.87,24,1,0,53.36,Monthly,Premium,0
12954,21,68,22.29,5,4,1,28.62,Yearly,Premium,0
12955,31,34,77.94,23,3,0,37.07,Yearly,Basic,0
12956,58,56,138.02,1,2,1,73.25,Monthly,Premium,0
12957,58,32,59.68,1,1,1,72.1,Monthly,Premium,0
12958,42,9,45.47,20,2,1,3.78,Yearly,Standard,0
12959,67,63,140.39,5,4,0,94.48,Yearly,Standard,0
12960,27,33,33.71,29,3,0,27.63,Two Year,Standard,0
12961,38,21,26.73,26,2,0,90.85,Two Year,Standard,0
12962,53,55,134.32,19,2,0,51.68,Monthly,Standard,0
12963,29,57,111.12,6,1,0,50.42,Monthly,Basic,0
12964,44,2,74.87,3,5,1,45.61,Monthly,Standard,0
12965,57,13,117.8,21,3,2,92.32,Monthly,Standard,0
12966,19,4,116.39,27,2,0,21.6,Yearly,Basic,0
12967,30,50,25.21,13,2,0,61.55,Monthly,Basic,1
12968,49,48,107.91,17,4,0,32.46,Two Year,Basic,0
12969,48,30,103.31,3,3,1,91.61,Monthly,Premium,1
12970,33,29,145.29,23,1,2,17.76,Monthly,Premium,0
12971,49,8,145.66,3,2,1,67.94,Yearly,Basic,1
12972,49,12,69.11,21,3,1,42.75,Yearly,Standard,0
12973,51,41,96.68,23,1,0,66.46,Yearly,Standard,0
12974,28,26,38.38,13,0,0,16.6,Monthly,Basic,0
12975,27,50,28.64,2,0,0,39.97,Two Year,Premium,0
12976,32,2,76.26,3,1,0,11.62,Monthly,Standard,1
12977,34,55,109.68,20,0,0,96.91,Two Year,Standard,0
12978,57,56,93.81,16,2,2,22.19,Monthly,Basic,0
12979,35,14,75.86,21,1,2,99.33,Yearly,Premium,0
12980,26,6,126.35,12,1,0,42.43,Yearly,Premium,1
12981,42,61,123.28,25,0,2,8.08,Yearly,Standard,0
12982,57,12,115.15,9,1,0,2.74,Monthly,Basic,0
12983,31,13,30.01,16,1,1,60.3,Yearly,Standard,1
12984,42,19,123.54,4,1,0,61.86,Two Year,Standard,0
12985,67,44,139.52,30,5,0,52.95,Monthly,Basic,1
12986,39,59,27.73,25,2,1,7.57,Monthly,Premium,0
12987,69,37,72.22,20,2,1,33.82,Yearly,Basic,0
12988,47,25,148.49,18,2,0,36.55,Yearly,Premium,0
12989,37,16,97.9,26,3,0,70.78,Monthly,Basic,0
12990,38,38,86.77,1,1,2,42.47,Yearly,Basic,0
12991,61,43,43.07,7,1,0,57.72,Yearly,Premium,0
12992,49,14,93.51,20,2,0,29.35,Yearly,Basic,0
12993,68,6,77.08,12,0,0,72.87,Two Year,Basic,0
12994,63,23,36.57,8,5,1,5.63,Monthly,Premium,0
12995,66,60,80.36,8,2,0,98.86,Monthly,Basic,0
12996,38,12,41.37,28,2,0,64.51,Two Year,Basic,0
12997,52,13,114.99,24,1,0,15.74,Yearly,Premium,0
12998,49,6,146.57,22,0,1,72.03,Monthly,Premium,0
12999,47,63,81.05,9,4,0,78.87,Monthly,Standard,0
13000,56,38,102.21,14,0,1,79.07,Two Year,Premium,0
13001,66,50,76.03,20,2,0,27.8,Yearly,Basic,0
13002,29,52,38.0,5,4,1,95.91,Two Year,Premium,0
13003,58,40,146.17,20,3,1,2.76,Two Year,Premium,0
13004,64,8,36.85,21,2,0,38.6,Monthly,Basic,0
13005,35,61,34.51,2,1,0,11.32,Two Year,Premium,0
13006,38,8,79.69,21,3,1,39.1,Yearly,Basic,0
13007,30,34,105.66,10,3,0,6.67,Two Year,Standard,1
13008,38,60,66.14,24,0,0,64.85,Yearly,Standard,0
13009,25,57,45.03,9,0,0,7.18,Monthly,Basic,0
13010,63,46,126.47,7,1,0,61.97,Yearly,Standard,0
13011,57,22,67.2,23,2,0,24.17,Yearly,Premium,1
13012,63,40,45.26,30,7,0,18.74,Two Year,Basic,0
13013,24,45,67.46,22,1,0,35.35,Yearly,Standard,1
13014,40,55,47.89,18,2,0,64.46,Monthly,Premium,1
13015,61,51,87.53,26,2,1,58.24,Yearly,Premium,0
13016,49,5,106.88,12,1,0,68.37,Monthly,Standard,0
13017,28,13,123.94,11,2,2,91.98,Two Year,Premium,0
13018,39,28,49.58,10,2,0,21.13,Monthly,Standard,0
13019,39,62,41.7,13,0,1,41.92,Two Year,Premium,0
13020,60,24,22.55,9,0,0,27.32,Monthly,Premium,1
13021,42,7,49.65,16,2,0,59.05,Yearly,Premium,0
13022,39,38,23.11,30,2,2,29.06,Monthly,Basic,0
13023,45,37,64.91,21,0,1,56.24,Yearly,Premium,0
13024,46,68,38.94,22,3,0,82.49,Monthly,Basic,0
13025,30,42,95.39,17,3,1,55.54,Yearly,Standard,0
13026,35,5,69.88,5,4,0,83.97,Monthly,Standard,1
13027,19,64,32.17,6,2,0,61.52,Monthly,Basic,0
13028,46,50,71.98,10,2,0,87.16,Monthly,Standard,0
13029,38,15,47.22,11,3,1,93.11,Two Year,Basic,1
13030,32,53,108.42,2,4,1,51.27,Yearly,Basic,1
13031,69,25,67.38,7,1,0,79.27,Yearly,Premium,1
13032,44,9,39.11,14,2,0,47.41,Monthly,Basic,0
13033,67,38,65.45,4,1,1,70.81,Monthly,Basic,0
13034,48,22,49.17,5,6,1,4.71,Monthly,Standard,1
13035,32,49,123.45,19,1,1,96.72,Yearly,Standard,0
13036,68,68,147.84,21,7,0,89.54,Yearly,Premium,0
13037,40,15,23.31,28,2,1,89.44,Monthly,Premium,1
13038,41,65,109.7,20,2,1,28.84,Monthly,Standard,0
13039,61,54,54.31,28,5,1,29.03,Yearly,Premium,0
13040,30,30,28.63,30,2,0,40.86,Yearly,Premium,0
13041,39,20,21.87,10,2,0,88.14,Two Year,Premium,0
13042,60,33,134.53,6,2,1,86.01,Yearly,Standard,0
13043,54,7,65.97,2,3,1,29.66,Monthly,Premium,0
13044,50,8,149.29,3,2,1,54.64,Yearly,Basic,1
13045,20,28,77.51,28,0,0,48.04,Monthly,Standard,0
13046,36,45,44.39,15,1,0,65.42,Yearly,Basic,0
13047,40,11,121.03,10,2,0,22.18,Monthly,Standard,0
13048,46,31,140.44,17,3,1,9.42,Monthly,Premium,0
13049,47,12,126.03,7,2,1,3.7,Monthly,Basic,0
13050,56,51,116.88,25,1,1,38.76,Monthly,Standard,0
13051,61,44,63.51,2,3,0,94.71,Two Year,Standard,0
13052,64,50,28.38,7,4,0,68.8,Monthly,Basic,0
13053,42,17,46.17,15,0,1,75.16,Monthly,Standard,0
13054,54,35,78.09,3,1,0,94.57,Two Year,Basic,1
13055,64,1,144.31,5,1,1,42.78,Monthly,Standard,0
13056,25,29,113.97,22,1,0,47.96,Monthly,Basic,1
13057,59,51,127.68,8,2,0,36.59,Monthly,Premium,0
13058,33,64,56.05,4,3,0,18.96,Two Year,Basic,0
13059,25,4,108.9,18,4,0,76.87,Monthly,Premium,0
13060,18,28,132.12,19,1,0,90.76,Monthly,Premium,1
13061,61,16,82.32,8,1,0,81.57,Monthly,Premium,1
13062,22,63,75.89,23,2,1,5.72,Yearly,Basic,0
13063,20,53,113.52,6,1,0,30.62,Monthly,Premium,0
13064,18,17,92.79,5,0,0,59.62,Yearly,Standard,1
13065,21,40,149.11,27,4,0,33.39,Monthly,Basic,0
13066,57,13,75.26,5,0,0,15.86,Yearly,Basic,1
13067,52,52,42.87,17,2,0,54.3,Yearly,Basic,0
13068,49,58,81.35,30,3,0,52.63,Monthly,Standard,0
13069,59,37,50.58,6,1,0,71.28,Monthly,Basic,1
13070,51,61,92.96,13,0,0,99.99,Yearly,Premium,0
13071,60,34,36.35,9,3,0,65.18,Two Year,Standard,0
13072,42,70,143.5,24,1,1,32.37,Two Year,Premium,0
13073,27,17,131.78,12,2,0,95.68,Yearly,Basic,0
13074,38,20,40.22,10,1,1,57.56,Monthly,Premium,1
13075,63,59,42.41,1,3,1,64.93,Two Year,Premium,0
13076,56,69,86.62,11,4,1,36.4,Monthly,Standard,0
13077,44,33,120.47,29,2,0,45.73,Monthly,Standard,0
13078,44,17,48.48,6,2,0,42.44,Two Year,Standard,0
13079,19,57,27.93,3,3,0,93.69,Monthly,Basic,0
13080,58,1,90.92,6,0,1,81.15,Yearly,Standard,0
13081,65,13,109.91,9,5,0,9.98,Monthly,Standard,1
13082,30,27,51.77,22,1,0,32.07,Yearly,Standard,0
13083,26,70,116.17,8,3,0,6.51,Two Year,Premium,0
13084,69,59,143.58,30,0,1,52.16,Two Year,Basic,0
13085,53,6,37.82,15,3,1,28.66,Monthly,Standard,1
13086,39,23,86.43,22,3,0,8.27,Yearly,Standard,0
13087,59,10,27.39,6,3,0,77.43,Yearly,Basic,1
13088,43,51,46.87,23,1,0,10.02,Two Year,Premium,0
13089,29,19,31.68,11,3,0,27.88,Monthly,Standard,0
13090,34,51,72.52,29,0,0,77.39,Monthly,Standard,0
13091,31,68,126.71,10,1,2,51.65,Monthly,Premium,0
13092,31,42,95.03,11,2,0,81.89,Yearly,Premium,0
13093,51,57,48.94,4,2,2,42.03,Two Year,Premium,0
13094,37,68,25.21,29,1,0,81.67,Monthly,Premium,0
13095,28,38,91.94,13,1,0,54.28,Yearly,Standard,0
13096,33,62,37.26,8,2,0,9.71,Monthly,Standard,0
13097,68,7,64.56,20,1,0,47.68,Monthly,Premium,0
13098,48,71,86.32,15,2,0,55.8,Yearly,Premium,0
13099,23,50,137.49,7,2,0,61.6,Two Year,Premium,0
13100,36,52,30.64,1,2,0,92.86,Two Year,Standard,0
13101,54,26,106.92,28,1,0,19.17,Yearly,Basic,0
13102,21,26,21.83,25,2,2,61.0,Two Year,Standard,0
13103,64,19,101.89,26,0,0,75.45,Monthly,Premium,0
13104,21,9,91.7,9,1,1,89.11,Two Year,Basic,1
13105,37,61,125.54,23,1,0,53.01,Yearly,Basic,1
13106,27,20,89.12,8,6,1,22.18,Monthly,Premium,1
13107,41,50,65.84,2,1,0,81.95,Yearly,Basic,0
13108,52,22,51.56,26,1,1,90.6,Monthly,Basic,0
13109,43,13,31.08,14,1,1,11.53,Monthly,Premium,1
13110,54,12,89.5,30,7,3,23.74,Two Year,Standard,0
13111,55,10,135.48,12,1,0,87.27,Monthly,Basic,0
13112,38,65,86.92,26,1,1,48.96,Monthly,Premium,0
13113,57,30,116.08,23,2,0,17.74,Monthly,Standard,0
13114,56,8,58.8,17,2,0,64.88,Yearly,Standard,0
13115,38,21,78.26,19,3,0,46.37,Monthly,Basic,0
13116,27,22,62.2,6,2,0,96.83,Monthly,Premium,0
13117,55,18,34.2,21,2,0,23.05,Two Year,Standard,0
13118,63,66,74.21,5,2,1,36.85,Two Year,Standard,0
13119,21,48,119.36,25,2,0,17.45,Monthly,Standard,1
13120,62,44,71.35,6,0,1,5.92,Monthly,Standard,0
13121,37,9,104.52,3,2,0,28.12,Yearly,Premium,0
13122,34,67,118.62,16,2,0,82.16,Two Year,Premium,0
13123,24,54,61.96,18,2,0,27.46,Two Year,Standard,0
13124,21,26,123.68,14,2,0,69.94,Monthly,Standard,0
13125,46,26,64.06,25,3,1,53.08,Yearly,Basic,0
13126,31,34,53.29,15,2,0,52.45,Monthly,Premium,0
13127,20,8,48.92,26,2,1,78.37,Monthly,Premium,0
13128,41,10,45.99,30,1,0,62.16,Two Year,Standard,0
13129,54,48,115.83,4,1,0,16.83,Yearly,Basic,0
13130,33,55,135.38,11,1,0,22.86,Two Year,Premium,0
13131,69,54,49.98,5,1,2,54.83,Monthly,Basic,0
13132,21,40,31.08,9,1,1,84.69,Monthly,Standard,0
13133,41,15,60.79,5,3,1,16.08,Two Year,Premium,1
13134,51,18,105.52,7,1,1,11.58,Monthly,Basic,0
13135,47,23,67.91,18,2,0,52.24,Monthly,Premium,0
13136,35,62,91.39,18,1,0,19.68,Yearly,Standard,0
13137,36,46,116.76,20,0,0,99.43,Monthly,Premium,0
13138,48,39,73.1,24,0,0,1.43,Monthly,Standard,0
13139,36,15,149.96,2,1,0,45.44,Yearly,Basic,0
13140,66,53,58.73,26,5,0,17.09,Monthly,Basic,0
13141,63,64,147.17,23,4,0,68.43,Two Year,Basic,0
13142,36,63,46.39,13,3,0,63.38,Yearly,Standard,1
13143,39,16,34.42,13,2,0,80.9,Two Year,Basic,1
13144,41,70,117.61,17,2,0,56.78,Two Year,Standard,0
13145,62,66,111.3,25,0,0,19.75,Monthly,Basic,0
13146,29,13,125.45,26,0,0,6.28,Monthly,Standard,0
13147,47,47,64.67,22,0,0,72.49,Two Year,Premium,0
13148,55,9,141.0,27,4,0,44.55,Two Year,Basic,0
13149,48,63,35.53,17,2,0,23.0,Monthly,Premium,1
13150,53,34,23.94,26,1,3,25.93,Two Year,Standard,1
13151,36,29,59.07,6,2,0,15.75,Monthly,Standard,1
13152,65,37,123.65,14,1,1,29.07,Monthly,Basic,0
13153,62,43,107.49,21,2,0,79.41,Two Year,Premium,1
13154,53,64,76.71,14,3,1,62.45,Monthly,Standard,0
13155,47,24,53.31,12,0,1,98.75,Yearly,Basic,1
13156,66,71,27.71,5,5,0,52.9,Monthly,Premium,0
13157,50,34,63.88,5,1,0,52.63,Monthly,Basic,0
13158,35,48,79.8,4,5,0,19.95,Monthly,Premium,1
13159,69,12,109.31,23,2,2,59.06,Monthly,Standard,0
13160,66,23,103.98,29,2,0,61.23,Yearly,Standard,0
13161,45,13,143.15,25,1,1,21.45,Yearly,Standard,1
13162,64,45,33.05,13,1,0,9.71,Monthly,Premium,1
13163,28,65,63.72,4,2,2,37.51,Monthly,Premium,0
13164,62,47,82.61,18,2,2,18.04,Monthly,Basic,0
13165,50,58,107.19,16,2,0,50.82,Monthly,Standard,0
13166,34,5,84.41,18,2,1,53.08,Monthly,Premium,0
13167,23,5,138.66,2,0,1,61.21,Monthly,Standard,0
13168,21,60,99.13,23,3,0,60.68,Monthly,Premium,0
13169,37,21,25.16,4,1,1,67.81,Monthly,Premium,0
13170,65,24,34.78,20,1,2,23.82,Monthly,Premium,0
13171,64,18,117.95,17,0,0,73.35,Monthly,Basic,0
13172,44,21,113.05,20,1,2,52.96,Monthly,Standard,0
13173,32,54,39.95,6,3,0,44.29,Monthly,Premium,0
13174,23,10,27.66,18,3,1,65.14,Monthly,Premium,0
13175,64,24,95.23,20,3,0,50.62,Monthly,Basic,1
13176,31,60,102.65,27,2,0,53.04,Yearly,Standard,0
13177,28,57,37.59,7,0,0,3.3,Monthly,Premium,0
13178,56,23,81.57,13,1,1,80.4,Monthly,Standard,0
13179,26,22,59.76,9,1,0,42.99,Monthly,Basic,0
13180,43,68,141.07,2,2,1,52.29,Two Year,Basic,0
13181,33,34,48.5,8,4,0,39.6,Monthly,Standard,1
13182,22,70,115.32,14,2,2,55.6,Two Year,Standard,1
13183,69,28,87.36,22,0,1,6.35,Monthly,Standard,0
13184,27,39,21.5,24,1,0,39.01,Two Year,Standard,0
13185,67,42,87.21,18,3,0,67.2,Yearly,Premium,0
13186,20,23,32.93,30,1,0,93.91,Yearly,Basic,1
13187,30,70,105.68,27,2,0,85.07,Monthly,Premium,0
13188,60,2,93.52,1,2,0,96.32,Two Year,Premium,0
13189,66,24,21.36,23,3,0,78.37,Yearly,Premium,1
13190,47,17,46.61,29,3,1,63.63,Yearly,Premium,0
13191,62,65,120.91,9,2,1,42.9,Yearly,Basic,1
13192,23,70,55.85,9,0,0,13.19,Monthly,Basic,0
13193,34,69,84.91,2,3,0,25.83,Two Year,Premium,0
13194,62,60,60.56,16,2,0,27.85,Monthly,Premium,0
13195,68,50,139.8,4,1,1,43.36,Monthly,Basic,0
13196,36,12,89.76,13,3,1,61.37,Yearly,Basic,0
13197,59,47,110.5,17,1,0,62.25,Monthly,Basic,0
13198,52,67,30.85,11,2,0,46.1,Two Year,Basic,0
13199,63,65,25.24,23,4,0,28.19,Monthly,Premium,0
13200,43,27,53.7,2,5,0,6.59,Yearly,Basic,0
13201,68,48,60.19,4,4,0,98.89,Yearly,Premium,0
13202,22,62,109.4,12,3,1,94.02,Yearly,Standard,0
13203,46,44,93.99,2,3,1,19.11,Monthly,Premium,0
13204,54,19,68.7,1,0,0,60.93,Monthly,Basic,0
13205,37,59,105.04,23,2,0,30.27,Two Year,Premium,0
13206,66,8,41.26,6,1,0,20.25,Two Year,Basic,1
13207,38,55,28.25,16,1,1,68.76,Monthly,Standard,0
13208,27,47,131.09,2,2,1,78.83,Monthly,Basic,0
13209,22,2,93.31,14,4,1,41.25,Two Year,Basic,0
13210,53,39,104.38,20,3,0,6.85,Yearly,Basic,1
13211,23,45,59.94,12,3,2,40.75,Monthly,Basic,0
13212,43,32,68.35,27,0,0,53.69,Monthly,Premium,0
13213,21,65,30.71,19,2,0,89.43,Yearly,Basic,0
13214,56,38,131.41,28,3,0,66.02,Yearly,Standard,0
13215,56,11,97.02,3,2,1,71.34,Monthly,Premium,0
13216,67,10,30.87,19,3,1,21.06,Monthly,Basic,1
13217,52,59,124.59,11,0,1,72.31,Monthly,Standard,0
13218,18,55,77.73,4,3,2,50.68,Monthly,Premium,0
13219,41,20,119.46,17,5,0,82.22,Monthly,Premium,0
13220,53,17,21.64,17,1,0,22.42,Monthly,Basic,0
13221,23,68,23.74,7,4,0,51.97,Monthly,Standard,0
13222,58,5,42.2,5,1,1,21.74,Monthly,Premium,0
13223,63,60,47.42,19,4,1,29.31,Monthly,Basic,0
13224,61,23,119.31,25,0,0,83.39,Monthly,Basic,0
13225,48,46,111.87,21,3,0,69.09,Monthly,Standard,0
13226,37,52,100.09,26,2,1,73.12,Monthly,Basic,0
13227,41,10,135.03,19,3,0,7.79,Monthly,Standard,0
13228,42,46,52.13,9,4,0,73.15,Monthly,Premium,1
13229,53,28,137.57,17,1,0,49.65,Two Year,Premium,0
13230,38,43,138.23,30,0,0,46.46,Monthly,Basic,0
13231,47,26,76.45,9,1,1,41.85,Yearly,Standard,1
13232,41,55,32.27,14,3,0,85.33,Monthly,Premium,0
13233,61,48,114.45,5,1,0,18.57,Two Year,Standard,0
13234,59,29,63.8,22,1,0,81.6,Two Year,Premium,0
13235,47,27,123.34,2,1,1,92.9,Monthly,Standard,0
13236,39,18,41.28,24,1,2,17.66,Yearly,Premium,0
13237,45,60,90.14,15,3,1,99.96,Monthly,Standard,0
13238,24,69,86.05,16,2,1,99.06,Yearly,Premium,0
13239,52,21,33.04,19,4,0,62.51,Two Year,Basic,0
13240,45,24,67.23,1,2,0,27.58,Two Year,Standard,0
13241,31,3,31.02,23,4,0,43.53,Monthly,Basic,0
13242,27,62,80.42,12,0,0,17.87,Two Year,Premium,0
13243,33,2,129.58,19,1,0,12.9,Monthly,Standard,0
13244,33,66,55.13,20,5,1,70.7,Two Year,Premium,0
13245,48,42,119.43,15,2,0,58.4,Yearly,Premium,0
13246,59,34,43.85,5,1,0,56.79,Two Year,Basic,0
13247,42,42,107.59,1,1,1,25.53,Monthly,Basic,0
13248,30,20,139.02,11,4,0,24.26,Two Year,Basic,0
13249,23,68,62.11,27,1,1,98.98,Two Year,Premium,0
13250,61,45,137.05,9,1,0,63.25,Monthly,Basic,1
13251,26,42,85.7,7,1,1,82.13,Monthly,Basic,0
13252,62,47,61.18,2,0,0,38.47,Monthly,Standard,0
13253,53,5,136.55,29,3,1,84.52,Yearly,Standard,0
13254,60,49,24.16,17,4,0,72.52,Monthly,Basic,0
13255,37,37,23.64,16,0,0,35.66,Monthly,Basic,1
13256,35,34,97.98,16,3,0,72.05,Monthly,Basic,0
13257,60,70,123.58,14,4,0,92.64,Monthly,Basic,0
13258,38,18,117.7,27,3,0,22.16,Yearly,Premium,1
13259,21,19,30.33,2,1,1,55.22,Yearly,Premium,0
13260,67,40,143.53,19,2,0,96.7,Monthly,Standard,1
13261,50,17,111.4,28,3,0,82.32,Monthly,Basic,0
13262,44,60,143.38,3,0,1,62.41,Monthly,Standard,0
13263,24,42,62.78,8,3,1,7.91,Monthly,Premium,0
13264,23,65,110.21,21,0,0,41.23,Monthly,Basic,0
13265,32,53,131.79,25,1,1,65.43,Yearly,Basic,1
13266,35,7,69.46,19,4,0,41.56,Monthly,Premium,0
13267,49,5,145.43,16,1,0,99.71,Monthly,Standard,0
13268,28,24,54.45,22,0,1,75.59,Two Year,Premium,0
13269,37,28,61.03,4,2,1,19.52,Monthly,Standard,0
13270,41,62,139.64,8,3,0,49.55,Monthly,Basic,0
13271,32,17,146.06,28,4,0,39.01,Monthly,Premium,0
13272,65,20,57.08,1,1,0,59.79,Monthly,Premium,0
13273,24,3,37.73,4,0,1,45.21,Monthly,Premium,1
13274,38,37,118.68,7,2,0,24.55,Yearly,Basic,0
13275,59,15,140.86,25,0,0,72.71,Yearly,Basic,0
13276,43,51,98.09,29,2,0,11.56,Monthly,Standard,1
13277,61,48,102.49,1,3,1,53.68,Two Year,Basic,0
13278,31,8,119.18,24,6,0,31.71,Two Year,Basic,0
13279,54,13,39.9,18,2,0,96.69,Yearly,Standard,0
13280,38,48,146.55,4,3,0,31.05,Two Year,Premium,1
13281,35,3,67.36,20,0,1,34.75,Yearly,Premium,0
13282,22,65,101.67,14,6,0,71.0,Yearly,Basic,0
13283,20,31,80.92,8,1,0,13.72,Two Year,Premium,1
13284,40,26,80.86,27,5,0,33.14,Two Year,Standard,0
13285,43,56,111.36,18,2,0,69.9,Two Year,Premium,0
13286,54,34,149.31,7,4,0,4.04,Yearly,Basic,0
13287,41,9,105.68,3,3,2,31.79,Monthly,Standard,1
13288,66,62,123.23,25,0,1,1.82,Monthly,Premium,0
13289,36,13,23.59,21,2,0,15.87,Yearly,Premium,0
13290,68,69,125.36,14,6,1,60.82,Yearly,Premium,0
13291,42,41,59.0,12,1,1,46.21,Monthly,Standard,0
13292,38,1,36.47,15,4,1,16.45,Monthly,Standard,0
13293,29,47,34.73,8,2,0,8.72,Monthly,Standard,0
13294,58,4,108.38,5,2,0,6.58,Yearly,Standard,1
13295,50,63,149.69,17,1,0,9.45,Yearly,Premium,0
13296,67,52,106.61,25,1,1,10.51,Monthly,Basic,0
13297,21,10,54.11,10,2,0,9.54,Two Year,Basic,0
13298,59,28,46.43,11,4,1,6.45,Yearly,Premium,0
13299,24,6,88.37,28,2,0,70.01,Yearly,Premium,0
13300,39,27,28.46,23,2,0,94.19,Yearly,Standard,0
13301,50,12,71.91,16,0,2,85.74,Two Year,Basic,0
13302,34,62,106.61,16,3,0,27.32,Two Year,Standard,1
13303,41,52,145.8,4,2,1,21.22,Two Year,Standard,0
13304,51,48,75.33,23,2,0,5.74,Monthly,Premium,0
13305,45,67,46.03,5,7,0,16.45,Monthly,Standard,0
13306,60,46,126.26,10,4,0,57.21,Yearly,Premium,0
13307,58,15,116.75,14,3,0,99.81,Two Year,Basic,0
13308,56,71,131.76,9,3,1,86.04,Monthly,Basic,0
13309,39,36,47.91,18,1,2,51.98,Monthly,Standard,0
13310,66,14,72.63,20,0,2,42.92,Two Year,Standard,1
13311,34,3,147.6,6,0,0,15.63,Yearly,Basic,1
13312,51,67,40.55,11,0,1,42.44,Yearly,Basic,1
13313,23,19,107.29,21,2,0,59.89,Yearly,Basic,0
13314,63,54,50.83,17,2,0,59.95,Monthly,Premium,0
13315,23,69,85.02,9,2,0,56.2,Two Year,Premium,0
13316,51,10,124.07,25,2,1,82.58,Yearly,Standard,0
13317,18,33,83.52,3,4,0,51.5,Yearly,Standard,0
13318,27,13,124.71,16,2,1,47.81,Yearly,Standard,1
13319,38,51,75.42,20,4,0,31.27,Monthly,Standard,0
13320,22,32,149.92,4,0,0,18.84,Yearly,Basic,0
13321,19,24,76.66,26,3,1,1.14,Monthly,Standard,1
13322,39,35,39.42,24,1,0,32.89,Monthly,Standard,0
13323,65,70,72.24,22,2,0,63.67,Yearly,Standard,0
13324,19,40,116.54,15,4,0,56.33,Monthly,Basic,0
13325,27,54,130.23,2,5,2,53.52,Two Year,Standard,1
13326,51,44,79.81,20,6,0,77.47,Yearly,Standard,0
13327,33,62,97.28,17,5,0,24.05,Monthly,Basic,1
13328,65,68,129.84,19,2,4,68.18,Monthly,Premium,0
13329,68,33,125.76,20,2,2,61.11,Monthly,Standard,0
13330,56,56,105.5,16,0,3,34.56,Two Year,Standard,0
13331,39,36,125.95,24,7,0,22.64,Monthly,Premium,0
13332,29,54,94.87,19,2,1,56.71,Yearly,Premium,0
13333,41,19,20.6,21,4,0,94.57,Monthly,Standard,0
13334,64,43,25.36,17,2,0,8.56,Yearly,Standard,0
13335,57,12,147.38,29,3,0,95.35,Monthly,Premium,0
13336,55,11,38.85,4,3,0,47.01,Monthly,Standard,1
13337,27,70,72.59,18,2,0,71.29,Yearly,Standard,0
13338,52,12,141.4,4,3,0,80.52,Monthly,Premium,1
13339,68,41,45.36,21,1,0,16.0,Monthly,Basic,0
13340,66,25,129.69,3,1,1,5.45,Two Year,Premium,0
13341,49,3,126.37,30,0,0,13.72,Yearly,Premium,0
13342,24,3,148.22,22,2,1,34.75,Yearly,Basic,0
13343,38,28,56.62,28,0,0,95.7,Monthly,Standard,0
13344,37,23,60.99,18,0,0,5.23,Monthly,Standard,1
13345,43,48,137.37,21,1,1,92.06,Monthly,Standard,0
13346,21,67,50.43,20,2,0,56.57,Monthly,Basic,1
13347,63,42,91.23,5,2,1,11.13,Two Year,Premium,0
13348,69,40,111.95,29,3,0,16.12,Monthly,Basic,0
13349,39,6,55.34,9,1,0,69.24,Yearly,Basic,0
13350,32,20,141.99,22,2,0,61.24,Monthly,Premium,0
13351,57,11,106.54,23,1,0,17.58,Monthly,Premium,0
13352,38,27,26.13,30,2,1,90.53,Two Year,Premium,0
13353,32,21,37.65,27,2,0,14.16,Monthly,Basic,0
13354,39,13,44.8,24,3,1,51.65,Monthly,Premium,0
13355,69,35,51.84,15,0,3,53.3,Monthly,Standard,0
13356,45,47,114.99,9,2,1,87.18,Two Year,Premium,0
13357,31,28,31.56,14,1,1,3.19,Yearly,Basic,0
13358,44,21,65.58,21,2,0,14.51,Two Year,Premium,0
13359,58,18,138.48,24,2,3,17.9,Yearly,Standard,0
13360,57,31,92.37,2,2,0,7.23,Monthly,Basic,1
13361,45,60,54.51,26,2,1,63.52,Yearly,Premium,0
13362,43,37,144.42,25,0,0,23.73,Monthly,Premium,0
13363,66,21,51.76,18,3,0,58.09,Monthly,Premium,0
13364,19,14,137.66,13,0,0,78.48,Monthly,Standard,0
13365,42,60,114.35,28,1,1,41.44,Monthly,Premium,0
13366,20,23,116.27,21,2,0,77.12,Monthly,Premium,0
13367,25,29,119.44,16,1,0,78.01,Monthly,Basic,0
13368,61,47,85.85,6,1,0,27.08,Monthly,Standard,0
13369,50,30,125.9,16,2,0,2.56,Monthly,Premium,0
13370,59,38,128.71,4,1,2,11.22,Monthly,Basic,0
13371,69,27,66.86,24,2,1,82.53,Two Year,Standard,0
13372,52,15,72.04,10,1,1,41.13,Yearly,Basic,0
13373,23,59,135.54,19,1,0,84.07,Monthly,Standard,0
13374,56,3,88.21,11,1,2,55.2,Monthly,Basic,0
13375,69,10,132.7,29,2,1,20.54,Yearly,Basic,1
13376,40,17,101.48,5,2,2,71.51,Monthly,Premium,1
13377,42,11,97.16,18,0,0,56.26,Yearly,Basic,1
13378,67,48,24.03,3,1,1,35.83,Two Year,Standard,1
13379,60,5,56.13,8,0,1,9.68,Yearly,Standard,0
13380,36,69,85.27,11,2,0,11.13,Two Year,Standard,0
13381,22,64,96.35,21,4,0,19.66,Monthly,Premium,0
13382,68,14,101.96,30,1,0,67.62,Two Year,Premium,0
13383,28,50,113.11,19,0,0,73.07,Yearly,Standard,0
13384,29,26,105.31,21,2,0,63.46,Yearly,Basic,0
13385,27,69,130.31,25,2,0,34.39,Yearly,Standard,0
13386,25,7,58.41,3,1,1,44.61,Monthly,Basic,0
13387,41,16,103.4,12,3,0,71.25,Yearly,Basic,0
13388,45,55,26.65,15,4,0,66.33,Monthly,Basic,0
13389,58,56,82.42,26,1,1,77.53,Monthly,Basic,0
13390,53,4,54.84,23,2,0,24.87,Monthly,Basic,1
13391,54,48,69.52,24,4,1,1.44,Monthly,Standard,0
13392,38,17,66.11,16,1,0,27.38,Two Year,Standard,0
13393,25,36,27.86,5,2,0,35.44,Monthly,Premium,1
13394,26,70,80.66,19,1,0,96.09,Monthly,Standard,0
13395,64,38,149.3,27,5,0,22.56,Two Year,Basic,0
13396,32,62,58.86,6,4,0,82.81,Monthly,Standard,0
13397,65,48,115.7,29,2,0,62.63,Monthly,Basic,0
13398,63,10,91.21,12,1,0,17.59,Monthly,Premium,0
13399,57,36,62.28,19,3,0,40.95,Monthly,Standard,1
13400,35,29,31.65,9,1,1,51.51,Yearly,Standard,0
13401,59,4,48.06,18,0,3,35.07,Monthly,Standard,1
13402,37,44,121.64,29,2,0,23.39,Yearly,Basic,0
13403,23,56,56.27,3,1,0,26.03,Monthly,Premium,0
13404,29,42,38.76,23,2,1,58.94,Two Year,Basic,0
13405,19,13,63.07,30,5,0,69.12,Yearly,Standard,0
13406,24,46,95.93,14,2,0,47.43,Two Year,Premium,0
13407,33,33,111.45,26,2,0,94.23,Monthly,Basic,0
13408,20,21,70.36,24,0,1,73.13,Yearly,Premium,0
13409,62,57,84.76,21,2,1,89.28,Yearly,Basic,0
13410,20,69,79.14,5,1,0,48.09,Two Year,Premium,0
13411,44,70,21.17,5,2,0,2.47,Monthly,Basic,0
13412,67,67,71.43,4,4,1,59.61,Two Year,Premium,0
13413,60,48,96.35,25,3,1,82.01,Monthly,Standard,0
13414,57,33,94.09,22,1,1,54.12,Monthly,Standard,0
13415,55,36,117.47,29,1,0,57.22,Monthly,Standard,0
13416,50,33,107.15,28,3,1,97.52,Monthly,Basic,0
13417,45,31,55.98,16,1,0,37.25,Monthly,Premium,0
13418,18,21,53.23,13,0,0,80.39,Yearly,Standard,0
13419,25,27,80.34,8,1,1,51.0,Monthly,Basic,0
13420,54,62,115.29,24,1,0,46.91,Monthly,Basic,0
13421,49,26,32.2,21,3,0,15.41,Monthly,Basic,0
13422,65,66,143.28,16,1,1,75.09,Two Year,Premium,0
13423,60,12,90.61,28,2,2,82.51,Monthly,Premium,0
13424,54,22,59.83,25,4,0,43.66,Monthly,Premium,0
13425,21,17,110.14,2,5,0,76.59,Monthly,Premium,0
13426,47,7,25.81,30,4,1,58.53,Monthly,Premium,0
13427,23,68,82.97,8,1,0,26.5,Monthly,Basic,0
13428,63,37,83.18,3,1,1,92.45,Monthly,Basic,0
13429,36,38,41.06,23,5,0,69.98,Monthly,Basic,0
13430,49,11,128.86,29,2,2,87.96,Monthly,Standard,0
13431,26,1,123.59,9,2,1,28.86,Yearly,Premium,0
13432,29,25,39.86,30,1,0,91.72,Monthly,Basic,0
13433,28,42,67.3,11,1,1,37.1,Monthly,Premium,0
13434,63,52,33.06,21,1,0,1.94,Yearly,Standard,0
13435,33,24,130.32,27,3,0,8.43,Monthly,Standard,0
13436,18,53,62.03,24,1,1,9.84,Yearly,Basic,0
13437,62,56,77.11,20,2,0,21.51,Yearly,Standard,0
13438,38,63,62.1,30,1,0,19.47,Two Year,Premium,0
13439,47,8,60.3,1,0,1,6.73,Monthly,Premium,0
13440,30,59,117.15,1,3,0,89.64,Yearly,Basic,0
13441,51,45,117.18,22,2,0,83.0,Yearly,Standard,0
13442,21,27,87.31,8,2,0,76.52,Monthly,Basic,0
13443,45,52,105.49,16,1,2,48.43,Monthly,Basic,0
13444,55,18,86.52,10,0,0,43.09,Monthly,Premium,0
13445,48,16,23.72,2,3,0,43.11,Yearly,Basic,1
13446,44,66,28.58,16,3,0,26.91,Monthly,Premium,0
13447,22,5,69.89,27,0,0,61.22,Yearly,Basic,0
13448,42,3,117.47,4,2,1,6.85,Monthly,Premium,0
13449,20,70,138.72,19,1,1,66.22,Monthly,Premium,0
13450,50,7,23.86,29,2,0,51.87,Monthly,Basic,0
13451,21,50,67.84,9,2,1,81.84,Monthly,Basic,0
13452,42,14,49.09,3,3,1,97.3,Two Year,Basic,0
13453,37,38,125.98,11,0,1,87.78,Monthly,Standard,0
13454,51,47,129.98,8,2,0,72.27,Two Year,Basic,0
13455,43,33,46.83,30,1,0,43.85,Monthly,Premium,0
13456,22,43,112.41,7,3,1,22.24,Yearly,Premium,0
13457,52,29,115.13,1,2,1,66.82,Monthly,Premium,0
13458,45,57,43.02,8,2,0,20.96,Monthly,Basic,1
13459,46,5,76.38,25,3,0,3.01,Monthly,Standard,0
13460,26,60,100.64,24,1,2,57.75,Yearly,Standard,1
13461,69,70,23.39,26,1,0,40.02,Two Year,Premium,0
13462,55,2,72.6,26,3,1,87.73,Two Year,Standard,0
13463,67,70,40.14,17,2,0,64.93,Monthly,Standard,0
13464,23,43,90.45,27,1,0,65.08,Monthly,Basic,0
13465,36,4,129.58,29,2,0,79.0,Two Year,Premium,0
13466,61,56,88.22,11,2,1,34.23,Monthly,Premium,0
13467,28,59,24.68,7,3,0,95.86,Two Year,Standard,0
13468,19,9,23.86,29,1,0,22.91,Monthly,Premium,0
13469,64,3,98.72,9,3,1,87.3,Two Year,Basic,0
13470,61,48,62.64,14,0,0,91.17,Monthly,Standard,0
13471,61,43,94.45,5,2,0,4.86,Monthly,Standard,0
13472,26,1,41.27,18,6,0,63.55,Yearly,Basic,0
13473,38,57,120.99,30,1,1,75.19,Yearly,Basic,0
13474,41,53,131.89,24,1,0,95.43,Monthly,Basic,0
13475,51,16,135.6,25,1,1,25.89,Yearly,Basic,0
13476,39,51,59.53,23,2,2,56.62,Two Year,Standard,0
13477,20,55,105.9,28,3,0,77.54,Yearly,Premium,0
13478,29,1,56.28,13,0,1,15.69,Two Year,Basic,0
13479,45,28,119.16,5,2,1,85.45,Monthly,Premium,1
13480,47,53,35.67,8,2,0,40.96,Monthly,Premium,0
13481,43,58,119.16,15,2,0,64.34,Yearly,Basic,0
13482,65,60,77.16,22,3,0,5.16,Yearly,Premium,1
13483,38,59,131.22,28,2,2,23.07,Monthly,Premium,0
13484,45,22,116.06,4,3,0,48.34,Monthly,Premium,0
13485,43,8,68.95,1,2,1,29.63,Two Year,Premium,0
13486,50,49,137.46,6,3,0,95.83,Monthly,Standard,0
13487,38,42,56.83,24,2,0,79.7,Monthly,Standard,0
13488,52,27,145.71,19,2,0,86.62,Monthly,Basic,0
13489,69,39,119.74,12,4,0,47.17,Yearly,Premium,0
13490,51,25,148.79,7,2,0,47.89,Two Year,Standard,0
13491,58,38,27.01,13,0,0,80.71,Monthly,Basic,0
13492,68,24,55.62,28,2,1,39.37,Yearly,Premium,0
13493,64,24,116.36,7,3,3,48.6,Two Year,Premium,1
13494,35,60,139.89,9,2,0,53.33,Yearly,Standard,0
13495,28,50,23.74,1,2,0,61.11,Yearly,Basic,0
13496,40,66,20.0,21,1,0,65.35,Monthly,Premium,0
13497,65,14,53.31,24,4,0,68.39,Yearly,Standard,0
13498,39,53,130.86,13,1,1,44.96,Two Year,Standard,1
13499,34,32,119.73,29,1,0,30.22,Monthly,Basic,0
13500,22,48,64.24,19,0,1,92.1,Monthly,Standard,0
13501,61,39,20.26,21,1,0,82.85,Two Year,Basic,0
13502,28,40,92.11,30,0,0,1.34,Monthly,Basic,0
13503,47,42,50.93,1,3,2,51.78,Two Year,Basic,0
13504,32,8,116.93,25,6,1,28.19,Two Year,Basic,0
13505,44,26,78.03,20,0,0,64.63,Monthly,Premium,0
13506,52,12,108.22,21,2,0,50.76,Monthly,Premium,0
13507,50,43,130.8,19,2,1,3.1,Monthly,Standard,0
13508,37,51,89.65,30,6,0,73.05,Monthly,Standard,0
13509,33,63,63.67,18,4,0,28.26,Monthly,Basic,0
13510,51,49,120.04,28,0,0,26.76,Yearly,Premium,0
13511,19,27,54.47,30,2,0,4.16,Monthly,Standard,1
13512,52,9,135.9,23,0,1,83.01,Monthly,Basic,1
13513,57,39,29.29,27,3,2,58.31,Yearly,Standard,1
13514,45,65,128.61,5,2,0,49.0,Yearly,Premium,1
13515,64,71,31.9,27,2,0,67.91,Two Year,Basic,0
13516,56,71,27.3,26,2,0,35.19,Two Year,Standard,0
13517,23,7,67.22,30,3,0,57.38,Two Year,Premium,0
13518,26,67,144.35,3,5,0,25.68,Monthly,Premium,1
13519,37,10,147.85,2,3,1,7.23,Monthly,Premium,1
13520,18,71,46.27,26,4,0,56.57,Monthly,Premium,0
13521,25,53,39.32,22,2,0,22.9,Monthly,Basic,0
13522,40,57,65.88,10,2,2,75.25,Yearly,Premium,0
13523,20,27,63.82,6,2,0,45.73,Monthly,Basic,0
13524,21,54,118.75,19,2,0,25.79,Monthly,Premium,1
13525,42,4,77.72,29,1,1,61.23,Monthly,Premium,0
13526,64,23,121.38,25,2,1,12.55,Monthly,Premium,0
13527,55,48,117.33,17,4,0,76.38,Two Year,Premium,0
13528,32,42,95.18,19,2,1,45.77,Monthly,Standard,0
13529,38,3,128.36,13,0,2,81.45,Yearly,Premium,0
13530,52,3,45.43,17,0,0,14.67,Monthly,Basic,1
13531,63,28,41.04,23,2,0,38.87,Yearly,Premium,0
13532,69,63,117.58,18,1,0,18.82,Yearly,Standard,1
13533,31,31,51.82,11,0,0,7.06,Monthly,Basic,0
13534,53,10,20.36,27,2,1,95.58,Yearly,Basic,0
13535,29,49,138.55,28,2,0,72.94,Monthly,Standard,0
13536,34,21,100.98,20,2,1,33.23,Two Year,Premium,1
13537,56,53,77.84,20,5,1,25.37,Monthly,Premium,0
13538,26,54,114.35,30,3,0,21.23,Two Year,Basic,0
13539,52,57,63.33,13,1,0,5.26,Yearly,Basic,0
13540,30,20,143.98,24,2,2,11.16,Monthly,Basic,0
13541,32,49,28.92,11,1,1,11.19,Monthly,Basic,1
13542,35,7,103.32,20,1,0,66.96,Monthly,Standard,0
13543,68,29,121.05,19,2,1,59.88,Two Year,Basic,0
13544,50,48,80.99,10,1,0,57.25,Monthly,Basic,0
13545,23,13,118.15,28,3,1,73.71,Two Year,Basic,0
13546,44,3,140.5,3,1,1,25.87,Two Year,Premium,1
13547,40,2,116.72,21,1,0,34.91,Monthly,Standard,0
13548,44,16,60.22,6,2,0,13.54,Monthly,Premium,0
13549,51,6,93.04,7,4,1,59.18,Monthly,Premium,0
13550,63,45,138.51,29,1,0,93.36,Two Year,Standard,0
13551,55,71,78.38,21,3,0,86.45,Two Year,Premium,0
13552,31,5,108.62,23,2,0,55.94,Monthly,Basic,0
13553,53,56,80.52,20,2,0,64.82,Yearly,Basic,0
13554,25,71,35.77,5,4,1,99.24,Monthly,Basic,0
13555,52,32,27.62,22,4,1,52.22,Two Year,Standard,0
13556,36,49,143.8,9,2,0,87.19,Two Year,Basic,0
13557,47,13,99.63,22,0,0,50.57,Monthly,Basic,0
13558,31,30,33.5,10,2,1,5.74,Two Year,Premium,1
13559,37,25,131.47,14,2,1,93.53,Two Year,Basic,1
13560,66,60,87.95,11,2,0,12.08,Monthly,Standard,0
13561,42,59,120.35,17,1,0,70.71,Monthly,Premium,1
13562,57,28,36.48,28,0,0,24.56,Two Year,Standard,1
13563,41,58,137.9,11,1,0,90.2,Two Year,Standard,0
13564,31,20,96.77,7,2,0,20.85,Monthly,Premium,0
13565,43,34,115.97,30,3,0,14.87,Monthly,Standard,0
13566,55,5,24.08,11,2,0,44.43,Monthly,Basic,0
13567,40,60,60.99,13,0,0,50.17,Monthly,Standard,1
13568,39,43,54.77,27,1,0,82.07,Two Year,Premium,0
13569,65,57,143.45,19,3,1,76.48,Monthly,Premium,0
13570,36,57,44.09,6,1,0,33.5,Two Year,Basic,0
13571,63,54,111.92,2,3,3,39.11,Monthly,Basic,0
13572,68,45,25.56,14,0,1,58.09,Monthly,Standard,0
13573,20,37,45.7,28,3,0,55.61,Monthly,Premium,1
13574,59,48,64.02,16,1,1,86.34,Monthly,Premium,0
13575,36,54,123.29,7,3,0,47.77,Two Year,Basic,1
13576,26,48,122.7,1,3,1,89.46,Monthly,Standard,0
13577,45,6,143.84,29,2,2,21.3,Yearly,Basic,0
13578,37,34,139.18,2,1,0,86.89,Monthly,Basic,0
13579,62,63,30.6,9,1,0,31.12,Yearly,Basic,0
13580,24,48,127.88,25,2,0,79.14,Monthly,Premium,0
13581,31,23,78.65,23,2,0,56.97,Monthly,Premium,0
13582,26,13,132.57,18,4,1,87.68,Two Year,Premium,1
13583,36,47,31.61,21,1,2,23.89,Yearly,Premium,0
13584,64,44,126.96,20,0,0,70.45,Monthly,Standard,0
13585,69,32,40.75,18,3,0,85.05,Yearly,Premium,0
13586,31,26,63.4,18,1,0,77.89,Yearly,Standard,0
13587,55,53,23.75,10,6,0,57.03,Monthly,Premium,0
13588,53,14,36.08,8,1,1,67.86,Two Year,Premium,1
13589,57,52,77.94,21,2,0,20.46,Yearly,Premium,1
13590,34,36,126.38,8,6,0,22.43,Yearly,Premium,0
13591,47,8,120.58,2,4,0,27.46,Monthly,Standard,0
13592,26,40,50.59,18,1,1,82.97,Yearly,Basic,0
13593,50,22,39.72,11,1,0,17.58,Monthly,Basic,0
13594,69,16,70.6,11,1,1,30.59,Monthly,Basic,0
13595,42,60,134.82,19,0,0,92.12,Monthly,Premium,0
13596,31,60,31.89,11,1,0,75.77,Yearly,Basic,0
13597,28,10,90.58,10,1,0,73.58,Yearly,Standard,0
13598,52,25,31.54,8,7,0,46.06,Monthly,Standard,0
13599,58,31,81.13,15,0,1,70.53,Yearly,Standard,0
13600,31,21,36.48,8,2,1,57.01,Monthly,Basic,0
13601,47,33,30.44,19,4,2,8.07,Two Year,Standard,0
13602,58,31,44.81,1,2,0,58.08,Yearly,Premium,0
13603,21,21,53.18,23,3,1,45.77,Yearly,Standard,0
13604,21,36,55.91,20,0,0,12.28,Monthly,Basic,1
13605,45,65,103.88,3,0,3,35.08,Two Year,Basic,0
13606,25,4,27.15,21,4,0,89.58,Two Year,Basic,0
13607,19,68,30.51,12,2,0,80.57,Monthly,Basic,0
13608,58,4,44.53,16,2,1,91.48,Monthly,Standard,0
13609,63,9,133.37,22,0,0,71.99,Yearly,Standard,0
13610,39,30,101.72,16,2,1,63.62,Monthly,Premium,0
13611,58,45,114.95,30,4,1,14.78,Yearly,Standard,0
13612,33,4,68.15,17,1,0,11.61,Two Year,Premium,1
13613,46,69,47.72,28,5,1,25.43,Yearly,Basic,0
13614,66,23,24.93,28,3,0,32.11,Monthly,Premium,0
13615,65,16,83.51,16,3,1,61.1,Monthly,Standard,0
13616,47,22,94.66,9,1,0,87.85,Two Year,Basic,0
13617,29,48,136.61,22,4,0,89.18,Monthly,Standard,0
13618,52,62,134.67,19,1,0,68.55,Two Year,Basic,1
13619,28,60,75.21,1,7,0,57.82,Monthly,Premium,0
13620,63,5,75.07,29,3,1,25.19,Monthly,Standard,0
13621,67,7,40.95,25,1,3,93.86,Yearly,Basic,0
13622,38,51,53.47,18,1,0,67.44,Monthly,Standard,0
13623,38,65,140.34,30,2,0,53.81,Yearly,Basic,0
13624,22,9,38.33,26,0,0,11.29,Monthly,Standard,0
13625,65,45,145.93,6,1,0,82.76,Yearly,Premium,0
13626,37,47,85.62,6,1,1,35.55,Monthly,Standard,1
13627,54,67,79.36,12,0,0,90.16,Yearly,Standard,0
13628,20,24,42.7,3,2,1,17.67,Two Year,Basic,0
13629,61,10,106.0,11,1,0,5.81,Monthly,Standard,0
13630,50,48,79.78,6,2,0,44.04,Monthly,Premium,1
13631,26,35,68.19,14,1,0,8.75,Monthly,Standard,0
13632,26,54,54.39,18,1,0,7.12,Monthly,Basic,0
13633,21,71,28.64,16,1,2,71.66,Monthly,Standard,0
13634,52,16,87.51,24,2,0,26.48,Yearly,Premium,0
13635,34,53,60.68,13,2,1,64.25,Monthly,Standard,1
13636,51,40,112.02,1,0,0,57.51,Two Year,Basic,0
13637,41,20,114.06,6,1,0,14.93,Monthly,Standard,0
13638,49,69,63.17,14,1,3,39.19,Two Year,Premium,0
13639,18,45,106.99,17,2,1,7.54,Yearly,Standard,0
13640,25,6,53.63,25,0,1,42.75,Monthly,Basic,0
13641,62,69,114.53,13,2,1,19.05,Yearly,Premium,0
13642,40,49,22.09,13,2,1,10.53,Two Year,Standard,0
13643,64,39,39.71,9,5,1,32.38,Yearly,Premium,0
13644,57,2,51.85,6,2,0,1.34,Yearly,Basic,1
13645,29,39,120.48,6,2,1,76.02,Monthly,Premium,1
13646,29,21,28.63,25,0,1,16.66,Monthly,Premium,0
13647,63,40,44.45,30,0,0,62.96,Yearly,Premium,0
13648,64,54,66.62,5,0,1,83.43,Yearly,Basic,0
13649,32,12,21.19,25,2,0,91.81,Two Year,Premium,0
13650,58,37,119.08,21,1,0,56.2,Two Year,Standard,0
13651,36,38,92.81,14,2,0,79.04,Monthly,Premium,0
13652,43,15,137.09,14,1,0,46.02,Monthly,Standard,1
13653,69,7,24.03,4,4,0,49.53,Monthly,Premium,0
13654,46,50,55.28,2,2,0,55.13,Monthly,Standard,0
13655,39,65,115.06,2,0,1,67.34,Monthly,Basic,0
13656,57,67,107.77,29,2,0,67.32,Monthly,Basic,0
13657,38,44,51.6,17,1,0,78.75,Monthly,Premium,0
13658,68,31,97.44,10,0,2,62.08,Monthly,Standard,0
13659,55,43,123.19,14,5,1,88.38,Two Year,Premium,0
13660,37,48,24.34,19,5,0,71.21,Monthly,Premium,0
13661,46,61,113.29,17,4,0,92.97,Monthly,Premium,0
13662,68,10,52.77,29,4,1,75.29,Monthly,Standard,1
13663,21,29,143.22,22,3,2,74.13,Monthly,Standard,0
13664,24,48,89.97,30,2,0,86.18,Yearly,Premium,0
13665,45,62,24.34,11,3,0,65.93,Yearly,Basic,0
13666,45,13,72.45,29,1,1,18.78,Monthly,Basic,1
13667,21,44,145.62,7,2,1,9.21,Two Year,Basic,0
13668,39,47,114.95,9,3,0,32.27,Monthly,Standard,0
13669,29,64,59.06,14,1,1,81.62,Two Year,Standard,0
13670,62,53,94.78,23,1,0,3.15,Yearly,Premium,0
13671,20,44,97.88,4,4,0,15.85,Monthly,Standard,0
13672,39,28,23.04,14,1,0,11.51,Monthly,Premium,0
13673,61,2,43.25,20,1,0,4.68,Two Year,Basic,0
13674,19,57,91.73,24,1,0,81.22,Monthly,Premium,0
13675,41,57,72.36,20,2,0,28.68,Yearly,Standard,0
13676,51,34,44.7,17,2,0,73.16,Two Year,Basic,0
13677,44,58,120.45,25,2,0,15.05,Yearly,Standard,0
13678,58,52,83.57,19,0,0,41.48,Yearly,Basic,0
13679,18,29,60.3,30,2,1,12.53,Monthly,Standard,0
13680,25,35,41.02,17,2,0,1.25,Yearly,Standard,0
13681,40,48,99.45,25,4,0,61.7,Yearly,Basic,0
13682,55,33,106.61,27,0,1,48.62,Monthly,Basic,0
13683,23,9,107.05,27,2,0,42.25,Yearly,Basic,0
13684,39,48,48.64,14,0,1,8.79,Monthly,Premium,0
13685,42,67,97.39,13,2,1,59.23,Yearly,Premium,0
13686,35,36,137.7,26,2,1,78.22,Yearly,Standard,0
13687,34,71,65.91,14,3,2,7.66,Monthly,Standard,0
13688,29,44,47.4,26,2,2,41.93,Monthly,Basic,0
13689,23,60,120.38,16,3,1,31.84,Two Year,Standard,0
13690,43,63,42.99,21,2,0,89.3,Yearly,Basic,0
13691,44,5,52.99,28,2,0,27.0,Monthly,Basic,0
13692,25,40,33.08,15,3,3,94.48,Monthly,Standard,0
13693,36,19,54.82,30,4,1,83.01,Monthly,Basic,1
13694,59,47,73.34,25,0,0,10.92,Monthly,Standard,0
13695,18,65,28.34,19,5,0,48.58,Monthly,Basic,0
13696,46,67,133.32,22,5,2,65.25,Monthly,Premium,0
13697,62,18,86.78,11,2,1,59.71,Monthly,Basic,0
13698,66,50,96.45,12,1,0,68.24,Yearly,Standard,0
13699,52,30,68.27,11,0,0,43.2,Monthly,Premium,0
13700,57,66,107.08,28,1,0,90.57,Monthly,Standard,0
13701,31,5,76.13,23,3,0,27.77,Monthly,Basic,0
13702,52,42,118.97,5,1,1,10.32,Yearly,Basic,1
13703,65,5,126.78,28,2,0,97.82,Two Year,Standard,0
13704,62,50,107.34,8,0,1,65.54,Monthly,Standard,0
13705,37,58,83.87,26,1,0,66.26,Two Year,Premium,0
13706,66,8,121.7,6,6,0,81.94,Two Year,Premium,0
13707,30,31,84.26,16,2,0,42.72,Yearly,Premium,1
13708,55,12,34.5,12,4,0,39.24,Monthly,Standard,1
13709,66,21,35.12,6,2,0,94.97,Two Year,Standard,1
13710,63,62,143.32,13,0,0,39.29,Two Year,Standard,0
13711,66,33,47.76,7,1,0,8.77,Two Year,Standard,0
13712,25,26,126.07,8,1,1,31.48,Two Year,Standard,1
13713,60,40,52.07,12,5,0,87.48,Monthly,Basic,0
13714,37,65,76.0,29,1,1,10.4,Monthly,Basic,0
13715,50,59,105.14,2,1,0,71.95,Yearly,Basic,0
13716,43,15,40.65,23,1,1,27.37,Yearly,Premium,1
13717,56,1,115.84,9,2,0,74.83,Two Year,Basic,0
13718,38,11,109.69,13,1,1,51.94,Monthly,Standard,0
13719,66,55,90.6,17,2,0,64.02,Yearly,Basic,0
13720,59,2,93.57,13,1,2,25.08,Two Year,Standard,0
13721,60,65,33.75,16,2,0,17.64,Monthly,Basic,0
13722,58,44,76.67,28,4,0,7.27,Monthly,Premium,1
13723,26,16,31.25,1,0,0,82.73,Monthly,Standard,0
13724,41,22,60.02,7,1,0,71.34,Monthly,Standard,0
13725,54,18,137.04,13,1,1,30.04,Monthly,Basic,0
13726,66,47,94.69,14,3,0,83.85,Monthly,Basic,1
13727,58,30,116.55,21,3,0,83.54,Monthly,Premium,0
13728,34,10,94.61,17,4,0,14.64,Monthly,Standard,0
13729,41,58,45.25,30,2,0,71.66,Monthly,Basic,0
13730,38,62,97.33,16,3,0,29.94,Two Year,Basic,0
13731,68,6,118.2,15,3,1,47.25,Yearly,Standard,0
13732,56,67,37.99,29,0,0,43.58,Two Year,Premium,0
13733,58,41,126.2,17,2,0,60.42,Monthly,Standard,0
13734,56,43,92.2,2,1,0,35.37,Monthly,Standard,0
13735,30,18,20.56,27,2,0,8.25,Monthly,Premium,0
13736,28,58,87.57,26,1,2,67.59,Monthly,Standard,0
13737,63,60,71.44,25,2,1,96.1,Two Year,Standard,0
13738,36,27,58.54,28,1,0,67.12,Monthly,Basic,0
13739,28,68,120.26,12,0,0,54.42,Monthly,Premium,0
13740,30,22,136.93,3,4,0,17.2,Yearly,Premium,1
13741,63,24,119.14,9,2,0,62.89,Yearly,Premium,1
13742,62,40,130.08,6,3,0,61.5,Monthly,Basic,0
13743,18,66,138.14,29,0,1,62.26,Yearly,Premium,0
13744,57,40,138.64,26,3,0,89.34,Monthly,Standard,0
13745,61,6,34.9,6,3,0,71.92,Monthly,Standard,1
13746,36,18,79.33,7,1,0,78.56,Monthly,Standard,0
13747,29,30,20.04,26,1,1,32.02,Yearly,Premium,1
13748,25,21,85.84,27,2,2,27.77,Monthly,Premium,0
13749,25,62,140.15,8,3,1,21.47,Monthly,Premium,0
13750,62,10,45.88,27,0,0,78.06,Two Year,Basic,0
13751,29,13,103.17,3,2,0,70.16,Monthly,Basic,0
13752,65,9,103.77,24,1,0,34.87,Monthly,Standard,0
13753,50,68,40.85,15,1,0,14.97,Two Year,Standard,0
13754,62,39,51.01,22,0,1,84.82,Monthly,Premium,0
13755,43,24,80.06,6,2,0,39.04,Monthly,Premium,0
13756,56,34,44.47,11,2,0,19.79,Yearly,Premium,0
13757,45,61,96.05,30,4,0,15.3,Monthly,Basic,0
13758,22,41,82.99,3,1,0,92.05,Yearly,Standard,0
13759,25,5,87.5,16,2,1,13.89,Monthly,Standard,1
13760,42,50,37.48,6,1,1,36.61,Monthly,Basic,0
13761,44,4,87.24,11,1,0,63.59,Yearly,Premium,0
13762,63,51,26.43,29,1,1,41.4,Yearly,Premium,1
13763,40,52,134.6,8,0,0,48.27,Yearly,Premium,0
13764,47,39,64.62,29,3,1,80.46,Monthly,Standard,0
13765,62,8,131.32,23,1,0,99.92,Yearly,Standard,0
13766,64,45,111.22,10,2,1,47.25,Yearly,Premium,0
13767,40,28,119.6,10,2,1,38.5,Yearly,Basic,0
13768,66,27,60.89,23,1,1,41.27,Two Year,Premium,0
13769,64,65,49.61,3,2,0,37.54,Monthly,Basic,0
13770,37,34,72.88,26,4,1,47.9,Yearly,Standard,0
13771,35,62,23.15,14,1,1,33.98,Yearly,Standard,0
13772,35,62,139.44,19,0,0,46.8,Monthly,Standard,0
13773,19,38,70.31,21,2,0,94.6,Yearly,Standard,0
13774,21,26,148.51,28,2,1,29.34,Monthly,Premium,0
13775,47,24,118.99,21,2,0,65.54,Yearly,Standard,0
13776,50,39,30.47,9,1,1,49.21,Yearly,Basic,0
13777,53,21,105.82,13,0,1,73.51,Yearly,Premium,0
13778,35,47,55.21,9,5,0,47.76,Monthly,Premium,0
13779,54,48,51.68,26,0,0,16.89,Monthly,Premium,0
13780,36,13,53.35,21,2,0,87.37,Monthly,Premium,0
13781,64,3,139.09,12,1,1,67.9,Monthly,Basic,0
13782,45,32,85.0,14,3,1,53.06,Yearly,Standard,1
13783,57,35,107.03,5,2,1,83.28,Yearly,Basic,0
13784,37,19,56.52,6,2,1,97.64,Yearly,Premium,0
13785,66,14,87.98,13,3,0,41.53,Two Year,Basic,0
13786,50,48,65.51,13,2,1,35.95,Monthly,Basic,0
13787,29,68,61.75,24,0,1,75.61,Two Year,Premium,0
13788,68,45,52.11,6,5,1,46.01,Monthly,Basic,1
13789,32,19,73.17,14,6,0,9.49,Monthly,Premium,0
13790,58,64,105.8,11,2,0,36.09,Monthly,Standard,0
13791,56,66,48.87,29,4,1,81.05,Yearly,Standard,0
13792,19,66,145.51,13,7,0,70.96,Yearly,Premium,0
13793,46,45,36.2,12,0,1,86.42,Two Year,Basic,0
13794,58,67,82.43,30,3,1,15.52,Monthly,Basic,0
13795,27,69,31.05,16,1,0,25.15,Monthly,Premium,0
13796,19,3,22.95,6,1,0,22.26,Monthly,Premium,1
13797,68,38,139.95,9,2,1,97.16,Two Year,Premium,0
13798,28,42,125.35,17,3,1,17.72,Monthly,Standard,0
13799,30,40,110.24,30,1,3,60.2,Yearly,Premium,0
13800,27,50,132.47,20,2,0,63.66,Monthly,Basic,0
13801,31,35,124.37,16,1,0,62.27,Monthly,Premium,0
13802,35,24,104.14,26,2,2,69.47,Monthly,Premium,1
13803,68,17,130.15,29,0,0,48.91,Monthly,Basic,0
13804,26,40,70.8,26,2,0,9.29,Monthly,Basic,0
13805,56,66,91.86,12,0,1,70.42,Monthly,Basic,0
13806,45,44,120.92,18,5,1,28.83,Two Year,Premium,0
13807,20,23,31.02,9,3,0,8.51,Monthly,Standard,1
13808,37,6,131.62,3,3,1,17.81,Yearly,Premium,0
13809,23,66,40.39,10,1,1,29.43,Yearly,Standard,0
13810,44,21,132.39,11,2,0,43.81,Monthly,Basic,0
13811,19,35,60.47,2,3,2,86.27,Monthly,Premium,0
13812,46,29,62.48,8,1,1,54.11,Yearly,Basic,0
13813,55,7,29.61,20,1,1,47.72,Monthly,Basic,0
13814,20,53,135.17,11,1,0,19.93,Monthly,Premium,0
13815,33,37,42.69,18,0,0,95.97,Yearly,Basic,0
13816,47,23,101.91,20,3,1,90.94,Yearly,Premium,0
13817,57,8,103.72,7,1,0,81.79,Yearly,Basic,1
13818,19,48,56.55,14,1,0,32.99,Monthly,Premium,0
13819,34,10,148.14,7,3,0,56.6,Yearly,Premium,1
13820,58,24,28.34,1,1,2,39.5,Monthly,Premium,0
13821,29,47,99.02,29,1,1,40.89,Monthly,Basic,0
13822,52,53,82.34,12,0,1,8.14,Monthly,Premium,0
13823,60,39,51.91,28,3,1,14.86,Monthly,Basic,1
13824,18,67,41.26,1,0,0,96.16,Yearly,Basic,0
13825,62,66,115.82,3,2,0,61.4,Monthly,Basic,0
13826,32,6,139.12,2,2,1,1.62,Monthly,Premium,0
13827,43,21,33.98,3,4,0,81.11,Monthly,Premium,0
13828,54,36,45.22,4,3,0,9.62,Monthly,Basic,1
13829,38,3,148.22,14,2,0,71.11,Monthly,Premium,0
13830,66,42,21.95,23,5,1,62.46,Yearly,Basic,0
13831,48,45,86.07,18,1,0,7.23,Yearly,Basic,1
13832,42,44,87.09,23,4,0,53.56,Two Year,Basic,1
13833,40,33,54.21,5,3,0,5.7,Monthly,Standard,0
13834,41,60,106.19,15,1,0,7.37,Monthly,Basic,0
13835,55,70,142.84,16,2,0,6.07,Two Year,Premium,0
13836,45,26,78.53,8,1,2,26.29,Yearly,Basic,0
13837,38,21,117.42,24,3,1,80.38,Yearly,Standard,1
13838,60,2,103.99,21,3,0,36.88,Two Year,Standard,0
13839,35,47,81.48,26,1,1,64.31,Yearly,Standard,0
13840,53,30,26.48,8,3,1,13.36,Yearly,Basic,0
13841,52,27,116.43,28,3,0,93.35,Yearly,Premium,0
13842,62,71,67.22,30,4,0,50.92,Yearly,Standard,0
13843,26,20,49.18,25,3,1,3.43,Yearly,Basic,1
13844,55,50,143.27,7,4,2,54.2,Monthly,Premium,0
13845,47,23,120.56,6,2,2,19.27,Two Year,Basic,0
13846,61,13,145.09,7,1,0,20.39,Two Year,Standard,1
13847,51,4,53.31,23,1,1,60.44,Monthly,Premium,0
13848,49,14,128.65,19,2,0,23.41,Yearly,Premium,0
13849,20,20,99.0,22,0,2,22.18,Yearly,Premium,0
13850,20,13,147.6,22,1,0,54.56,Monthly,Standard,0
13851,45,3,143.02,27,3,2,24.31,Monthly,Premium,1
13852,61,47,146.49,25,1,0,11.94,Yearly,Premium,1
13853,32,3,143.73,1,1,1,41.42,Monthly,Premium,0
13854,58,1,21.0,13,2,0,6.15,Two Year,Basic,0
13855,40,24,116.34,7,3,1,90.63,Two Year,Premium,0
13856,57,35,55.35,1,0,1,45.7,Yearly,Basic,0
13857,28,14,111.65,10,1,0,2.3,Two Year,Premium,0
13858,65,67,147.48,13,3,0,23.24,Yearly,Premium,0
13859,49,13,25.12,4,0,0,95.82,Monthly,Basic,1
13860,53,47,93.71,29,6,0,50.14,Monthly,Premium,0
13861,50,50,115.54,7,2,0,36.53,Two Year,Basic,1
13862,41,26,52.94,6,1,1,32.2,Yearly,Standard,0
13863,56,3,49.27,6,0,0,42.28,Monthly,Basic,0
13864,51,51,27.84,21,1,1,21.96,Yearly,Standard,0
13865,45,40,32.21,11,3,0,75.16,Monthly,Premium,1
13866,54,68,105.38,23,1,0,51.32,Monthly,Basic,0
13867,24,36,85.68,9,3,1,75.39,Monthly,Standard,1
13868,21,51,23.91,30,0,0,26.18,Monthly,Basic,0
13869,54,1,146.06,22,3,1,1.14,Yearly,Basic,1
13870,18,33,105.29,26,2,2,96.66,Yearly,Basic,0
13871,18,7,87.01,7,1,0,51.69,Yearly,Standard,0
13872,64,52,55.45,9,1,0,8.89,Monthly,Standard,0
13873,37,11,105.55,23,6,1,11.27,Yearly,Standard,0
13874,36,27,67.34,6,8,1,44.03,Two Year,Premium,1
13875,46,14,111.32,19,5,0,69.83,Monthly,Basic,0
13876,27,46,108.73,14,0,0,40.27,Monthly,Premium,0
13877,35,10,32.06,1,1,1,82.2,Yearly,Standard,0
13878,45,24,138.2,26,1,1,33.58,Yearly,Premium,0
13879,52,61,83.31,16,1,0,5.51,Monthly,Standard,0
13880,60,18,71.08,9,2,0,1.82,Two Year,Premium,1
13881,64,9,144.21,23,2,1,86.08,Monthly,Basic,0
13882,48,17,76.97,15,0,1,98.46,Yearly,Basic,0
13883,44,58,113.76,19,1,0,14.15,Yearly,Basic,0
13884,28,13,105.17,10,2,1,7.14,Monthly,Basic,0
13885,66,50,41.47,16,0,1,91.53,Monthly,Standard,0
13886,66,6,148.85,25,2,0,10.97,Two Year,Basic,0
13887,55,51,80.27,3,2,3,23.61,Monthly,Premium,1
13888,22,36,71.32,19,0,0,80.36,Monthly,Basic,0
13889,25,71,139.55,13,2,0,99.8,Two Year,Premium,0
13890,51,25,88.8,14,2,0,49.12,Monthly,Premium,0
13891,65,11,111.66,7,0,1,21.87,Monthly,Standard,1
13892,69,44,130.01,2,4,0,84.92,Monthly,Standard,0
13893,29,14,50.61,26,2,2,40.04,Monthly,Premium,0
13894,55,29,42.03,14,0,0,27.99,Monthly,Standard,0
13895,18,50,28.91,23,1,0,49.55,Yearly,Standard,0
13896,48,5,136.63,23,2,2,85.72,Monthly,Standard,0
13897,21,69,46.05,17,0,0,24.07,Yearly,Standard,0
13898,66,57,60.01,13,4,0,42.96,Two Year,Basic,0
13899,62,26,57.15,26,3,0,44.98,Monthly,Basic,1
13900,67,6,59.6,27,1,0,83.44,Yearly,Premium,0
13901,22,16,106.85,2,0,1,67.92,Yearly,Premium,0
13902,47,60,144.03,5,4,1,78.27,Monthly,Premium,0
13903,41,12,62.83,30,0,1,69.65,Yearly,Standard,0
13904,20,3,72.99,4,2,0,59.67,Monthly,Basic,0
13905,28,63,120.25,30,1,0,14.11,Monthly,Premium,0
13906,62,64,76.2,3,0,0,83.46,Yearly,Basic,0
13907,21,62,140.39,26,3,1,61.12,Two Year,Premium,0
13908,43,6,85.42,14,2,0,70.42,Yearly,Standard,0
13909,44,19,65.21,11,0,0,78.1,Monthly,Basic,0
13910,63,18,146.3,8,2,0,31.86,Yearly,Premium,0
13911,60,43,75.35,23,1,0,44.29,Yearly,Basic,0
13912,44,3,50.05,9,6,1,54.59,Monthly,Basic,1
13913,59,38,43.1,16,0,0,34.94,Yearly,Standard,0
13914,68,68,149.37,3,5,1,26.6,Yearly,Basic,0
13915,67,44,117.89,10,1,2,77.91,Monthly,Standard,0
13916,23,63,73.13,1,1,1,75.62,Yearly,Basic,0
13917,32,42,127.43,9,2,1,83.35,Yearly,Standard,1
13918,47,64,91.08,16,4,0,69.97,Yearly,Basic,1
13919,59,54,61.26,9,4,0,31.86,Yearly,Premium,0
13920,54,71,116.64,28,1,0,33.37,Yearly,Standard,0
13921,54,37,116.97,12,2,0,53.25,Yearly,Basic,0
13922,59,4,85.02,1,3,2,83.72,Yearly,Standard,0
13923,54,2,25.87,16,1,1,35.28,Monthly,Standard,1
13924,52,44,30.01,30,2,1,76.83,Two Year,Standard,0
13925,40,67,122.54,8,2,3,31.26,Monthly,Premium,1
13926,23,68,127.05,14,3,0,34.51,Monthly,Basic,0
13927,21,62,108.18,14,2,0,75.48,Two Year,Premium,0
13928,35,1,129.08,10,2,1,68.18,Monthly,Standard,0
13929,26,17,113.53,1,5,1,21.61,Two Year,Basic,0
13930,66,16,136.6,6,3,0,82.88,Monthly,Standard,0
13931,46,9,39.55,9,2,0,78.68,Monthly,Basic,0
13932,30,53,70.41,19,3,1,79.94,Yearly,Standard,0
13933,64,59,80.33,22,1,1,47.56,Monthly,Premium,0
13934,69,9,58.7,16,2,0,33.54,Yearly,Standard,0
13935,34,12,114.3,19,5,1,85.13,Yearly,Standard,0
13936,62,41,138.62,11,3,0,59.23,Yearly,Basic,0
13937,49,15,73.62,30,2,2,93.17,Yearly,Premium,0
13938,65,66,142.4,21,0,1,26.13,Two Year,Standard,0
13939,39,11,87.18,11,4,1,97.59,Yearly,Premium,1
13940,21,8,87.93,14,1,3,38.54,Monthly,Premium,0
13941,22,55,98.03,7,0,0,39.06,Yearly,Basic,0
13942,54,6,54.88,27,4,0,24.64,Monthly,Basic,0
13943,58,53,69.84,26,0,0,96.54,Yearly,Basic,0
13944,66,20,91.92,12,3,0,4.93,Yearly,Premium,1
13945,30,39,142.46,20,2,0,47.86,Yearly,Standard,0
13946,51,34,103.55,20,2,0,37.18,Yearly,Basic,0
13947,62,57,63.31,23,2,0,16.77,Monthly,Premium,0
13948,39,19,21.36,5,0,0,71.61,Yearly,Premium,0
13949,40,71,147.62,1,4,0,89.93,Two Year,Standard,0
13950,68,31,84.09,11,1,0,25.11,Monthly,Premium,0
13951,20,40,142.0,15,2,2,50.27,Monthly,Basic,0
13952,59,14,91.41,10,2,1,58.24,Two Year,Basic,0
13953,51,37,98.71,29,1,1,39.66,Monthly,Basic,0
13954,49,44,112.55,15,2,0,92.23,Monthly,Basic,0
13955,62,9,61.73,28,3,1,46.69,Yearly,Basic,1
13956,68,58,110.87,13,1,0,98.3,Monthly,Premium,0
13957,66,20,88.48,15,1,0,30.23,Yearly,Basic,0
13958,38,50,107.42,2,5,1,8.25,Monthly,Basic,1
13959,63,20,128.66,22,1,0,57.92,Monthly,Basic,0
13960,61,36,43.95,13,3,0,82.51,Two Year,Basic,0
13961,38,27,99.76,12,1,1,39.45,Monthly,Standard,0
13962,61,32,26.77,25,1,1,19.32,Monthly,Premium,1
13963,28,1,33.27,23,1,0,74.09,Yearly,Premium,0
13964,56,17,107.7,4,0,0,27.82,Yearly,Basic,1
13965,21,9,29.22,28,4,0,77.2,Monthly,Standard,0
13966,68,45,97.4,12,2,1,26.97,Two Year,Standard,0
13967,18,66,48.6,15,0,0,56.17,Monthly,Standard,0
13968,45,32,59.53,13,3,0,88.88,Monthly,Basic,0
13969,41,45,36.85,2,2,0,21.26,Monthly,Standard,0
13970,52,9,52.33,20,1,1,82.25,Monthly,Standard,1
13971,30,30,126.77,16,0,0,27.28,Monthly,Basic,0
13972,64,38,103.05,14,2,2,66.41,Two Year,Basic,0
13973,51,60,143.47,21,0,1,25.13,Yearly,Standard,0
13974,28,1,26.34,2,2,0,12.34,Monthly,Premium,0
13975,53,5,123.01,17,1,1,66.74,Monthly,Basic,0
13976,68,63,110.88,16,3,0,59.89,Yearly,Premium,0
13977,34,36,53.92,4,0,1,40.75,Monthly,Premium,1
13978,52,65,114.79,11,5,1,4.63,Monthly,Premium,0
13979,35,24,113.15,13,1,0,48.05,Monthly,Basic,0
13980,57,4,79.71,6,1,0,15.72,Yearly,Premium,1
13981,39,68,109.52,17,3,0,36.59,Monthly,Basic,0
13982,41,25,77.8,1,4,0,59.03,Yearly,Basic,0
13983,36,7,63.62,9,3,1,94.0,Two Year,Premium,0
13984,54,13,80.64,21,3,0,51.62,Yearly,Standard,0
13985,56,68,136.37,18,2,0,20.28,Yearly,Standard,0
13986,38,43,70.0,11,2,1,94.68,Monthly,Basic,0
13987,25,57,72.48,14,2,4,3.57,Two Year,Premium,0
13988,45,36,99.09,2,5,0,64.64,Two Year,Premium,0
13989,22,14,117.89,20,1,0,26.98,Monthly,Standard,0
13990,34,27,115.5,11,1,1,75.99,Two Year,Premium,0
13991,54,37,22.57,2,1,0,33.79,Two Year,Basic,0
13992,53,71,109.36,4,0,0,43.45,Two Year,Basic,0
13993,36,25,78.57,27,0,1,77.27,Monthly,Premium,0
13994,44,67,88.13,13,0,0,89.88,Two Year,Standard,0
13995,51,4,93.02,6,3,1,19.07,Monthly,Premium,0
13996,28,16,115.12,7,1,1,30.33,Monthly,Basic,0
13997,62,19,128.07,22,2,0,1.43,Monthly,Basic,0
13998,64,29,104.01,20,0,1,85.8,Monthly,Basic,0
13999,29,51,93.31,26,1,1,94.77,Monthly,Standard,0
14000,38,18,68.59,3,1,0,28.67,Monthly,Basic,0
14001,28,58,37.92,4,5,0,39.07,Yearly,Basic,1
14002,56,44,144.62,28,1,2,43.47,Monthly,Premium,1
14003,45,16,80.04,21,4,1,41.57,Two Year,Premium,0
14004,22,65,93.61,20,1,0,39.89,Monthly,Standard,0
14005,34,2,117.64,3,1,1,48.11,Monthly,Standard,0
14006,37,56,28.89,1,2,1,16.22,Monthly,Premium,0
14007,58,28,131.15,19,1,2,6.71,Monthly,Basic,0
14008,63,65,123.61,27,1,0,72.63,Yearly,Basic,1
14009,29,5,120.68,21,4,1,84.81,Monthly,Basic,0
14010,23,22,22.86,13,3,0,81.21,Monthly,Premium,0
14011,34,13,88.45,14,2,0,63.04,Monthly,Basic,0
14012,68,65,27.05,22,3,0,96.91,Monthly,Premium,0
14013,36,16,91.61,28,2,0,1.15,Monthly,Standard,1
14014,43,64,113.4,16,2,1,32.63,Monthly,Basic,0
14015,65,32,35.84,30,2,0,31.69,Yearly,Premium,0
14016,61,51,110.33,29,0,0,35.62,Yearly,Basic,0
14017,61,58,78.44,4,2,0,80.2,Monthly,Premium,0
14018,69,46,125.5,17,1,1,35.8,Two Year,Basic,0
14019,49,52,89.37,10,1,0,53.18,Monthly,Standard,0
14020,23,63,63.7,29,5,0,61.78,Yearly,Standard,0
14021,53,60,63.16,7,4,1,84.69,Yearly,Premium,0
14022,55,65,136.67,13,1,3,61.97,Monthly,Premium,0
14023,28,55,78.87,25,3,0,38.75,Monthly,Standard,0
14024,50,57,72.75,13,1,0,69.78,Monthly,Premium,0
14025,41,71,25.18,22,5,0,52.04,Monthly,Standard,0
14026,40,26,67.36,14,2,1,53.31,Monthly,Basic,1
14027,32,12,130.45,6,2,0,34.18,Yearly,Standard,1
14028,44,71,118.93,16,5,1,1.16,Yearly,Basic,0
14029,28,46,48.72,9,1,0,36.23,Two Year,Premium,0
14030,68,47,73.7,20,2,1,30.97,Monthly,Standard,0
14031,67,38,45.56,16,5,1,10.93,Yearly,Basic,0
14032,34,21,144.05,21,0,0,20.66,Two Year,Standard,0
14033,68,14,97.76,21,0,0,98.11,Yearly,Basic,0
14034,31,2,118.07,30,0,1,28.7,Yearly,Premium,0
14035,44,70,112.8,12,1,0,52.3,Two Year,Premium,0
14036,35,33,133.58,16,5,0,55.38,Two Year,Standard,0
14037,45,6,143.41,5,3,0,56.44,Yearly,Basic,0
14038,68,37,24.22,24,10,2,5.69,Yearly,Premium,0
14039,64,14,146.79,11,2,0,77.37,Monthly,Basic,0
14040,64,37,133.17,1,2,1,73.3,Monthly,Premium,0
14041,21,8,69.78,10,5,0,97.74,Yearly,Basic,0
14042,24,13,128.82,11,3,1,19.28,Monthly,Basic,0
14043,62,40,115.75,15,2,0,55.83,Monthly,Basic,0
14044,52,58,123.1,26,1,0,80.58,Monthly,Basic,0
14045,65,18,48.69,27,2,1,13.31,Two Year,Premium,1
14046,26,57,104.31,3,6,1,79.17,Two Year,Basic,0
14047,25,38,23.37,24,1,0,27.73,Monthly,Basic,0
14048,69,32,130.27,15,3,0,28.8,Monthly,Standard,0
14049,62,66,143.64,11,3,0,94.61,Yearly,Premium,0
14050,34,25,106.08,9,4,2,32.07,Monthly,Standard,0
14051,34,58,86.65,2,4,0,58.84,Monthly,Standard,0
14052,66,33,114.35,12,3,0,44.57,Two Year,Basic,0
14053,50,66,62.43,20,2,0,8.74,Monthly,Standard,0
14054,49,30,101.43,30,4,1,95.1,Monthly,Basic,0
14055,25,34,113.47,16,3,1,22.16,Yearly,Standard,0
14056,36,69,38.55,24,1,0,27.5,Monthly,Premium,0
14057,55,48,38.21,16,2,0,38.35,Monthly,Premium,0
14058,20,40,113.1,21,0,0,50.36,Yearly,Standard,0
14059,22,51,76.13,1,1,0,15.28,Monthly,Standard,0
14060,30,13,135.6,16,2,0,63.36,Monthly,Premium,0
14061,64,31,60.55,6,2,1,51.96,Monthly,Basic,0
14062,63,39,25.52,14,3,0,31.0,Monthly,Standard,0
14063,48,63,104.48,25,1,0,69.57,Yearly,Basic,0
14064,33,48,108.95,25,3,0,51.89,Two Year,Basic,0
14065,67,48,91.97,11,2,1,84.23,Yearly,Basic,0
14066,49,61,108.83,1,1,0,85.69,Two Year,Premium,0
14067,39,12,88.09,20,3,0,98.03,Monthly,Premium,1
14068,46,56,110.04,17,1,0,7.67,Monthly,Standard,0
14069,39,18,25.71,23,1,2,41.11,Monthly,Standard,0
14070,60,27,67.89,19,1,0,50.65,Two Year,Premium,0
14071,20,28,47.41,2,1,0,24.15,Monthly,Basic,0
14072,27,52,32.91,14,0,1,92.28,Yearly,Standard,0
14073,59,16,50.43,8,2,1,9.72,Yearly,Standard,0
14074,38,58,44.87,25,1,0,43.42,Monthly,Premium,0
14075,33,9,146.51,23,2,0,19.33,Two Year,Standard,1
14076,29,26,57.25,22,5,2,68.53,Monthly,Standard,0
14077,19,28,50.02,26,4,0,70.79,Monthly,Standard,0
14078,58,36,128.53,29,2,0,87.38,Two Year,Basic,0
14079,41,9,74.49,27,2,1,41.49,Yearly,Premium,1
14080,52,47,74.79,6,5,1,77.74,Yearly,Basic,0
14081,47,51,77.67,9,0,1,55.41,Two Year,Premium,0
14082,47,57,74.15,5,0,0,81.41,Yearly,Basic,0
14083,64,32,62.45,5,2,0,9.45,Monthly,Standard,1
14084,52,67,57.22,18,1,0,46.88,Two Year,Basic,0
14085,36,57,134.65,22,0,1,15.91,Yearly,Basic,0
14086,67,54,41.02,14,3,0,79.25,Monthly,Premium,0
14087,25,16,43.54,12,3,2,16.11,Two Year,Standard,1
14088,43,62,94.32,28,2,0,1.8,Monthly,Premium,0
14089,66,56,64.68,12,1,1,93.02,Yearly,Standard,0
14090,57,23,74.8,22,2,0,48.98,Monthly,Standard,1
14091,24,17,124.85,6,4,0,98.53,Monthly,Standard,0
14092,47,38,137.47,4,3,0,45.85,Monthly,Basic,1
14093,24,30,122.77,27,2,0,59.49,Monthly,Basic,0
14094,20,58,50.54,15,2,2,74.67,Yearly,Standard,0
14095,18,22,147.4,23,3,1,28.8,Yearly,Premium,1
14096,53,17,67.21,15,3,1,14.15,Yearly,Premium,1
14097,42,15,41.98,25,2,0,66.45,Monthly,Basic,0
14098,54,48,84.93,17,3,0,51.56,Two Year,Premium,0
14099,18,32,114.29,3,1,1,82.85,Two Year,Standard,0
14100,32,40,30.83,10,2,2,5.46,Monthly,Premium,0
14101,54,57,102.46,25,5,1,54.93,Monthly,Standard,1
14102,30,58,131.55,30,2,1,19.39,Monthly,Premium,0
14103,57,16,54.03,21,0,1,62.11,Two Year,Basic,0
14104,25,28,110.11,22,5,1,76.28,Two Year,Premium,0
14105,22,1,71.99,8,2,1,27.04,Monthly,Basic,0
14106,26,41,73.84,9,3,1,48.7,Two Year,Premium,0
14107,18,48,56.51,24,2,1,42.6,Monthly,Basic,0
14108,53,31,101.17,3,1,0,75.73,Yearly,Premium,0
14109,52,36,66.93,26,2,0,60.39,Monthly,Standard,0
14110,19,33,128.02,1,2,0,12.95,Monthly,Premium,0
14111,57,33,145.18,11,5,2,97.7,Yearly,Premium,0
14112,40,23,141.56,13,0,1,91.32,Yearly,Premium,0
14113,26,60,41.21,12,2,1,58.29,Monthly,Standard,0
14114,51,30,21.84,29,3,1,77.97,Two Year,Standard,0
14115,63,45,77.0,21,1,0,2.98,Monthly,Basic,0
14116,31,39,114.75,7,2,0,20.95,Monthly,Premium,0
14117,21,45,147.07,2,2,0,77.02,Two Year,Standard,0
14118,47,12,121.84,1,5,0,11.51,Two Year,Basic,0
14119,48,32,95.47,20,2,0,5.23,Yearly,Premium,0
14120,55,56,23.43,3,1,0,61.96,Monthly,Standard,0
14121,28,24,127.32,4,2,2,4.39,Yearly,Standard,0
14122,52,13,43.03,17,3,2,19.13,Yearly,Premium,1
14123,25,20,27.23,18,2,0,8.92,Yearly,Standard,1
14124,20,56,130.55,17,5,0,53.89,Yearly,Basic,0
14125,31,53,93.61,19,4,0,68.02,Yearly,Basic,0
14126,30,68,36.71,4,2,1,19.15,Monthly,Standard,0
14127,62,54,70.25,29,0,1,47.41,Monthly,Standard,0
14128,49,34,31.12,17,1,0,3.0,Yearly,Standard,0
14129,51,28,102.94,22,0,0,27.2,Monthly,Basic,0
14130,62,50,56.72,2,3,0,18.78,Monthly,Basic,0
14131,36,2,132.59,10,0,2,17.43,Yearly,Standard,0
14132,55,26,66.51,12,3,0,23.28,Yearly,Basic,0
14133,33,51,84.3,13,1,1,80.73,Monthly,Premium,0
14134,19,47,28.26,11,4,1,95.03,Yearly,Basic,1
14135,57,26,55.83,21,2,1,70.9,Yearly,Standard,0
14136,34,61,107.98,8,2,1,8.15,Two Year,Basic,0
14137,51,23,115.71,28,2,0,63.19,Yearly,Premium,0
14138,59,37,51.57,29,0,0,73.68,Monthly,Standard,0
14139,33,41,85.5,20,1,1,12.0,Yearly,Basic,0
14140,55,52,126.28,5,2,1,30.14,Monthly,Premium,0
14141,19,49,69.39,25,3,0,43.41,Yearly,Basic,0
14142,19,27,37.39,2,2,2,31.76,Two Year,Premium,0
14143,43,6,76.14,12,1,0,52.31,Yearly,Premium,0
14144,30,66,98.08,28,1,1,13.96,Monthly,Basic,0
14145,64,24,20.96,2,1,0,45.03,Monthly,Standard,0
14146,48,38,65.31,6,0,0,73.59,Two Year,Premium,0
14147,51,28,98.97,22,2,0,46.63,Two Year,Standard,1
14148,56,28,143.75,19,3,0,21.83,Two Year,Premium,1
14149,20,66,73.11,12,0,0,80.41,Yearly,Premium,0
14150,25,61,41.19,25,1,2,40.05,Monthly,Premium,0
14151,40,46,89.45,13,1,1,43.08,Monthly,Standard,0
14152,31,69,57.15,17,2,0,36.4,Two Year,Basic,0
14153,44,43,47.92,12,6,0,29.68,Monthly,Premium,0
14154,46,59,96.75,3,3,0,60.59,Monthly,Basic,0
14155,56,2,139.06,24,2,0,19.59,Yearly,Premium,1
14156,56,15,128.58,8,3,1,77.15,Monthly,Premium,1
14157,18,37,43.7,16,1,2,48.69,Yearly,Premium,1
14158,34,71,119.56,4,3,1,88.48,Yearly,Premium,0
14159,58,20,49.88,24,1,0,93.95,Yearly,Basic,0
14160,47,35,57.79,27,1,1,38.91,Monthly,Basic,0
14161,30,34,139.61,26,2,0,16.72,Monthly,Standard,0
14162,38,31,138.44,13,0,0,51.02,Monthly,Premium,0
14163,36,19,41.92,8,0,1,27.77,Monthly,Basic,1
14164,36,68,28.34,1,2,0,43.23,Two Year,Basic,1
14165,42,24,58.11,3,1,1,38.37,Monthly,Basic,0
14166,39,39,95.63,1,3,0,45.6,Yearly,Basic,1
14167,48,54,134.0,15,1,0,50.36,Yearly,Standard,0
14168,34,39,35.45,18,1,0,63.12,Monthly,Premium,0
14169,40,17,73.94,20,2,1,1.38,Monthly,Premium,1
14170,49,19,55.33,3,3,0,26.39,Two Year,Premium,0
14171,27,48,21.94,29,2,0,17.86,Two Year,Basic,0
14172,27,35,122.5,15,2,0,71.33,Two Year,Premium,0
14173,53,32,125.73,27,0,1,83.4,Monthly,Standard,0
14174,25,47,48.76,22,0,1,72.85,Monthly,Standard,0
14175,69,47,39.66,28,1,0,97.49,Two Year,Basic,0
14176,37,64,38.79,28,4,0,8.65,Monthly,Basic,0
14177,49,46,80.31,5,3,1,47.01,Yearly,Premium,0
14178,67,35,52.04,21,5,1,90.04,Monthly,Standard,0
14179,31,17,86.48,10,0,0,32.59,Yearly,Basic,1
14180,67,42,70.03,7,0,1,80.43,Two Year,Premium,0
14181,45,29,47.42,23,0,0,56.61,Monthly,Standard,1
14182,63,70,117.65,25,0,0,97.88,Monthly,Basic,0
14183,69,17,39.55,8,1,0,37.73,Yearly,Basic,0
14184,41,14,123.86,3,1,2,42.3,Monthly,Premium,0
14185,32,24,92.99,18,1,0,17.22,Monthly,Basic,0
14186,39,57,128.16,17,4,1,16.8,Two Year,Basic,0
14187,47,50,20.62,16,3,0,86.24,Two Year,Premium,0
14188,21,57,117.39,26,2,0,41.32,Yearly,Basic,0
14189,30,61,26.7,22,1,0,62.43,Yearly,Basic,0
14190,40,39,143.51,29,0,1,75.47,Two Year,Basic,1
14191,25,55,111.36,13,0,0,44.39,Monthly,Basic,1
14192,35,36,61.62,4,4,1,95.42,Monthly,Premium,0
14193,29,37,61.58,3,1,0,93.88,Yearly,Premium,0
14194,48,14,131.99,11,2,1,68.33,Monthly,Premium,0
14195,31,27,137.37,27,4,0,99.53,Monthly,Standard,0
14196,51,31,135.9,2,1,0,1.26,Monthly,Basic,0
14197,35,44,125.14,18,1,1,1.92,Yearly,Basic,0
14198,51,68,126.47,27,0,1,7.69,Monthly,Standard,0
14199,28,48,94.46,4,1,0,94.41,Monthly,Standard,1
14200,58,57,23.67,17,1,1,60.88,Yearly,Standard,0
14201,29,22,31.28,6,2,0,92.84,Monthly,Basic,0
14202,66,4,104.44,10,3,0,13.58,Monthly,Standard,1
14203,32,46,72.15,11,2,0,4.17,Two Year,Premium,1
14204,48,59,93.75,5,1,0,54.78,Yearly,Standard,0
14205,66,34,50.04,26,2,0,18.35,Yearly,Premium,0
14206,46,11,104.42,25,4,0,86.12,Monthly,Standard,0
14207,43,31,51.57,18,1,3,42.62,Monthly,Premium,0
14208,35,11,79.91,25,2,0,77.28,Monthly,Basic,0
14209,49,56,82.23,25,2,0,52.13,Yearly,Basic,0
14210,39,38,43.1,10,1,0,53.34,Yearly,Premium,0
14211,55,21,133.91,9,3,0,68.5,Yearly,Premium,0
14212,34,10,88.36,16,3,1,34.21,Monthly,Standard,1
14213,40,26,132.68,10,1,0,94.94,Monthly,Premium,0
14214,41,8,54.13,10,6,0,40.64,Yearly,Basic,0
14215,67,8,42.4,4,0,0,40.41,Two Year,Basic,0
14216,25,60,22.34,21,4,0,71.03,Monthly,Basic,0
14217,58,34,32.2,24,1,0,63.99,Yearly,Standard,0
14218,23,16,39.17,14,1,0,99.58,Yearly,Standard,0
14219,22,13,30.25,8,2,0,85.17,Two Year,Standard,0
14220,61,22,136.59,1,3,0,29.17,Monthly,Premium,1
14221,46,27,138.49,16,2,0,11.05,Two Year,Premium,0
14222,45,64,141.86,26,3,0,11.56,Two Year,Standard,0
14223,28,2,144.78,17,2,0,36.8,Two Year,Premium,0
14224,18,26,83.94,10,1,1,48.24,Two Year,Standard,0
14225,60,69,88.9,6,1,1,64.08,Yearly,Standard,0
14226,36,30,37.01,7,1,2,85.91,Monthly,Premium,0
14227,26,8,37.82,18,3,0,98.96,Two Year,Basic,0
14228,44,38,120.46,2,6,0,41.46,Monthly,Premium,0
14229,51,61,131.24,21,2,0,55.01,Yearly,Standard,0
14230,61,65,122.01,9,1,0,60.47,Monthly,Standard,0
14231,21,67,128.49,5,3,1,56.3,Monthly,Basic,0
14232,53,46,55.95,8,1,1,9.94,Monthly,Premium,1
14233,35,43,80.59,24,5,0,12.39,Yearly,Standard,0
14234,32,59,79.7,5,1,0,88.99,Monthly,Basic,0
14235,68,46,149.39,24,2,1,67.88,Monthly,Premium,0
14236,30,35,143.39,15,3,0,68.2,Monthly,Premium,0
14237,36,39,97.8,8,0,2,81.66,Monthly,Premium,0
14238,66,51,37.94,5,4,0,9.33,Two Year,Standard,0
14239,23,4,53.62,5,2,0,42.13,Two Year,Standard,0
14240,65,51,67.29,20,3,0,25.42,Yearly,Basic,0
14241,29,5,133.52,17,4,0,66.42,Monthly,Basic,0
14242,68,55,42.18,9,2,1,22.28,Yearly,Premium,0
14243,54,20,48.57,2,1,1,69.52,Yearly,Basic,0
14244,34,24,65.42,1,3,1,39.4,Yearly,Standard,1
14245,40,36,140.5,22,0,2,44.5,Two Year,Standard,0
14246,43,34,85.5,21,3,0,81.98,Two Year,Standard,0
14247,46,54,104.09,11,0,0,35.47,Monthly,Standard,0
14248,50,34,70.34,15,3,2,26.4,Yearly,Basic,0
14249,44,17,44.51,1,1,2,85.18,Monthly,Standard,0
14250,42,5,48.96,7,2,0,68.85,Two Year,Standard,1
14251,27,18,124.35,23,2,1,40.99,Yearly,Basic,0
14252,64,55,136.15,19,2,1,50.36,Yearly,Standard,0
14253,40,53,84.1,24,5,0,35.44,Yearly,Premium,0
14254,38,50,66.41,15,1,1,55.57,Monthly,Basic,0
14255,38,45,125.02,6,2,0,14.73,Monthly,Standard,0
14256,60,13,107.5,20,0,1,88.96,Monthly,Basic,0
14257,30,16,25.31,26,2,0,55.85,Monthly,Standard,0
14258,54,13,65.6,26,1,0,39.14,Monthly,Premium,0
14259,50,20,108.68,10,4,0,57.59,Two Year,Standard,1
14260,41,66,94.58,12,3,0,16.96,Monthly,Premium,0
14261,61,47,147.15,13,2,0,8.77,Two Year,Premium,0
14262,28,19,132.59,15,1,1,55.26,Monthly,Premium,0
14263,34,45,27.77,19,0,0,7.98,Monthly,Basic,0
14264,21,37,114.35,17,3,1,66.43,Two Year,Premium,0
14265,64,54,63.72,13,2,0,80.22,Two Year,Premium,0
14266,42,6,108.67,2,4,1,98.85,Monthly,Premium,0
14267,47,14,100.24,18,2,0,77.16,Monthly,Basic,1
14268,26,4,85.4,29,4,0,97.44,Monthly,Premium,0
14269,38,55,130.88,11,4,2,3.2,Yearly,Premium,0
14270,37,34,112.13,5,2,0,56.33,Monthly,Standard,0
14271,36,27,135.64,4,1,1,17.31,Monthly,Premium,0
14272,36,7,56.61,2,2,0,25.27,Two Year,Basic,0
14273,29,3,65.26,27,0,0,73.72,Two Year,Standard,0
14274,54,47,100.85,16,1,2,26.03,Two Year,Basic,0
14275,59,2,145.64,25,4,0,18.8,Yearly,Standard,0
14276,34,25,68.31,7,0,0,37.81,Monthly,Premium,1
14277,54,60,24.2,8,0,0,9.24,Yearly,Premium,1
14278,65,24,77.97,8,2,0,15.5,Two Year,Premium,1
14279,56,15,90.71,2,0,0,15.5,Monthly,Premium,1
14280,45,14,124.13,15,0,0,23.38,Two Year,Basic,1
14281,58,54,114.72,5,3,0,87.2,Monthly,Premium,0
14282,52,6,145.41,19,0,0,30.23,Monthly,Standard,1
14283,64,18,121.75,10,3,1,28.11,Monthly,Premium,0
14284,65,20,58.82,9,1,1,13.47,Two Year,Basic,1
14285,35,62,103.38,25,1,0,2.59,Monthly,Basic,0
14286,31,40,107.39,22,6,0,16.88,Monthly,Premium,1
14287,52,39,149.74,29,3,1,72.57,Yearly,Premium,0
14288,61,52,38.04,20,1,0,97.01,Two Year,Premium,0
14289,58,32,44.87,8,1,0,74.64,Monthly,Basic,0
14290,24,27,40.22,5,0,3,85.47,Yearly,Basic,0
14291,58,52,96.58,19,2,1,78.89,Two Year,Standard,0
14292,30,63,37.59,13,2,2,30.31,Two Year,Premium,0
14293,35,63,105.28,27,2,2,73.39,Two Year,Basic,1
14294,54,17,124.49,14,2,1,75.31,Two Year,Premium,0
14295,30,49,76.26,8,2,1,26.6,Monthly,Premium,0
14296,53,23,92.89,16,0,0,92.14,Monthly,Standard,0
14297,48,13,138.65,30,3,0,99.8,Two Year,Standard,0
14298,19,23,94.04,30,3,2,56.57,Yearly,Basic,0
14299,33,57,47.12,28,5,0,32.34,Monthly,Standard,0
14300,26,62,64.62,22,3,1,36.4,Yearly,Basic,0
14301,26,54,88.88,5,1,3,58.66,Monthly,Premium,0
14302,55,20,40.14,1,1,1,1.77,Yearly,Basic,0
14303,28,52,99.63,19,0,0,31.53,Monthly,Standard,0
14304,39,23,149.9,23,2,0,5.85,Yearly,Basic,1
14305,50,35,104.83,19,2,1,62.79,Two Year,Premium,0
14306,53,67,68.41,17,2,0,60.8,Yearly,Premium,0
14307,62,34,63.13,24,1,0,59.51,Yearly,Premium,0
14308,40,33,141.11,23,3,0,15.95,Monthly,Basic,0
14309,62,46,133.3,21,3,1,94.51,Monthly,Premium,0
14310,62,45,81.41,28,1,0,53.89,Yearly,Standard,0
14311,51,19,65.94,10,4,0,56.03,Yearly,Basic,0
14312,26,15,112.36,5,3,0,54.88,Monthly,Basic,1
14313,41,66,60.89,22,4,0,52.92,Two Year,Premium,0
14314,25,39,35.52,7,3,0,93.9,Yearly,Standard,0
14315,24,18,60.32,16,2,1,60.6,Yearly,Basic,0
14316,53,70,76.46,29,1,0,49.03,Monthly,Basic,0
14317,35,59,53.2,3,4,0,76.88,Two Year,Basic,0
14318,20,32,48.19,27,5,1,25.89,Two Year,Premium,0
14319,45,21,20.8,12,5,0,20.01,Yearly,Standard,0
14320,23,40,102.01,14,2,0,44.48,Monthly,Basic,0
14321,61,27,99.88,28,1,0,2.55,Monthly,Standard,0
14322,61,2,44.44,20,2,0,30.06,Monthly,Premium,1
14323,38,39,142.67,1,2,0,42.59,Monthly,Premium,0
14324,45,56,73.24,7,3,0,58.29,Monthly,Standard,1
14325,57,13,23.31,26,2,0,54.78,Monthly,Standard,0
14326,18,56,48.57,18,1,1,37.37,Monthly,Premium,0
14327,53,66,109.97,23,3,0,34.98,Two Year,Standard,0
14328,38,56,46.21,22,1,0,1.13,Yearly,Standard,0
14329,60,28,27.01,4,1,0,88.23,Monthly,Basic,0
14330,52,64,100.3,16,0,0,23.9,Yearly,Standard,0
14331,30,71,87.39,11,1,0,36.44,Monthly,Premium,0
14332,66,64,118.96,18,2,0,3.01,Two Year,Premium,0
14333,27,56,120.44,23,2,3,95.73,Yearly,Premium,0
14334,61,41,144.79,16,2,3,49.96,Yearly,Standard,0
14335,64,41,27.41,7,4,1,3.3,Monthly,Standard,0
14336,27,4,25.07,21,3,0,25.87,Monthly,Basic,0
14337,63,57,148.34,25,2,0,88.05,Yearly,Basic,0
14338,30,30,103.83,3,1,3,38.19,Yearly,Standard,0
14339,54,46,113.0,25,0,0,69.25,Monthly,Standard,0
14340,55,56,32.54,5,2,1,61.77,Monthly,Standard,1
14341,41,31,29.08,18,1,0,47.72,Monthly,Basic,1
14342,19,7,40.83,25,2,2,83.49,Monthly,Premium,0
14343,39,54,75.54,30,1,1,5.0,Monthly,Premium,0
14344,34,8,34.32,17,2,0,91.33,Monthly,Basic,0
14345,53,55,78.02,1,1,1,72.09,Two Year,Standard,0
14346,31,69,93.0,16,2,0,86.51,Yearly,Standard,0
14347,27,44,20.04,15,3,0,2.68,Two Year,Basic,0
14348,52,13,34.85,13,1,0,9.39,Monthly,Premium,0
14349,42,20,68.78,7,3,0,21.38,Two Year,Basic,1
14350,20,32,26.93,3,4,0,59.76,Two Year,Premium,0
14351,64,60,37.36,24,2,2,10.15,Monthly,Basic,0
14352,55,50,50.13,23,0,1,93.22,Yearly,Basic,0
14353,34,27,75.85,27,3,1,75.11,Yearly,Premium,0
14354,29,25,112.93,13,0,1,80.95,Monthly,Standard,1
14355,69,52,37.25,16,4,0,58.8,Monthly,Basic,1
14356,41,68,115.93,23,1,1,63.46,Monthly,Basic,0
14357,46,21,131.16,1,0,1,22.88,Two Year,Standard,1
14358,60,18,104.69,1,1,1,91.09,Yearly,Premium,1
14359,42,39,25.68,28,1,2,65.24,Monthly,Basic,0
14360,53,15,77.28,16,1,1,42.36,Yearly,Standard,1
14361,43,53,105.81,30,1,1,88.29,Monthly,Standard,0
14362,55,38,147.21,2,4,0,86.52,Monthly,Standard,0
14363,18,48,143.74,18,1,0,1.05,Yearly,Premium,0
14364,37,52,71.44,27,2,1,92.56,Two Year,Basic,0
14365,45,28,100.07,21,2,0,36.98,Monthly,Basic,1
14366,33,16,135.81,25,4,0,42.79,Monthly,Standard,0
14367,64,16,128.04,23,2,0,9.45,Monthly,Standard,0
14368,34,35,82.32,30,2,0,87.88,Monthly,Standard,0
14369,57,17,53.96,18,2,0,54.38,Monthly,Premium,0
14370,45,52,37.82,5,1,1,90.66,Monthly,Basic,0
14371,29,12,83.44,5,1,1,78.3,Yearly,Standard,1
14372,44,48,113.97,8,0,1,89.9,Monthly,Basic,0
14373,59,22,146.07,9,0,0,94.88,Two Year,Premium,0
14374,64,49,132.04,24,2,0,88.7,Monthly,Premium,0
14375,47,52,46.55,14,2,0,21.77,Monthly,Standard,0
14376,58,1,113.57,13,2,0,7.94,Two Year,Basic,1
14377,51,66,57.58,18,3,0,62.41,Monthly,Standard,0
14378,54,64,108.85,4,1,0,16.35,Yearly,Basic,0
14379,23,8,106.55,18,0,0,86.45,Monthly,Basic,0
14380,24,25,55.42,22,0,1,94.8,Monthly,Standard,1
14381,49,66,50.47,20,2,1,13.01,Two Year,Premium,1
14382,49,70,33.51,15,1,0,24.35,Monthly,Basic,0
14383,42,51,26.57,7,1,0,62.9,Yearly,Basic,0
14384,50,53,131.6,13,1,1,72.8,Two Year,Standard,0
14385,24,15,26.48,2,1,1,51.72,Yearly,Basic,1
14386,69,50,31.54,9,2,1,37.53,Yearly,Standard,0
14387,29,71,51.05,30,2,0,31.3,Yearly,Standard,0
14388,33,38,135.4,5,3,0,66.93,Monthly,Premium,0
14389,33,40,63.28,1,2,0,74.71,Yearly,Standard,0
14390,60,66,44.93,28,3,0,29.59,Monthly,Premium,0
14391,53,39,113.02,27,4,1,33.27,Monthly,Basic,0
14392,30,17,61.48,19,2,0,46.55,Two Year,Standard,0
14393,24,7,63.34,20,1,0,45.57,Monthly,Standard,1
14394,53,39,116.07,19,1,0,84.42,Monthly,Basic,0
14395,64,68,52.71,22,3,0,44.25,Monthly,Basic,1
14396,68,35,136.58,29,1,0,97.86,Two Year,Basic,0
14397,26,51,92.98,13,1,0,31.79,Monthly,Basic,0
14398,49,47,89.92,6,2,0,69.59,Yearly,Standard,0
14399,28,36,54.42,10,1,2,76.13,Yearly,Premium,0
14400,25,64,128.56,29,1,1,63.41,Monthly,Premium,0
14401,50,13,94.46,11,1,0,37.34,Yearly,Premium,1
14402,40,18,40.22,23,3,1,26.48,Two Year,Basic,0
14403,42,21,46.82,30,0,1,60.82,Yearly,Basic,0
14404,25,65,80.87,25,0,1,66.2,Monthly,Basic,0
14405,62,8,121.35,16,3,1,26.5,Yearly,Premium,1
14406,39,48,142.11,26,2,0,34.31,Monthly,Basic,0
14407,21,43,106.25,25,4,3,86.34,Two Year,Standard,0
14408,57,53,85.8,23,2,2,81.24,Monthly,Premium,0
14409,20,27,52.6,27,4,0,19.19,Monthly,Standard,1
14410,46,19,107.47,1,1,0,93.4,Monthly,Basic,0
14411,58,23,147.69,19,3,0,63.18,Monthly,Basic,0
14412,46,50,81.91,5,2,1,50.18,Monthly,Basic,0
14413,51,51,41.08,26,4,0,20.89,Yearly,Premium,0
14414,51,43,33.43,28,2,0,73.29,Yearly,Standard,0
14415,45,51,55.0,27,1,1,92.16,Two Year,Standard,0
14416,30,69,94.03,6,5,0,7.43,Monthly,Premium,0
14417,32,41,143.08,6,3,1,52.55,Monthly,Premium,0
14418,40,11,58.89,5,2,0,87.84,Two Year,Standard,1
14419,61,52,59.7,6,1,2,95.3,Monthly,Premium,0
14420,43,23,82.55,25,2,1,8.14,Yearly,Premium,1
14421,21,49,139.41,13,2,0,79.31,Monthly,Premium,1
14422,43,38,74.48,30,4,1,28.86,Two Year,Basic,0
14423,57,47,49.02,1,3,1,54.61,Monthly,Basic,0
14424,26,7,41.21,1,0,0,78.59,Two Year,Basic,0
14425,22,66,79.41,25,0,0,54.97,Two Year,Standard,0
14426,49,62,124.09,14,0,1,11.9,Two Year,Premium,0
14427,37,29,57.88,8,1,0,59.46,Yearly,Basic,0
14428,67,38,86.63,9,0,0,12.66,Two Year,Standard,0
14429,28,33,98.39,23,4,0,35.4,Yearly,Basic,0
14430,32,29,78.56,10,5,1,56.26,Yearly,Standard,0
14431,49,23,44.92,6,1,0,99.15,Monthly,Premium,0
14432,45,3,139.83,9,4,0,72.97,Monthly,Premium,0
14433,39,45,93.51,18,0,0,31.03,Yearly,Premium,0
14434,58,8,114.79,15,2,1,87.78,Monthly,Basic,0
14435,34,29,102.69,4,1,0,23.39,Two Year,Standard,1
14436,43,2,149.75,2,1,1,39.02,Monthly,Premium,0
14437,61,50,79.32,30,2,1,65.06,Yearly,Standard,0
14438,24,65,75.25,6,2,0,41.65,Monthly,Standard,0
14439,59,20,66.82,17,2,0,73.23,Monthly,Standard,0
14440,43,52,67.01,7,2,0,65.41,Yearly,Premium,0
14441,42,37,55.85,23,5,2,67.06,Monthly,Premium,0
14442,27,27,147.48,23,3,0,42.61,Monthly,Premium,1
14443,62,47,133.2,30,3,1,6.46,Monthly,Premium,0
14444,36,6,61.17,20,1,0,87.4,Monthly,Premium,0
14445,28,60,59.68,15,0,1,8.33,Two Year,Premium,1
14446,30,45,33.46,24,2,0,46.94,Yearly,Premium,0
14447,25,44,134.01,21,0,1,30.89,Yearly,Premium,0
14448,57,18,68.33,2,1,1,30.34,Two Year,Basic,0
14449,21,65,94.44,21,1,0,23.44,Yearly,Standard,0
14450,64,25,137.05,12,1,1,27.89,Monthly,Standard,0
14451,48,27,73.05,10,1,0,95.58,Two Year,Basic,0
14452,45,7,124.89,25,1,0,97.23,Monthly,Premium,0
14453,28,44,75.94,26,4,1,57.52,Monthly,Premium,0
14454,60,29,111.12,17,3,1,52.94,Monthly,Basic,0
14455,18,44,76.05,27,2,1,5.79,Monthly,Standard,0
14456,66,36,71.06,18,2,0,80.57,Monthly,Basic,0
14457,64,19,148.79,16,2,1,17.88,Monthly,Premium,0
14458,69,6,99.61,10,1,0,15.12,Yearly,Standard,0
14459,55,25,67.76,8,1,0,42.98,Monthly,Basic,0
14460,41,31,53.52,29,4,0,35.41,Monthly,Standard,0
14461,64,9,25.17,21,4,0,10.57,Two Year,Premium,0
14462,48,37,111.85,28,3,0,15.65,Monthly,Premium,0
14463,58,27,68.38,25,2,0,99.24,Two Year,Premium,0
14464,63,13,126.76,22,0,1,73.75,Monthly,Basic,0
14465,67,41,67.3,13,2,0,60.26,Monthly,Premium,0
14466,43,66,68.53,16,3,0,31.06,Two Year,Standard,0
14467,66,24,121.29,8,0,0,43.42,Monthly,Standard,0
14468,67,44,83.63,12,1,1,63.17,Two Year,Basic,0
14469,22,60,135.04,17,2,1,78.64,Monthly,Basic,0
14470,37,9,96.72,16,1,0,94.69,Two Year,Basic,0
14471,69,2,51.28,9,2,0,13.15,Yearly,Standard,1
14472,58,56,93.88,25,3,0,19.97,Two Year,Basic,0
14473,28,30,20.52,19,1,1,57.19,Monthly,Basic,0
14474,50,22,60.61,17,0,1,93.91,Yearly,Standard,0
14475,67,13,47.03,24,0,0,45.8,Two Year,Basic,0
14476,55,71,105.04,8,2,2,63.76,Two Year,Premium,0
14477,44,16,37.69,12,2,0,30.08,Monthly,Standard,0
14478,51,45,57.71,9,2,3,81.36,Monthly,Basic,1
14479,32,65,63.07,30,3,1,60.92,Yearly,Standard,0
14480,49,11,20.43,6,1,1,38.8,Monthly,Premium,0
14481,38,70,26.08,25,2,0,54.72,Monthly,Standard,0
14482,63,20,60.45,28,3,1,69.78,Yearly,Premium,0
14483,22,63,48.91,10,1,0,22.14,Yearly,Basic,0
14484,23,12,35.2,9,1,0,34.8,Yearly,Premium,0
14485,55,62,40.04,28,1,0,25.8,Monthly,Premium,0
14486,39,42,128.62,29,3,0,96.06,Yearly,Premium,0
14487,35,69,108.83,4,2,0,5.25,Monthly,Premium,1
14488,31,58,82.94,11,1,0,6.59,Yearly,Standard,0
14489,27,5,138.15,21,3,1,36.22,Monthly,Standard,1
14490,63,27,23.84,22,1,1,54.26,Monthly,Premium,0
14491,30,28,64.84,6,1,0,33.56,Yearly,Basic,0
14492,48,26,127.04,26,5,0,85.84,Yearly,Standard,1
14493,47,49,101.68,18,3,0,17.77,Monthly,Premium,0
14494,20,21,147.62,4,1,0,37.1,Yearly,Premium,1
14495,47,1,142.79,12,1,0,49.31,Yearly,Standard,1
14496,23,58,42.09,9,2,1,21.01,Monthly,Basic,1
14497,46,55,146.36,15,2,0,29.72,Two Year,Premium,0
14498,25,26,142.92,23,1,0,94.79,Monthly,Basic,0
14499,61,25,68.57,9,6,0,52.5,Two Year,Premium,0
14500,62,33,147.77,6,2,1,87.1,Monthly,Premium,1
14501,60,69,24.66,11,5,0,27.67,Yearly,Basic,0
14502,61,6,105.9,7,5,0,61.62,Monthly,Standard,1
14503,50,23,54.6,25,3,0,76.56,Yearly,Basic,0
14504,34,30,36.83,14,1,0,42.74,Yearly,Basic,0
14505,65,54,95.08,28,2,0,62.85,Two Year,Premium,0
14506,28,11,59.83,16,1,1,86.46,Monthly,Standard,0
14507,30,31,106.69,15,4,2,14.94,Yearly,Basic,0
14508,67,6,90.2,20,0,0,36.12,Monthly,Standard,1
14509,28,11,71.04,9,2,0,82.57,Monthly,Standard,0
14510,48,12,43.64,19,1,0,23.86,Two Year,Standard,1
14511,45,66,98.16,30,1,0,56.06,Monthly,Basic,0
14512,61,53,127.8,12,2,0,44.36,Two Year,Premium,0
14513,23,36,98.0,30,3,0,66.82,Monthly,Standard,0
14514,58,17,99.37,11,5,0,67.13,Yearly,Premium,0
14515,33,28,86.54,28,0,1,58.27,Yearly,Premium,0
14516,21,22,70.47,30,1,1,94.73,Two Year,Basic,0
14517,52,7,79.47,8,3,2,18.36,Monthly,Basic,0
14518,65,15,148.64,3,1,0,83.67,Monthly,Basic,0
14519,43,11,117.46,19,1,0,49.45,Monthly,Basic,1
14520,29,24,75.97,3,1,0,66.52,Two Year,Premium,0
14521,28,67,79.45,25,2,0,28.1,Monthly,Premium,1
14522,54,30,84.95,26,4,0,10.37,Monthly,Basic,0
14523,42,70,105.71,30,2,1,77.99,Two Year,Premium,0
14524,35,66,80.57,3,4,0,25.92,Two Year,Basic,0
14525,36,61,109.2,6,1,0,39.64,Monthly,Premium,1
14526,40,41,62.79,11,1,0,5.7,Yearly,Premium,0
14527,55,51,73.38,30,2,1,65.37,Monthly,Basic,0
14528,35,44,132.33,20,1,0,69.06,Yearly,Basic,0
14529,43,13,62.76,14,1,0,90.26,Monthly,Premium,0
14530,23,12,145.38,2,2,0,89.21,Monthly,Premium,0
14531,21,9,42.43,12,0,0,70.81,Yearly,Basic,0
14532,61,48,51.42,16,1,0,32.89,Two Year,Premium,0
14533,68,49,80.28,28,1,1,38.09,Monthly,Standard,0
14534,46,53,123.66,3,0,0,38.79,Monthly,Standard,1
14535,51,56,115.1,21,4,1,13.83,Monthly,Standard,0
14536,34,40,42.68,16,1,3,94.78,Two Year,Basic,0
14537,60,24,50.77,10,1,0,82.0,Two Year,Basic,1
14538,60,33,94.78,20,3,0,15.38,Two Year,Standard,0
14539,33,23,58.37,5,0,0,94.7,Monthly,Premium,1
14540,19,54,74.9,13,0,0,84.48,Monthly,Premium,0
14541,51,53,83.26,12,5,0,91.97,Monthly,Basic,0
14542,25,49,97.25,27,3,1,29.28,Two Year,Basic,0
14543,30,49,52.64,1,1,1,34.22,Monthly,Basic,0
14544,59,60,41.21,20,3,2,47.52,Yearly,Standard,0
14545,25,65,71.81,11,4,1,23.2,Monthly,Standard,0
14546,47,32,30.66,26,4,1,47.08,Monthly,Standard,0
14547,49,21,88.48,19,0,0,1.91,Monthly,Basic,0
14548,53,18,129.15,29,3,0,87.88,Monthly,Standard,0
14549,64,60,35.47,15,4,1,17.07,Monthly,Premium,0
14550,47,13,34.65,18,3,1,50.58,Monthly,Standard,0
14551,18,24,30.43,16,3,1,92.95,Two Year,Basic,0
14552,60,30,130.22,7,2,0,82.28,Yearly,Standard,1
14553,56,2,30.49,10,2,0,77.84,Monthly,Standard,1
14554,34,25,147.85,25,2,1,60.94,Monthly,Premium,0
14555,37,50,66.58,16,2,0,44.19,Monthly,Standard,0
14556,41,14,62.74,17,5,1,45.16,Monthly,Standard,0
14557,67,6,31.91,28,2,0,9.61,Yearly,Basic,0
14558,39,30,96.13,7,1,0,7.41,Monthly,Premium,1
14559,46,30,96.16,11,2,0,84.5,Monthly,Premium,0
14560,39,38,84.19,28,3,0,41.46,Monthly,Standard,0
14561,61,58,60.43,17,0,1,6.35,Yearly,Premium,0
14562,26,41,67.92,5,0,0,66.64,Monthly,Basic,0
14563,54,57,61.67,1,1,0,68.65,Monthly,Premium,0
14564,27,36,75.4,3,5,0,23.52,Two Year,Standard,1
14565,53,64,64.43,16,3,0,41.66,Monthly,Standard,0
14566,54,16,107.82,24,3,0,57.77,Monthly,Standard,0
14567,45,14,58.45,29,2,0,60.03,Monthly,Basic,0
14568,45,31,65.61,15,1,1,51.6,Yearly,Basic,0
14569,59,66,76.61,4,1,1,37.06,Monthly,Premium,0
14570,60,68,20.52,12,0,0,7.81,Monthly,Standard,0
14571,38,65,83.97,1,3,1,3.21,Monthly,Basic,0
14572,41,55,53.26,17,1,1,46.49,Monthly,Basic,0
14573,59,40,27.3,24,3,1,21.09,Monthly,Premium,1
14574,57,25,138.43,15,1,1,93.91,Monthly,Standard,0
14575,19,25,61.91,30,1,0,64.4,Monthly,Premium,0
14576,25,3,75.39,24,1,1,58.97,Monthly,Standard,0
14577,65,69,127.55,20,0,1,41.25,Monthly,Standard,0
14578,44,26,41.68,20,0,1,33.62,Monthly,Premium,1
14579,39,40,130.54,10,2,0,18.8,Yearly,Basic,0
14580,54,38,51.41,11,2,0,6.95,Yearly,Standard,0
14581,44,38,96.57,18,2,0,63.82,Monthly,Standard,0
14582,46,68,109.14,2,1,2,78.14,Yearly,Basic,0
14583,20,7,137.65,28,2,0,85.92,Monthly,Basic,0
14584,61,30,98.99,6,2,0,72.71,Yearly,Premium,0
14585,30,19,78.92,16,3,0,89.8,Monthly,Basic,0
14586,62,35,94.4,24,3,0,98.3,Monthly,Basic,0
14587,27,33,46.27,7,1,2,96.21,Yearly,Premium,0
14588,53,33,109.58,23,3,2,59.63,Yearly,Premium,0
14589,26,38,44.29,19,2,0,23.2,Monthly,Premium,0
14590,44,10,92.44,12,3,0,11.53,Two Year,Standard,0
14591,51,57,104.19,18,4,0,99.4,Two Year,Standard,0
14592,68,28,136.82,10,2,0,31.53,Monthly,Standard,0
14593,18,38,78.52,7,5,1,4.36,Yearly,Basic,1
14594,49,16,120.79,4,1,3,39.71,Yearly,Basic,1
14595,42,21,41.78,17,1,0,75.06,Monthly,Premium,0
14596,46,6,40.31,17,3,0,89.19,Monthly,Premium,1
14597,24,41,88.22,4,1,0,48.28,Two Year,Standard,1
14598,66,15,97.52,21,0,1,30.11,Two Year,Standard,1
14599,20,3,102.2,5,1,0,78.06,Monthly,Basic,0
14600,37,43,116.94,1,1,2,50.87,Monthly,Standard,0
14601,37,47,58.34,19,5,0,9.52,Monthly,Premium,0
14602,47,14,100.94,22,2,0,88.89,Yearly,Standard,1
14603,52,66,44.46,26,2,0,65.92,Yearly,Premium,0
14604,52,29,48.47,23,3,1,4.64,Monthly,Standard,0
14605,66,4,28.75,11,4,0,1.9,Monthly,Premium,0
14606,56,26,117.11,1,1,0,9.68,Monthly,Premium,1
14607,44,12,85.91,8,2,0,82.37,Yearly,Premium,0
14608,43,2,50.96,4,2,1,48.65,Yearly,Basic,0
14609,31,17,92.31,29,0,1,34.19,Monthly,Basic,0
14610,34,35,66.05,25,2,0,25.68,Monthly,Basic,0
14611,35,10,128.84,27,3,0,51.18,Monthly,Premium,0
14612,62,43,88.66,27,2,1,9.22,Monthly,Standard,0
14613,69,21,23.88,22,2,1,62.1,Yearly,Basic,0
14614,46,15,148.06,15,3,0,38.67,Monthly,Standard,0
14615,37,35,29.66,17,1,0,85.99,Two Year,Basic,0
14616,44,60,110.47,18,0,1,75.69,Two Year,Standard,0
14617,35,44,76.84,3,2,0,2.82,Yearly,Standard,0
14618,21,5,52.41,18,1,0,17.48,Yearly,Premium,1
14619,18,18,107.94,26,3,1,47.93,Monthly,Basic,0
14620,67,21,36.37,7,2,0,66.21,Yearly,Premium,0
14621,18,51,131.57,28,0,0,71.8,Yearly,Premium,0
14622,43,41,52.58,17,2,2,81.81,Monthly,Standard,0
14623,62,24,66.99,25,4,0,5.87,Two Year,Standard,0
14624,37,24,102.24,18,2,0,2.83,Yearly,Standard,1
14625,69,38,20.13,20,1,0,60.45,Two Year,Premium,0
14626,40,44,81.46,8,1,0,72.66,Monthly,Basic,0
14627,27,57,136.25,11,2,0,78.88,Monthly,Premium,0
14628,28,59,108.45,3,1,2,16.42,Monthly,Basic,0
14629,58,34,70.43,25,1,1,96.9,Yearly,Premium,0
14630,58,23,105.86,7,3,0,23.71,Two Year,Premium,0
14631,22,43,141.75,15,2,0,25.78,Yearly,Premium,0
14632,18,40,44.41,10,2,0,16.27,Monthly,Premium,0
14633,34,47,89.14,12,0,1,5.28,Monthly,Basic,0
14634,39,41,50.52,12,2,0,81.16,Monthly,Standard,0
14635,51,47,131.05,19,3,1,1.56,Monthly,Premium,0
14636,62,20,113.74,19,5,2,46.91,Yearly,Standard,0
14637,58,65,124.14,15,1,1,10.1,Two Year,Basic,0
14638,46,68,142.59,21,5,1,5.43,Monthly,Standard,0
14639,21,24,50.2,21,2,1,93.53,Monthly,Standard,0
14640,22,36,26.33,26,1,0,82.71,Monthly,Premium,0
14641,28,45,57.82,5,1,0,40.09,Monthly,Premium,0
14642,68,2,71.89,28,0,0,46.4,Monthly,Premium,1
14643,38,28,101.27,13,2,1,86.94,Two Year,Standard,0
14644,52,26,123.7,25,3,1,79.89,Yearly,Standard,0
14645,29,23,65.47,9,1,1,69.47,Monthly,Premium,1
14646,43,36,81.55,22,2,0,54.12,Monthly,Standard,0
14647,68,6,122.11,27,1,0,61.17,Monthly,Basic,0
14648,36,35,49.29,27,1,0,39.94,Two Year,Premium,1
14649,62,38,48.23,23,3,0,53.28,Yearly,Standard,1
14650,24,35,96.6,10,2,0,54.43,Monthly,Basic,0
14651,64,53,76.69,8,1,1,86.62,Monthly,Basic,1
14652,24,38,143.36,9,4,0,22.65,Monthly,Basic,1
14653,43,59,66.41,6,0,3,25.42,Monthly,Basic,1
14654,57,43,118.74,24,2,0,21.88,Monthly,Basic,0
14655,22,4,95.8,18,3,0,58.34,Monthly,Premium,0
14656,38,5,27.09,10,4,0,69.82,Yearly,Basic,0
14657,31,68,30.97,24,3,0,24.61,Monthly,Standard,0
14658,21,45,46.41,15,0,0,68.02,Yearly,Standard,0
14659,40,25,38.61,13,2,1,63.18,Yearly,Basic,0
14660,59,11,62.82,11,1,0,32.79,Monthly,Basic,0
14661,37,29,95.27,2,0,1,23.75,Two Year,Premium,0
14662,32,34,98.31,8,1,0,88.3,Monthly,Basic,0
14663,67,14,96.41,18,0,2,57.4,Yearly,Standard,0
14664,69,24,35.29,3,3,0,70.69,Monthly,Premium,1
14665,62,59,98.03,23,2,1,92.61,Two Year,Standard,0
14666,46,39,73.27,27,1,1,21.33,Yearly,Basic,0
14667,25,26,137.4,25,2,2,35.7,Yearly,Basic,0
14668,58,43,138.56,3,3,0,44.01,Monthly,Standard,1
14669,65,36,119.86,21,4,1,24.06,Monthly,Premium,0
14670,36,39,111.4,25,1,2,84.2,Monthly,Premium,0
14671,65,61,34.94,7,2,1,9.26,Yearly,Premium,0
14672,56,16,31.01,30,1,1,24.68,Monthly,Premium,0
14673,63,59,129.31,18,1,0,19.91,Two Year,Premium,0
14674,45,6,75.51,21,4,0,95.39,Monthly,Premium,0
14675,63,56,78.68,21,3,0,63.11,Monthly,Basic,0
14676,44,8,130.21,9,2,0,71.91,Monthly,Premium,1
14677,21,27,100.79,18,2,0,11.73,Monthly,Standard,0
14678,32,71,43.32,1,0,0,20.21,Monthly,Basic,1
14679,52,27,47.43,4,1,0,81.18,Two Year,Standard,1
14680,54,46,20.83,4,1,1,57.21,Monthly,Premium,0
14681,18,41,112.39,17,1,0,5.47,Monthly,Premium,0
14682,20,25,83.13,26,2,0,57.0,Monthly,Basic,0
14683,64,18,143.5,23,1,1,48.06,Monthly,Premium,0
14684,41,12,112.82,2,1,1,16.22,Monthly,Basic,1
14685,44,51,33.41,27,0,1,59.7,Monthly,Basic,0
14686,57,39,41.0,15,1,0,18.21,Monthly,Premium,0
14687,53,10,85.22,13,2,0,81.33,Yearly,Basic,0
14688,51,54,140.23,9,6,0,62.23,Two Year,Basic,1
14689,46,29,52.14,7,0,0,87.26,Two Year,Standard,0
14690,41,41,127.33,29,3,2,43.04,Yearly,Standard,0
14691,41,9,60.6,29,1,0,51.68,Monthly,Premium,0
14692,59,63,55.09,12,1,0,76.3,Yearly,Standard,0
14693,21,37,137.18,12,0,0,55.08,Yearly,Premium,0
14694,20,14,26.14,14,2,2,57.63,Monthly,Premium,0
14695,51,39,105.9,23,4,0,55.78,Yearly,Basic,0
14696,66,40,25.61,15,3,1,49.64,Two Year,Basic,0
14697,40,54,124.1,1,2,0,80.76,Monthly,Premium,0
14698,69,3,127.82,30,2,2,49.04,Monthly,Standard,1
14699,40,55,136.14,9,3,0,90.18,Yearly,Premium,0
14700,62,33,44.19,26,1,0,81.05,Yearly,Premium,0
14701,22,71,36.18,16,2,1,69.55,Yearly,Basic,0
14702,48,19,85.46,9,2,0,89.97,Yearly,Basic,0
14703,58,34,55.31,16,0,0,54.17,Monthly,Basic,0
14704,23,50,98.82,2,1,0,82.36,Yearly,Standard,0
14705,54,47,86.79,10,3,0,24.94,Monthly,Premium,0
14706,27,46,38.83,25,0,0,8.22,Monthly,Standard,1
14707,57,56,116.11,18,3,1,68.82,Monthly,Basic,1
14708,24,57,124.49,13,4,1,30.86,Two Year,Standard,0
14709,56,51,145.2,2,0,1,63.83,Yearly,Standard,0
14710,55,54,71.42,29,1,0,8.66,Monthly,Basic,0
14711,38,28,63.91,29,4,0,95.61,Monthly,Premium,1
14712,37,19,44.99,13,2,2,52.0,Two Year,Standard,1
14713,20,27,43.51,24,1,1,1.94,Yearly,Standard,0
14714,68,48,61.74,3,4,0,48.13,Monthly,Premium,1
14715,39,19,147.64,30,1,0,79.18,Monthly,Standard,0
14716,64,51,31.99,15,1,0,86.66,Monthly,Standard,0
14717,21,7,53.72,3,2,1,46.66,Two Year,Premium,0
14718,45,29,31.18,23,1,0,13.47,Monthly,Premium,1
14719,29,43,55.57,10,2,0,90.71,Monthly,Standard,1
14720,55,69,32.01,6,2,0,98.14,Monthly,Premium,1
14721,68,58,86.08,23,1,1,7.26,Monthly,Premium,0
14722,53,8,76.99,22,3,1,8.73,Two Year,Standard,0
14723,64,42,42.63,14,0,1,56.99,Yearly,Basic,0
14724,58,42,42.73,9,2,0,53.86,Monthly,Standard,1
14725,22,13,101.39,18,5,0,59.28,Monthly,Standard,0
14726,30,26,70.33,8,1,0,32.39,Monthly,Premium,0
14727,40,18,27.31,27,1,0,5.98,Yearly,Basic,1
14728,67,42,139.63,6,2,0,58.45,Monthly,Basic,0
14729,47,51,72.64,15,3,2,15.99,Monthly,Basic,1
14730,54,16,96.84,14,1,1,34.78,Yearly,Premium,0
14731,42,3,135.1,15,0,1,58.66,Two Year,Premium,0
14732,65,45,72.28,20,2,0,21.64,Yearly,Basic,1
14733,44,22,126.69,6,4,1,54.7,Yearly,Basic,0
14734,68,23,138.92,22,6,1,71.76,Two Year,Premium,0
14735,31,59,42.63,12,3,1,7.51,Monthly,Premium,1
14736,65,62,136.02,10,2,0,62.33,Yearly,Standard,0
14737,64,68,35.58,19,4,0,51.43,Two Year,Standard,0
14738,53,54,55.77,8,0,0,10.65,Yearly,Premium,0
14739,56,57,125.07,5,2,0,70.93,Yearly,Basic,1
14740,33,23,137.09,27,0,0,31.78,Yearly,Premium,0
14741,39,60,108.94,10,1,0,19.05,Yearly,Basic,0
14742,38,55,33.63,11,4,0,28.96,Yearly,Premium,0
14743,38,63,87.99,20,1,0,55.07,Monthly,Standard,0
14744,25,56,94.44,14,3,0,58.43,Yearly,Standard,0
14745,66,55,56.64,14,4,0,17.8,Monthly,Standard,0
14746,33,25,148.87,29,3,0,93.73,Monthly,Premium,0
14747,48,26,63.63,2,2,1,33.57,Yearly,Premium,1
14748,59,49,47.33,30,2,1,27.56,Monthly,Basic,0
14749,27,63,34.32,26,2,1,19.49,Yearly,Premium,0
14750,49,45,69.21,17,6,0,12.93,Monthly,Premium,1
14751,51,39,110.04,15,7,0,98.23,Two Year,Standard,0
14752,26,65,50.08,29,2,0,67.8,Monthly,Basic,0
14753,34,69,120.04,23,2,0,78.92,Monthly,Standard,0
14754,28,56,37.6,26,1,0,40.75,Monthly,Premium,0
14755,49,9,77.26,27,0,1,42.05,Yearly,Standard,0
14756,27,70,111.31,3,4,0,98.7,Monthly,Standard,0
14757,39,28,37.59,3,2,1,20.87,Yearly,Basic,1
14758,34,45,97.72,3,3,1,33.37,Yearly,Premium,1
14759,21,26,123.86,26,2,0,20.32,Monthly,Basic,0
14760,65,28,97.42,28,1,1,28.98,Monthly,Standard,0
14761,69,40,86.49,29,1,1,66.69,Monthly,Basic,0
14762,64,15,128.98,3,2,1,31.58,Yearly,Basic,0
14763,42,6,148.1,18,1,3,87.68,Two Year,Premium,0
14764,38,27,43.57,6,2,0,5.82,Two Year,Basic,0
14765,54,38,109.88,14,1,0,36.12,Monthly,Standard,0
14766,55,68,30.49,26,3,1,86.21,Monthly,Basic,0
14767,66,64,25.57,3,0,0,62.52,Yearly,Standard,0
14768,18,30,56.51,1,3,0,77.33,Yearly,Basic,0
14769,42,3,146.22,10,2,0,33.04,Monthly,Basic,0
14770,68,62,91.79,13,1,1,37.56,Two Year,Basic,0
14771,53,12,54.88,29,2,1,88.93,Monthly,Premium,0
14772,34,30,37.24,9,3,1,75.21,Monthly,Basic,0
14773,58,38,139.62,22,1,0,39.04,Yearly,Standard,0
14774,41,60,67.11,22,0,0,22.32,Monthly,Standard,0
14775,19,38,59.87,26,2,1,11.52,Monthly,Premium,0
14776,57,15,131.54,25,0,0,86.32,Monthly,Basic,1
14777,32,18,98.57,2,2,2,70.07,Monthly,Standard,0
14778,49,52,41.92,10,2,0,61.13,Monthly,Basic,0
14779,56,29,74.8,25,2,0,77.88,Yearly,Premium,0
14780,23,60,140.67,30,1,0,91.58,Yearly,Basic,0
14781,18,21,137.16,12,0,0,76.4,Yearly,Basic,1
14782,64,17,29.11,19,5,0,42.65,Monthly,Standard,0
14783,40,18,54.92,3,0,1,18.47,Monthly,Premium,1
14784,56,57,40.09,19,4,0,71.67,Monthly,Premium,0
14785,34,37,89.4,1,1,2,25.43,Two Year,Premium,1
14786,51,60,117.5,26,3,0,78.48,Yearly,Basic,0
14787,58,38,58.42,15,5,1,34.53,Monthly,Premium,0
14788,46,12,118.54,23,3,1,16.52,Monthly,Standard,0
14789,26,1,106.93,26,1,0,26.21,Two Year,Standard,0
14790,30,58,114.67,13,3,1,27.4,Monthly,Basic,0
14791,23,3,143.27,7,1,1,38.5,Two Year,Premium,1
14792,23,63,75.2,2,2,0,26.47,Two Year,Premium,0
14793,37,21,64.53,22,2,0,23.33,Monthly,Standard,1
14794,69,23,108.9,20,4,0,39.78,Yearly,Standard,0
14795,20,9,124.98,11,1,0,86.94,Yearly,Basic,0
14796,34,55,44.89,23,3,1,7.98,Yearly,Basic,0
14797,66,19,130.08,16,0,0,30.33,Monthly,Standard,0
14798,29,62,27.52,14,1,0,56.67,Yearly,Premium,0
14799,65,39,20.83,30,3,1,87.57,Monthly,Premium,0
14800,64,27,40.6,23,1,0,29.13,Monthly,Basic,1
14801,62,46,147.23,15,4,0,35.53,Yearly,Standard,0
14802,18,34,88.06,20,4,2,80.0,Monthly,Standard,0
14803,34,33,26.05,19,3,2,37.88,Monthly,Standard,0
14804,20,50,149.63,7,3,2,85.3,Two Year,Premium,0
14805,43,20,116.84,9,3,0,46.07,Monthly,Premium,0
14806,32,40,128.94,4,2,1,57.34,Two Year,Basic,1
14807,53,58,47.68,6,1,1,56.53,Monthly,Standard,0
14808,49,31,33.71,23,2,0,12.81,Monthly,Premium,1
14809,49,38,86.96,10,3,1,36.14,Monthly,Premium,0
14810,21,45,120.38,3,0,2,24.92,Monthly,Basic,0
14811,35,41,102.91,21,4,0,68.62,Yearly,Standard,0
14812,66,9,102.04,28,3,1,93.43,Two Year,Basic,0
14813,36,9,118.42,30,0,0,22.03,Yearly,Premium,0
14814,60,63,49.51,1,4,2,10.03,Monthly,Premium,0
14815,69,22,106.0,6,5,1,51.15,Monthly,Basic,0
14816,52,16,70.97,5,1,0,39.69,Monthly,Basic,1
14817,57,32,29.07,23,1,1,4.54,Yearly,Basic,0
14818,31,66,46.28,15,1,1,92.24,Monthly,Standard,0
14819,50,14,123.22,25,1,0,94.07,Monthly,Basic,0
14820,31,38,136.47,11,2,0,85.19,Yearly,Basic,0
14821,51,8,56.77,20,3,0,28.77,Monthly,Basic,0
14822,21,21,44.75,25,1,1,13.12,Monthly,Premium,0
14823,41,56,23.47,13,1,0,59.66,Monthly,Premium,0
14824,46,46,143.2,6,0,1,28.87,Monthly,Basic,1
14825,36,43,108.9,5,1,1,20.97,Monthly,Premium,0
14826,23,46,144.41,2,3,0,64.49,Yearly,Basic,0
14827,50,48,132.3,17,2,1,75.29,Yearly,Basic,0
14828,66,70,64.26,24,4,0,53.2,Monthly,Basic,0
14829,57,31,34.65,12,2,1,32.68,Yearly,Premium,0
14830,36,33,84.88,12,5,1,51.74,Monthly,Standard,0
14831,18,44,23.49,22,2,0,60.37,Two Year,Standard,0
14832,22,71,39.49,14,4,2,6.14,Monthly,Premium,1
14833,44,8,50.35,7,3,0,44.94,Yearly,Standard,0
14834,33,2,106.53,22,1,2,60.23,Monthly,Standard,1
14835,23,17,86.28,26,3,0,13.82,Monthly,Standard,1
14836,57,52,59.31,29,1,1,45.43,Yearly,Basic,0
14837,30,45,93.42,14,1,0,35.33,Monthly,Basic,0
14838,65,37,36.28,7,2,0,86.92,Yearly,Standard,0
14839,52,42,118.24,9,3,0,49.45,Monthly,Basic,0
14840,36,44,112.56,14,0,0,43.2,Monthly,Premium,1
14841,29,38,48.15,21,1,0,25.14,Monthly,Basic,0
14842,33,6,98.83,17,2,0,95.79,Two Year,Basic,0
14843,60,68,85.43,17,2,1,96.15,Two Year,Basic,1
14844,27,51,27.91,25,2,0,37.31,Monthly,Basic,0
14845,42,35,56.16,21,3,1,92.97,Monthly,Basic,0
14846,37,58,149.93,30,4,0,62.24,Two Year,Basic,0
14847,48,57,32.94,13,2,1,78.32,Yearly,Standard,0
14848,21,6,85.83,29,1,0,9.89,Yearly,Standard,0
14849,61,13,130.41,27,5,0,3.11,Yearly,Basic,0
14850,40,59,59.08,29,3,0,51.89,Two Year,Basic,0
14851,19,30,53.89,18,4,1,8.51,Monthly,Basic,0
14852,39,2,135.8,19,2,0,89.28,Two Year,Premium,1
14853,68,58,59.63,17,1,0,82.2,Yearly,Basic,0
14854,54,36,104.69,6,2,1,71.77,Yearly,Premium,0
14855,25,45,116.24,12,1,0,4.11,Two Year,Basic,0
14856,24,9,122.52,6,2,0,46.38,Monthly,Basic,0
14857,31,65,149.32,3,1,1,8.73,Yearly,Standard,0
14858,20,50,124.41,15,3,1,92.94,Yearly,Premium,0
14859,67,32,105.41,3,1,1,61.65,Two Year,Basic,1
14860,33,43,136.41,23,2,0,16.5,Monthly,Basic,0
14861,36,54,137.75,15,4,0,56.5,Monthly,Standard,0
14862,68,47,146.51,1,5,0,12.73,Monthly,Standard,1
14863,35,14,120.94,21,2,1,15.42,Two Year,Basic,0
14864,69,48,45.34,29,1,1,9.01,Yearly,Premium,0
14865,33,55,112.27,3,1,1,87.3,Monthly,Standard,0
14866,25,29,29.77,5,1,0,55.02,Yearly,Basic,0
14867,50,47,61.34,27,0,0,33.46,Monthly,Basic,0
14868,66,63,35.05,14,2,0,1.07,Yearly,Premium,0
14869,29,19,143.49,4,0,0,47.73,Monthly,Standard,1
14870,28,9,64.04,22,0,0,51.76,Monthly,Premium,0
14871,22,37,112.72,28,4,1,34.32,Yearly,Basic,0
14872,44,52,94.27,9,0,0,48.95,Monthly,Standard,1
14873,29,57,33.98,18,3,1,10.97,Monthly,Basic,0
14874,34,28,92.97,10,1,0,92.28,Two Year,Basic,0
14875,23,36,105.93,8,2,1,26.58,Two Year,Basic,0
14876,50,64,134.6,30,2,0,94.9,Two Year,Premium,0
14877,22,18,29.11,13,0,0,49.8,Two Year,Standard,1
14878,45,35,58.43,2,3,0,85.82,Two Year,Standard,0
14879,31,68,110.0,20,4,0,58.14,Two Year,Premium,0
14880,22,39,24.46,25,2,1,84.6,Yearly,Basic,0
14881,50,8,46.46,20,0,0,2.0,Monthly,Standard,0
14882,67,15,48.43,7,2,0,19.46,Monthly,Premium,0
14883,65,7,107.01,11,3,0,36.04,Monthly,Premium,0
14884,58,17,57.17,5,3,0,30.32,Yearly,Basic,0
14885,36,64,97.95,29,0,0,94.73,Monthly,Standard,0
14886,39,12,145.5,18,1,0,40.07,Monthly,Standard,1
14887,22,56,123.12,8,1,1,97.24,Two Year,Premium,0
14888,19,46,63.28,27,1,0,65.45,Yearly,Standard,0
14889,47,47,81.41,26,6,0,83.72,Monthly,Premium,0
14890,64,16,46.09,10,1,1,39.99,Monthly,Basic,0
14891,56,69,22.04,2,3,0,19.82,Two Year,Basic,0
14892,21,2,57.66,3,2,2,6.0,Yearly,Standard,0
14893,50,54,68.02,26,2,0,65.98,Yearly,Basic,0
14894,30,27,93.37,23,2,1,97.21,Yearly,Standard,0
14895,37,31,142.73,5,2,0,12.71,Monthly,Premium,0
14896,24,41,143.22,16,1,0,77.4,Yearly,Standard,0
14897,32,36,29.11,10,3,0,37.1,Monthly,Basic,0
14898,40,47,99.9,11,1,1,99.35,Monthly,Basic,0
14899,31,43,25.51,19,4,0,87.13,Yearly,Standard,0
14900,40,65,104.25,16,3,0,23.85,Monthly,Basic,0
14901,36,50,35.3,12,2,0,76.81,Monthly,Standard,0
14902,46,1,143.03,2,1,0,73.69,Yearly,Standard,0
14903,37,57,132.36,11,2,1,76.58,Yearly,Premium,1
14904,46,16,22.9,22,3,1,9.2,Monthly,Basic,0
14905,41,28,121.68,26,4,0,81.13,Yearly,Basic,0
14906,35,22,102.67,1,3,0,26.88,Two Year,Basic,0
14907,27,41,84.4,24,5,0,59.45,Monthly,Standard,0
14908,58,19,98.34,5,2,1,12.42,Monthly,Premium,1
14909,25,50,108.17,21,2,0,56.25,Yearly,Standard,1
14910,43,59,134.98,14,3,1,90.74,Yearly,Basic,1
14911,46,69,119.76,18,3,1,18.54,Monthly,Standard,1
14912,27,34,94.8,7,2,1,85.65,Yearly,Basic,0
14913,34,39,127.2,5,3,0,44.11,Yearly,Standard,0
14914,19,7,148.3,8,4,0,32.91,Yearly,Standard,0
14915,23,52,59.02,21,1,1,6.65,Yearly,Basic,0
14916,22,60,35.39,15,3,1,53.32,Monthly,Standard,1
14917,45,52,115.09,25,3,1,20.79,Monthly,Basic,0
14918,58,24,147.22,5,1,0,94.07,Monthly,Standard,0
14919,22,26,35.17,13,4,0,24.58,Yearly,Standard,1
14920,35,10,76.12,19,1,1,59.09,Yearly,Basic,0
14921,43,17,28.09,29,1,0,56.3,Yearly,Basic,0
14922,37,2,120.95,2,3,0,34.35,Two Year,Basic,0
14923,58,27,143.33,5,1,0,85.35,Yearly,Basic,1
14924,66,71,84.87,26,0,0,19.14,Monthly,Basic,0
14925,44,48,73.24,29,1,1,81.89,Monthly,Standard,0
14926,66,9,138.0,26,2,0,21.54,Monthly,Standard,0
14927,29,23,37.34,5,4,2,4.87,Monthly,Premium,1
14928,24,71,135.91,6,0,0,94.44,Monthly,Premium,0
14929,20,27,70.98,16,1,0,64.09,Monthly,Premium,0
14930,27,71,92.72,2,3,2,63.42,Yearly,Basic,0
14931,51,43,88.68,5,3,1,27.24,Monthly,Basic,1
14932,42,7,100.08,15,0,2,14.78,Monthly,Standard,0
14933,52,63,142.48,1,0,1,70.9,Monthly,Standard,0
14934,33,44,143.65,19,1,1,52.36,Monthly,Standard,0
14935,19,39,128.05,3,7,1,32.47,Monthly,Basic,0
14936,41,40,44.9,19,3,1,32.36,Yearly,Premium,0
14937,27,7,63.36,15,3,1,89.04,Monthly,Basic,0
14938,55,70,83.42,3,4,1,89.08,Monthly,Premium,0
14939,39,25,137.71,8,4,2,28.19,Yearly,Standard,0
14940,43,59,87.71,15,3,0,79.62,Two Year,Standard,0
14941,60,13,147.07,1,0,0,23.44,Yearly,Premium,0
14942,56,62,147.9,6,3,1,80.99,Yearly,Basic,0
14943,44,8,97.82,22,1,1,13.5,Yearly,Standard,1
14944,46,45,134.07,17,3,0,76.06,Monthly,Premium,0
14945,64,18,149.9,16,1,2,56.01,Yearly,Basic,0
14946,55,60,130.46,13,3,0,12.64,Yearly,Premium,0
14947,37,60,105.4,1,0,1,61.96,Monthly,Standard,0
14948,44,2,129.87,3,1,0,20.05,Monthly,Basic,1
14949,58,66,30.75,24,0,1,20.22,Two Year,Standard,0
14950,37,14,102.53,6,7,0,45.29,Two Year,Basic,1
14951,61,48,48.15,20,1,0,96.46,Yearly,Standard,0
14952,36,56,35.09,21,3,2,89.33,Monthly,Basic,0
14953,37,12,136.07,26,3,0,82.82,Yearly,Premium,0
14954,52,55,103.15,30,5,1,85.26,Yearly,Standard,0
14955,64,28,51.66,3,0,1,50.23,Yearly,Standard,1
14956,19,4,70.28,15,2,0,38.1,Monthly,Standard,0
14957,47,36,146.53,30,1,1,88.51,Two Year,Standard,0
14958,51,50,132.08,15,2,0,9.01,Monthly,Premium,0
14959,39,3,22.03,11,3,0,99.61,Monthly,Premium,1
14960,20,1,147.37,27,2,0,55.74,Monthly,Basic,1
14961,23,17,67.91,22,3,1,54.51,Monthly,Basic,0
14962,32,71,110.4,6,1,0,29.9,Monthly,Premium,0
14963,44,62,112.65,6,2,0,17.87,Two Year,Basic,0
14964,27,48,138.52,9,3,0,68.35,Yearly,Standard,0
14965,26,62,135.06,14,3,1,36.81,Monthly,Basic,0
14966,50,69,56.62,26,0,1,30.94,Yearly,Basic,0
14967,49,19,103.66,29,2,0,17.07,Monthly,Basic,0
14968,65,34,71.18,11,1,2,53.98,Yearly,Premium,0
14969,23,49,88.32,24,3,0,59.24,Yearly,Basic,1
14970,58,47,92.11,6,1,0,44.86,Two Year,Standard,1
14971,53,50,71.52,18,1,0,2.19,Monthly,Standard,0
14972,19,26,80.31,20,2,0,49.68,Yearly,Basic,0
14973,46,56,47.08,15,1,2,27.92,Monthly,Standard,0
14974,21,14,98.99,22,2,1,14.73,Two Year,Basic,1
14975,18,25,118.66,9,2,1,58.18,Yearly,Basic,0
14976,36,4,75.87,11,2,1,67.45,Monthly,Standard,0
14977,43,32,147.1,2,2,0,52.36,Monthly,Premium,0
14978,42,65,27.44,6,2,0,61.82,Yearly,Standard,0
14979,27,61,96.59,26,2,0,61.05,Yearly,Basic,0
14980,32,20,95.87,27,0,0,13.3,Monthly,Basic,1
14981,39,10,24.72,26,0,1,22.37,Monthly,Standard,0
14982,68,34,49.19,26,1,1,1.94,Monthly,Standard,0
14983,65,61,137.72,23,4,1,98.21,Two Year,Premium,0
14984,38,27,90.79,14,2,1,21.91,Two Year,Basic,0
14985,39,40,76.73,14,1,0,81.66,Yearly,Standard,0
14986,53,65,74.01,24,1,0,78.34,Monthly,Standard,0
14987,51,33,135.46,13,1,0,70.8,Two Year,Premium,0
14988,47,68,67.71,25,1,2,45.53,Monthly,Standard,0
14989,42,71,131.69,5,1,0,58.8,Two Year,Premium,0
14990,62,9,60.2,9,1,0,19.45,Monthly,Standard,0
14991,45,16,89.1,25,2,0,11.5,Yearly,Premium,1
14992,18,5,38.7,29,2,1,35.82,Monthly,Basic,0
14993,66,23,127.25,11,2,0,82.73,Monthly,Basic,0
14994,62,43,115.68,7,2,0,56.84,Monthly,Premium,0
14995,21,57,88.91,2,3,0,76.62,Monthly,Basic,0
14996,24,51,23.37,24,1,0,89.14,Monthly,Basic,0
14997,66,13,82.56,12,0,1,56.49,Yearly,Standard,0
14998,26,24,49.28,5,0,2,37.36,Yearly,Basic,1
14999,53,11,73.74,29,1,1,85.71,Monthly,Premium,1
15000,36,52,131.34,27,4,3,23.73,Monthly,Premium,1
15001,18,17,120.05,24,2,3,3.45,Monthly,Basic,0
15002,27,37,51.45,2,1,0,6.02,Yearly,Premium,1
15003,53,13,148.04,14,0,0,58.64,Monthly,Standard,0
15004,26,62,137.42,7,2,1,89.34,Monthly,Standard,1
15005,62,8,88.73,5,5,1,56.86,Monthly,Premium,0
15006,63,56,88.92,4,1,0,41.51,Yearly,Basic,1
15007,59,70,137.16,10,5,0,58.13,Yearly,Standard,0
15008,49,44,102.7,29,1,1,67.44,Monthly,Standard,0
15009,49,60,89.77,16,1,0,76.09,Yearly,Basic,0
15010,23,41,117.39,6,3,0,35.38,Two Year,Basic,0
15011,65,21,50.56,21,6,1,39.3,Yearly,Standard,1
15012,55,42,134.19,6,1,0,3.34,Yearly,Basic,0
15013,34,29,89.08,9,5,0,65.31,Two Year,Premium,0
15014,27,65,98.45,1,1,0,77.9,Monthly,Standard,0
15015,67,17,31.69,29,2,0,51.58,Yearly,Basic,0
15016,44,30,60.24,16,4,1,38.28,Yearly,Basic,0
15017,67,26,75.48,27,2,0,33.98,Two Year,Standard,0
15018,52,53,73.81,17,1,0,64.86,Monthly,Basic,1
15019,69,19,121.18,13,3,0,33.74,Yearly,Basic,0
15020,38,53,56.7,6,1,1,60.31,Monthly,Basic,0
15021,42,17,43.67,2,1,0,92.77,Monthly,Standard,0
15022,45,46,95.74,8,1,0,33.73,Two Year,Premium,0
15023,64,53,99.95,23,0,0,7.76,Two Year,Basic,0
15024,32,64,35.81,22,0,1,87.53,Yearly,Standard,0
15025,21,45,20.32,4,1,2,28.08,Monthly,Standard,0
15026,46,49,139.29,9,2,0,98.87,Monthly,Premium,0
15027,26,19,30.35,23,1,0,84.17,Monthly,Basic,0
15028,44,71,136.72,7,2,2,43.26,Monthly,Standard,0
15029,43,65,71.9,21,1,1,63.19,Yearly,Basic,0
15030,36,37,104.9,1,1,2,28.48,Monthly,Basic,0
15031,45,70,44.13,14,0,0,9.33,Monthly,Standard,0
15032,34,26,127.11,30,2,1,53.05,Monthly,Premium,0
15033,60,2,43.43,2,1,1,43.04,Monthly,Standard,0
15034,58,59,70.25,8,1,0,97.02,Monthly,Basic,0
15035,59,5,50.94,11,5,1,60.15,Monthly,Premium,0
15036,67,37,128.88,5,0,1,74.97,Two Year,Standard,1
15037,37,31,131.58,18,3,1,14.39,Two Year,Basic,0
15038,62,48,68.36,12,1,0,72.64,Monthly,Basic,0
15039,57,6,59.96,21,1,1,6.58,Two Year,Standard,1
15040,56,15,120.56,24,1,0,61.69,Monthly,Premium,0
15041,66,15,134.21,20,4,0,84.02,Monthly,Standard,0
15042,40,61,101.12,19,2,0,48.82,Two Year,Basic,1
15043,64,16,140.56,5,2,1,22.29,Yearly,Basic,1
15044,49,20,69.8,29,2,0,44.93,Monthly,Standard,0
15045,69,44,39.75,7,4,1,84.27,Yearly,Standard,0
15046,64,42,43.35,2,4,0,71.72,Yearly,Premium,0
15047,50,46,107.08,17,2,0,60.94,Two Year,Basic,0
15048,63,34,72.98,13,4,0,69.69,Two Year,Basic,0
15049,22,64,40.32,11,1,1,83.59,Two Year,Standard,0
15050,60,29,57.99,5,1,1,16.03,Monthly,Basic,0
15051,65,3,88.98,13,1,0,84.35,Yearly,Basic,0
15052,51,9,35.79,29,2,2,80.85,Two Year,Standard,0
15053,57,25,20.45,23,5,0,48.27,Monthly,Standard,0
15054,28,42,139.25,13,2,0,40.89,Yearly,Basic,1
15055,67,46,59.63,8,1,0,93.32,Monthly,Premium,0
15056,20,59,48.79,11,3,0,82.12,Two Year,Standard,0
15057,50,21,110.8,8,3,1,98.88,Monthly,Standard,0
15058,28,22,130.94,10,3,0,64.53,Yearly,Premium,0
15059,33,29,102.2,25,0,0,4.12,Yearly,Basic,0
15060,35,63,53.08,27,2,0,16.23,Monthly,Basic,0
15061,47,61,132.01,11,0,0,82.21,Yearly,Premium,0
15062,65,64,86.36,28,5,0,64.26,Monthly,Premium,0
15063,27,69,69.55,1,2,0,20.61,Monthly,Premium,1
15064,35,40,98.61,7,3,0,2.18,Monthly,Standard,0
15065,55,1,111.08,26,6,1,27.03,Yearly,Standard,0
15066,36,65,97.2,8,1,0,14.62,Monthly,Standard,0
15067,53,62,139.63,6,3,2,87.75,Two Year,Premium,0
15068,30,54,101.64,26,5,0,88.4,Monthly,Premium,0
15069,63,60,134.22,14,1,1,84.39,Yearly,Basic,1
15070,20,46,96.3,28,3,0,10.37,Monthly,Premium,0
15071,27,5,62.86,20,2,0,14.37,Yearly,Basic,0
15072,55,22,89.2,7,2,0,14.42,Monthly,Standard,1
15073,18,53,31.22,3,3,0,26.58,Two Year,Basic,0
15074,44,70,49.92,2,1,0,8.22,Yearly,Premium,0
15075,63,32,119.61,22,2,0,98.17,Monthly,Standard,0
15076,25,11,105.99,18,3,1,85.66,Monthly,Basic,0
15077,68,10,41.65,22,1,1,7.85,Yearly,Basic,0
15078,63,39,76.94,26,0,0,15.22,Two Year,Basic,0
15079,59,31,38.46,3,2,0,26.97,Monthly,Basic,0
15080,34,12,131.26,14,1,0,77.73,Two Year,Standard,0
15081,26,38,34.19,18,3,0,71.7,Yearly,Standard,0
15082,23,67,105.05,13,4,0,63.42,Monthly,Premium,0
15083,60,66,98.91,8,1,0,91.31,Monthly,Standard,0
15084,42,52,81.46,4,5,0,4.59,Yearly,Premium,0
15085,56,5,56.17,15,3,1,16.97,Yearly,Premium,0
15086,66,11,72.51,12,0,1,19.79,Two Year,Standard,1
15087,45,25,124.83,14,2,0,6.91,Two Year,Premium,1
15088,50,35,119.0,20,0,2,62.21,Monthly,Standard,0
15089,54,35,116.05,7,2,2,21.76,Monthly,Basic,0
15090,26,22,117.48,24,0,1,48.78,Monthly,Premium,0
15091,35,37,38.71,12,1,1,68.86,Two Year,Standard,0
15092,38,55,32.88,29,0,0,59.95,Two Year,Basic,0
15093,19,64,131.99,9,1,0,29.72,Two Year,Premium,0
15094,60,20,128.83,10,5,1,42.0,Two Year,Basic,0
15095,55,4,108.57,8,2,1,34.64,Monthly,Basic,0
15096,57,18,98.77,30,3,3,85.39,Two Year,Basic,0
15097,53,51,67.69,20,0,0,42.57,Yearly,Standard,0
15098,67,68,49.13,2,1,0,7.11,Yearly,Basic,1
15099,60,20,106.8,26,3,0,62.32,Yearly,Basic,0
15100,54,9,138.69,16,4,1,20.57,Two Year,Basic,1
15101,32,26,76.81,21,3,0,34.52,Monthly,Basic,1
15102,45,25,59.42,23,4,0,33.44,Two Year,Basic,0
15103,35,68,55.2,18,0,1,8.17,Monthly,Premium,0
15104,51,41,23.08,20,4,0,95.14,Yearly,Basic,1
15105,39,59,87.64,22,1,0,55.16,Two Year,Premium,0
15106,28,45,148.47,24,3,0,16.47,Yearly,Premium,0
15107,30,41,125.98,10,1,0,56.02,Monthly,Premium,0
15108,21,38,136.67,29,2,1,45.71,Yearly,Basic,0
15109,39,19,100.75,6,2,1,35.14,Yearly,Basic,1
15110,24,14,82.59,6,3,0,47.77,Monthly,Basic,0
15111,60,21,148.76,22,4,1,67.29,Yearly,Premium,1
15112,41,15,78.13,20,0,0,20.75,Monthly,Basic,0
15113,21,3,139.19,13,4,0,54.25,Two Year,Standard,0
15114,45,37,119.04,19,3,1,81.49,Monthly,Standard,0
15115,32,46,63.03,17,5,1,23.03,Yearly,Premium,0
15116,18,16,85.4,2,5,0,52.04,Yearly,Standard,1
15117,20,14,69.96,18,2,2,96.61,Two Year,Standard,0
15118,31,9,37.71,26,1,1,80.25,Monthly,Basic,0
15119,55,7,66.38,7,0,1,59.71,Yearly,Standard,0
15120,67,14,135.57,27,1,0,75.16,Monthly,Premium,0
15121,18,6,117.84,14,4,0,53.04,Two Year,Basic,0
15122,55,15,56.09,22,3,2,98.67,Two Year,Standard,0
15123,55,52,67.83,15,3,0,17.75,Two Year,Basic,0
15124,38,34,100.14,8,1,0,72.24,Two Year,Standard,0
15125,65,1,74.1,9,5,0,1.59,Monthly,Basic,0
15126,46,69,85.4,21,3,0,13.44,Yearly,Standard,0
15127,22,20,110.76,11,3,0,72.46,Monthly,Basic,0
15128,66,7,80.74,3,2,1,76.18,Two Year,Premium,1
15129,27,7,44.83,20,2,0,4.9,Monthly,Standard,0
15130,45,50,87.67,14,0,1,34.05,Yearly,Premium,0
15131,38,2,66.3,27,1,0,12.7,Monthly,Standard,1
15132,67,47,57.8,8,3,0,89.12,Two Year,Premium,0
15133,24,14,62.65,3,0,0,45.93,Monthly,Basic,0
15134,20,31,77.07,18,2,1,44.81,Yearly,Standard,0
15135,62,50,135.26,23,1,1,82.56,Yearly,Basic,0
15136,64,61,115.43,14,0,0,69.84,Monthly,Standard,0
15137,37,41,106.82,20,0,0,92.31,Yearly,Standard,0
15138,36,14,81.26,29,2,0,93.93,Two Year,Premium,0
15139,52,5,20.24,8,2,0,32.01,Yearly,Standard,0
15140,21,5,64.27,17,0,1,65.19,Two Year,Premium,1
15141,22,64,125.71,8,3,1,54.64,Monthly,Standard,0
15142,18,29,70.46,5,1,0,59.99,Monthly,Standard,0
15143,21,5,93.3,12,1,0,62.91,Monthly,Standard,0
15144,29,36,46.62,2,3,1,6.94,Monthly,Premium,0
15145,44,19,139.06,17,1,0,89.61,Two Year,Premium,0
15146,59,64,140.01,13,4,0,14.89,Monthly,Premium,0
15147,40,22,38.99,22,3,0,43.02,Monthly,Basic,0
15148,42,34,114.14,14,2,0,29.92,Yearly,Standard,0
15149,38,56,29.78,9,1,1,55.82,Monthly,Basic,0
15150,69,17,97.81,9,2,1,96.19,Monthly,Premium,1
15151,41,56,43.22,9,4,0,41.83,Yearly,Basic,1
15152,42,17,38.94,27,1,0,60.72,Monthly,Standard,1
15153,62,18,20.54,20,0,1,14.97,Yearly,Premium,0
15154,63,45,142.31,6,3,0,46.84,Monthly,Standard,0
15155,49,56,127.8,30,1,0,91.66,Monthly,Premium,0
15156,49,50,30.07,12,1,0,93.31,Yearly,Basic,0
15157,22,58,97.92,10,3,0,55.1,Monthly,Premium,0
15158,53,18,50.28,22,0,0,77.09,Yearly,Premium,0
15159,63,7,54.32,5,2,0,1.32,Two Year,Premium,0
15160,59,10,133.64,18,2,0,53.62,Two Year,Premium,0
15161,66,69,34.86,7,0,0,73.51,Yearly,Standard,0
15162,59,3,98.19,13,3,0,33.66,Monthly,Basic,0
15163,56,44,72.16,1,1,1,90.21,Yearly,Standard,0
15164,33,70,44.8,6,0,0,78.18,Monthly,Basic,0
15165,50,14,78.75,21,0,1,77.2,Two Year,Basic,0
15166,66,4,142.26,21,2,1,3.1,Yearly,Standard,1
15167,38,18,121.61,8,2,0,19.2,Monthly,Standard,1
15168,26,52,37.17,9,5,1,71.65,Monthly,Standard,0
15169,23,38,130.43,7,1,1,56.61,Monthly,Basic,0
15170,68,20,141.87,10,2,0,58.27,Monthly,Basic,0
15171,62,44,56.01,29,3,1,2.47,Yearly,Standard,0
15172,52,51,63.34,8,1,0,44.76,Monthly,Premium,0
15173,56,19,36.42,30,2,0,78.86,Monthly,Premium,0
15174,39,68,64.84,2,4,1,66.69,Yearly,Premium,0
15175,58,66,107.51,18,5,2,57.67,Monthly,Basic,1
15176,22,13,55.38,28,1,2,69.96,Monthly,Basic,0
15177,59,62,20.89,15,2,0,85.25,Monthly,Premium,0
15178,40,61,64.01,24,3,0,85.1,Monthly,Premium,0
15179,34,30,78.91,6,1,0,46.15,Yearly,Standard,0
15180,29,30,93.63,24,1,1,31.47,Two Year,Standard,0
15181,40,51,108.9,14,2,0,37.27,Yearly,Premium,1
15182,33,48,28.03,25,0,0,52.62,Yearly,Premium,0
15183,20,33,81.07,25,2,0,9.85,Two Year,Premium,0
15184,47,19,54.63,27,0,0,59.51,Monthly,Basic,0
15185,39,71,143.24,22,3,1,45.87,Monthly,Basic,0
15186,26,57,66.79,24,2,0,76.13,Yearly,Premium,0
15187,46,19,33.02,18,2,2,28.12,Yearly,Basic,0
15188,64,41,25.39,24,0,0,7.56,Yearly,Basic,0
15189,54,42,54.5,3,0,0,89.56,Two Year,Basic,0
15190,40,52,43.25,30,2,0,7.74,Monthly,Premium,0
15191,30,4,104.47,1,6,1,92.8,Yearly,Standard,0
15192,49,4,130.11,23,2,0,50.25,Two Year,Basic,0
15193,63,5,60.63,1,1,0,6.57,Two Year,Premium,1
15194,69,41,95.11,14,0,0,13.46,Monthly,Standard,1
15195,64,61,114.94,27,1,0,53.76,Monthly,Premium,0
15196,65,55,71.8,1,2,2,2.56,Yearly,Premium,0
15197,40,13,28.62,1,0,0,91.6,Monthly,Basic,1
15198,62,14,49.79,4,2,1,79.83,Two Year,Premium,0
15199,34,60,134.8,29,2,1,50.95,Yearly,Basic,0
15200,57,25,127.18,30,5,0,92.7,Monthly,Standard,0
15201,38,44,31.25,12,2,1,26.72,Monthly,Standard,0
15202,19,10,49.11,15,2,0,85.49,Monthly,Basic,1
15203,54,71,119.99,29,1,0,80.71,Monthly,Standard,0
15204,23,50,83.17,30,1,0,58.6,Monthly,Basic,0
15205,61,44,118.8,28,0,1,32.57,Two Year,Basic,0
15206,35,14,47.44,4,0,0,56.27,Monthly,Standard,0
15207,47,15,143.85,30,1,0,95.76,Two Year,Standard,0
15208,39,16,121.87,10,3,1,9.37,Yearly,Premium,1
15209,50,2,45.67,11,1,0,20.9,Two Year,Basic,0
15210,47,30,92.6,6,2,0,64.75,Monthly,Standard,0
15211,34,30,34.7,28,1,0,68.16,Monthly,Standard,0
15212,60,31,66.99,10,0,0,17.28,Yearly,Standard,0
15213,49,20,105.75,12,3,0,80.82,Monthly,Premium,0
15214,59,49,62.92,3,2,1,92.92,Monthly,Standard,0
15215,68,35,105.38,15,3,0,8.89,Two Year,Standard,0
15216,31,23,51.82,16,2,0,97.45,Monthly,Basic,0
15217,27,61,113.76,10,1,4,28.84,Yearly,Standard,0
15218,64,55,66.75,22,2,0,31.58,Two Year,Premium,0
15219,68,67,122.76,29,1,1,5.45,Yearly,Basic,0
15220,53,8,37.77,23,2,0,50.24,Monthly,Standard,0
15221,51,40,67.06,11,0,0,95.52,Yearly,Basic,0
15222,26,59,80.31,16,1,2,16.94,Yearly,Premium,0
15223,59,32,75.1,17,2,0,58.11,Monthly,Premium,0
15224,45,7,76.3,14,3,1,28.17,Monthly,Premium,0
15225,28,2,77.82,16,1,1,2.85,Yearly,Standard,1
15226,31,6,148.54,14,3,1,98.73,Yearly,Standard,1
15227,56,36,45.11,6,0,1,71.9,Monthly,Premium,0
15228,64,32,119.93,10,3,0,73.81,Two Year,Premium,1
15229,36,45,91.73,17,3,0,66.63,Yearly,Standard,0
15230,32,42,73.77,23,1,1,15.23,Monthly,Standard,0
15231,45,53,102.36,10,3,1,21.46,Monthly,Premium,0
15232,41,9,130.96,21,0,1,39.18,Yearly,Premium,0
15233,25,49,80.66,10,2,1,99.55,Yearly,Basic,0
15234,60,2,132.42,14,3,0,67.58,Monthly,Basic,0
15235,26,67,32.19,20,0,0,44.8,Yearly,Standard,0
15236,64,11,104.9,17,5,1,48.99,Monthly,Premium,0
15237,50,50,63.31,9,2,1,92.3,Monthly,Standard,1
15238,50,35,70.27,15,2,3,20.45,Yearly,Basic,1
15239,36,15,94.23,7,1,0,32.77,Yearly,Standard,0
15240,20,31,82.39,2,2,0,37.72,Yearly,Standard,0
15241,27,62,69.63,4,1,0,89.87,Monthly,Standard,0
15242,57,28,60.08,20,2,0,77.9,Yearly,Standard,0
15243,64,25,100.38,24,4,0,59.49,Monthly,Premium,0
15244,59,25,85.73,18,4,0,32.16,Monthly,Premium,0
15245,18,1,62.03,11,1,1,21.02,Two Year,Standard,0
15246,46,59,46.64,5,5,0,33.74,Monthly,Basic,0
15247,67,69,120.68,26,3,0,93.02,Yearly,Premium,0
15248,51,42,123.96,8,0,1,91.11,Two Year,Standard,0
15249,68,34,47.79,22,5,0,42.77,Two Year,Premium,0
15250,30,66,54.01,20,0,0,33.23,Two Year,Standard,1
15251,18,18,51.09,5,3,0,88.57,Two Year,Premium,0
15252,51,5,134.99,2,2,1,45.18,Monthly,Premium,0
15253,46,20,120.64,5,0,3,4.83,Monthly,Standard,0
15254,65,66,29.69,3,1,0,35.23,Monthly,Premium,0
15255,64,62,128.25,12,2,0,61.12,Monthly,Premium,0
15256,30,32,24.79,19,1,0,94.51,Yearly,Standard,0
15257,65,58,52.92,7,2,1,43.03,Monthly,Standard,0
15258,66,50,139.47,19,1,1,24.77,Monthly,Standard,0
15259,46,38,132.36,4,0,0,39.07,Yearly,Standard,0
15260,56,55,121.59,23,0,2,6.65,Monthly,Basic,0
15261,41,28,79.48,14,1,0,89.98,Monthly,Premium,0
15262,43,22,61.78,19,3,0,4.31,Two Year,Standard,1
15263,34,43,134.6,26,6,0,1.1,Yearly,Standard,0
15264,24,36,105.42,26,1,0,61.8,Monthly,Basic,0
15265,30,52,58.42,29,2,0,16.25,Yearly,Premium,0
15266,22,36,80.22,18,0,0,30.31,Monthly,Basic,0
15267,43,28,134.6,26,2,0,49.61,Monthly,Standard,0
15268,66,58,137.45,7,2,0,79.42,Monthly,Premium,0
15269,20,36,105.71,15,3,1,39.36,Monthly,Premium,0
15270,24,70,115.23,21,2,0,95.75,Monthly,Premium,0
15271,66,9,25.11,1,0,0,45.87,Monthly,Premium,1
15272,56,21,98.6,12,1,0,92.08,Yearly,Standard,0
15273,18,64,109.57,26,3,0,45.78,Monthly,Basic,0
15274,66,61,22.65,29,0,0,52.1,Monthly,Premium,1
15275,34,40,129.7,24,2,0,95.85,Monthly,Basic,0
15276,60,56,140.68,19,1,0,67.82,Monthly,Basic,0
15277,42,4,50.93,27,3,3,15.79,Two Year,Basic,1
15278,20,31,129.95,23,2,2,60.26,Two Year,Premium,0
15279,32,27,106.52,6,4,0,23.3,Monthly,Standard,0
15280,46,58,95.49,26,0,0,31.66,Two Year,Premium,0
15281,60,25,129.61,28,3,0,83.98,Monthly,Basic,0
15282,49,69,57.13,13,2,0,68.53,Yearly,Basic,1
15283,43,70,122.81,30,0,0,29.4,Two Year,Basic,1
15284,33,5,60.89,6,0,0,1.46,Monthly,Basic,0
15285,42,8,122.37,13,1,2,53.59,Monthly,Standard,1
15286,45,9,78.64,15,3,0,25.77,Monthly,Premium,1
15287,26,15,35.2,29,3,2,3.8,Two Year,Basic,0
15288,18,7,69.6,16,1,0,7.26,Two Year,Standard,0
15289,46,15,50.35,8,2,0,67.65,Monthly,Standard,0
15290,39,37,33.07,13,0,0,42.01,Yearly,Premium,0
15291,33,39,34.34,13,1,0,26.99,Monthly,Basic,1
15292,58,6,121.41,28,3,0,88.09,Two Year,Standard,0
15293,68,57,134.58,29,2,0,82.68,Two Year,Premium,0
15294,61,19,140.53,20,2,1,47.15,Yearly,Premium,0
15295,68,63,131.01,20,1,0,28.28,Two Year,Standard,0
15296,58,31,127.93,12,1,1,51.21,Yearly,Standard,0
15297,24,10,28.95,19,3,0,75.54,Monthly,Basic,0
15298,31,67,122.72,17,1,1,2.06,Two Year,Premium,0
15299,46,62,121.83,30,1,0,61.64,Monthly,Premium,0
15300,36,3,37.07,26,1,1,71.3,Monthly,Basic,0
15301,36,18,106.06,3,5,0,81.86,Monthly,Basic,0
15302,19,25,78.83,15,1,2,22.44,Monthly,Premium,0
15303,58,20,137.0,17,2,1,21.14,Monthly,Premium,0
15304,62,58,110.4,6,2,0,22.36,Yearly,Basic,0
15305,32,50,143.63,24,3,0,93.21,Monthly,Standard,0
15306,20,10,33.64,19,0,3,14.96,Yearly,Premium,0
15307,28,21,25.28,30,4,2,76.7,Monthly,Standard,0
15308,63,29,146.57,12,5,1,98.69,Two Year,Premium,0
15309,47,10,30.42,4,3,1,94.68,Monthly,Premium,0
15310,57,13,70.21,21,4,0,41.58,Two Year,Standard,0
15311,35,47,104.5,23,0,2,84.1,Monthly,Basic,0
15312,68,23,134.41,12,4,0,67.34,Yearly,Basic,0
15313,65,50,53.1,27,3,1,86.98,Monthly,Premium,0
15314,19,4,23.78,22,1,1,16.96,Monthly,Standard,0
15315,49,67,87.77,2,3,0,76.73,Monthly,Standard,0
15316,25,53,81.24,7,2,0,59.07,Monthly,Standard,0
15317,39,2,59.9,16,2,0,54.47,Monthly,Premium,0
15318,23,68,133.61,24,2,1,73.16,Monthly,Premium,0
15319,29,65,117.41,30,2,0,28.03,Yearly,Standard,0
15320,64,57,131.56,12,2,0,8.38,Yearly,Standard,1
15321,57,70,41.04,16,1,0,50.71,Yearly,Standard,0
15322,53,7,110.01,14,1,0,30.91,Yearly,Standard,0
15323,32,19,146.76,1,1,0,26.38,Monthly,Premium,0
15324,45,44,99.55,22,1,0,99.85,Monthly,Basic,0
15325,69,63,42.28,27,2,0,20.59,Yearly,Basic,1
15326,66,65,149.45,9,4,0,24.32,Monthly,Basic,0
15327,62,39,88.68,7,1,1,34.05,Monthly,Basic,0
15328,35,26,129.21,5,3,0,50.2,Two Year,Basic,0
15329,19,44,39.42,29,2,0,87.04,Monthly,Basic,0
15330,30,12,106.59,30,0,1,18.46,Two Year,Standard,0
15331,62,22,138.64,10,1,1,61.98,Two Year,Standard,0
15332,32,14,89.16,27,0,0,37.48,Two Year,Basic,0
15333,37,30,57.53,10,4,1,79.89,Yearly,Basic,1
15334,46,44,36.56,25,3,1,60.59,Two Year,Premium,0
15335,59,38,58.47,18,2,0,79.71,Two Year,Premium,0
15336,46,59,66.13,7,2,0,85.65,Monthly,Premium,0
15337,20,42,112.29,25,3,0,91.3,Two Year,Basic,0
15338,36,52,43.22,18,0,0,99.57,Two Year,Premium,0
15339,20,63,33.79,13,2,2,62.27,Monthly,Premium,0
15340,31,61,70.3,11,1,0,64.12,Monthly,Basic,0
15341,57,34,79.62,10,0,0,14.92,Yearly,Basic,0
15342,21,39,101.69,22,1,0,11.4,Monthly,Basic,0
15343,69,41,111.98,9,2,1,49.27,Monthly,Standard,0
15344,28,37,135.61,15,4,1,69.68,Monthly,Basic,0
15345,48,65,57.56,14,2,0,25.57,Monthly,Premium,0
15346,60,32,88.72,3,2,1,33.39,Monthly,Basic,1
15347,49,8,67.59,24,2,1,70.31,Monthly,Standard,0
15348,44,18,20.18,14,4,0,21.95,Yearly,Standard,0
15349,47,45,95.33,21,2,1,52.62,Yearly,Premium,0
15350,60,33,126.05,16,2,0,54.32,Monthly,Standard,0
15351,19,5,24.74,23,1,1,91.78,Monthly,Premium,0
15352,66,36,20.45,29,3,0,40.83,Two Year,Standard,0
15353,26,23,114.62,28,4,0,21.84,Yearly,Standard,1
15354,45,40,108.9,3,2,1,18.22,Two Year,Basic,0
15355,48,5,72.76,8,1,0,30.02,Monthly,Standard,0
15356,51,34,106.01,2,1,0,28.61,Monthly,Standard,1
15357,32,24,143.94,29,3,3,75.27,Monthly,Basic,0
15358,65,17,52.22,24,2,2,59.78,Monthly,Basic,0
15359,42,71,51.97,2,0,0,68.56,Monthly,Standard,1
15360,53,22,44.21,23,5,2,63.4,Monthly,Basic,1
15361,25,15,114.12,18,4,0,48.64,Monthly,Standard,0
15362,26,15,65.91,7,1,2,92.9,Monthly,Standard,0
15363,54,25,148.53,17,3,1,81.92,Yearly,Standard,1
15364,65,53,112.9,6,0,0,21.87,Yearly,Basic,0
15365,62,21,67.76,10,0,0,42.94,Monthly,Basic,1
15366,56,66,39.39,7,1,1,29.5,Two Year,Standard,0
15367,49,32,96.96,4,3,1,74.82,Monthly,Basic,0
15368,69,21,58.34,11,1,1,35.1,Monthly,Premium,1
15369,34,68,137.72,16,0,1,64.38,Monthly,Basic,0
15370,52,44,77.38,27,6,0,29.93,Monthly,Basic,0
15371,54,66,58.04,17,1,1,17.99,Yearly,Basic,0
15372,36,14,96.51,28,1,1,1.91,Monthly,Premium,1
15373,61,15,37.81,6,1,1,99.47,Yearly,Standard,0
15374,46,20,93.0,20,0,0,22.73,Monthly,Standard,0
15375,24,34,27.29,19,1,1,83.39,Monthly,Premium,0
15376,45,36,98.9,20,3,1,82.39,Two Year,Basic,0
15377,26,9,88.92,22,0,0,24.36,Monthly,Basic,0
15378,45,71,87.7,21,0,0,42.15,Two Year,Basic,0
15379,23,30,108.94,18,2,0,83.78,Monthly,Premium,0
15380,46,63,25.78,15,1,1,69.29,Two Year,Basic,0
15381,34,35,79.77,2,0,0,37.62,Two Year,Premium,0
15382,33,13,77.73,19,1,0,94.96,Two Year,Basic,0
15383,40,46,79.77,27,1,1,34.89,Two Year,Standard,0
15384,48,56,147.39,6,3,0,21.99,Two Year,Basic,0
15385,20,9,38.11,12,1,0,15.53,Yearly,Premium,0
15386,38,36,109.76,30,4,1,70.43,Two Year,Standard,0
15387,43,3,72.26,1,2,0,3.87,Yearly,Standard,0
15388,53,19,86.52,27,5,0,84.74,Two Year,Standard,0
15389,59,28,119.11,23,2,0,31.12,Two Year,Premium,0
15390,54,23,40.46,24,4,1,37.61,Yearly,Basic,1
15391,39,7,119.27,23,4,0,80.38,Two Year,Basic,1
15392,59,14,29.14,11,4,0,81.6,Monthly,Premium,0
15393,29,46,82.83,19,2,0,40.6,Two Year,Basic,0
15394,59,15,116.47,22,2,1,55.83,Monthly,Premium,0
15395,30,67,45.03,30,0,1,68.24,Monthly,Basic,0
15396,28,15,120.22,4,1,1,69.17,Monthly,Standard,0
15397,33,51,41.69,21,4,0,53.87,Monthly,Standard,0
15398,25,8,123.9,19,3,1,84.57,Two Year,Premium,1
15399,57,69,80.96,21,1,1,84.3,Monthly,Premium,0
15400,57,62,109.0,6,1,0,85.03,Monthly,Premium,0
15401,62,51,139.26,8,3,0,27.55,Two Year,Standard,0
15402,19,63,73.09,28,3,1,26.43,Monthly,Basic,0
15403,47,68,50.28,22,1,1,14.84,Monthly,Premium,0
15404,47,16,132.73,9,1,1,82.81,Monthly,Premium,1
15405,29,24,41.01,10,1,0,7.01,Monthly,Standard,0
15406,27,6,102.09,10,2,0,14.4,Monthly,Standard,0
15407,61,57,140.02,30,0,1,92.69,Yearly,Premium,0
15408,28,31,107.67,10,5,0,13.39,Monthly,Standard,1
15409,32,6,45.44,26,2,0,13.01,Monthly,Standard,1
15410,33,29,39.8,4,3,1,91.0,Monthly,Basic,0
15411,34,67,52.8,18,1,0,31.7,Yearly,Basic,1
15412,43,3,70.88,12,0,2,88.26,Monthly,Premium,1
15413,19,28,40.69,25,3,1,38.39,Monthly,Standard,0
15414,67,48,123.72,11,0,0,37.99,Yearly,Basic,1
15415,29,10,66.41,16,1,0,14.38,Monthly,Basic,1
15416,68,33,141.69,19,3,1,91.94,Two Year,Premium,0
15417,43,67,129.52,11,2,0,76.41,Monthly,Standard,0
15418,40,69,138.15,23,1,0,23.34,Yearly,Standard,0
15419,35,12,58.28,4,1,3,73.05,Monthly,Premium,1
15420,49,57,94.59,12,4,0,11.27,Yearly,Premium,0
15421,66,44,61.79,28,7,1,52.86,Monthly,Basic,0
15422,55,13,53.4,17,1,0,26.17,Monthly,Basic,0
15423,64,24,98.92,24,1,0,85.21,Two Year,Premium,0
15424,20,44,126.34,13,0,1,51.6,Monthly,Premium,0
15425,55,57,32.17,28,3,0,92.2,Monthly,Premium,1
15426,20,16,55.85,4,0,1,58.93,Two Year,Standard,1
15427,47,21,46.67,27,1,0,50.89,Monthly,Standard,0
15428,18,51,123.79,6,4,2,69.7,Monthly,Basic,0
15429,47,21,141.34,7,2,1,78.61,Monthly,Basic,0
15430,62,60,30.39,8,2,0,2.51,Two Year,Premium,0
15431,49,51,69.3,26,5,2,52.71,Yearly,Premium,0
15432,45,21,138.89,2,4,0,77.8,Two Year,Premium,0
15433,38,6,64.8,9,0,0,41.34,Monthly,Basic,0
15434,63,65,112.65,10,1,0,5.47,Monthly,Basic,0
15435,30,58,33.09,29,0,0,2.74,Yearly,Basic,0
15436,44,6,77.77,19,1,2,79.59,Monthly,Premium,0
15437,53,65,85.43,1,1,1,20.61,Yearly,Basic,0
15438,24,34,118.5,16,4,0,18.32,Two Year,Basic,0
15439,39,56,57.55,18,2,0,29.67,Two Year,Standard,0
15440,27,3,54.34,8,3,0,11.11,Monthly,Standard,1
15441,56,42,59.39,10,5,0,6.28,Yearly,Premium,0
15442,32,62,92.24,22,2,0,87.35,Monthly,Standard,0
15443,32,6,133.88,11,1,1,30.98,Two Year,Basic,0
15444,21,6,128.02,17,1,0,58.66,Yearly,Basic,0
15445,49,63,27.53,27,2,1,85.92,Monthly,Standard,0
15446,40,20,134.26,25,2,1,97.77,Two Year,Standard,0
15447,23,21,32.36,7,1,0,69.16,Monthly,Standard,0
15448,41,2,74.0,26,2,0,95.07,Yearly,Basic,0
15449,37,56,119.5,27,0,0,42.93,Two Year,Basic,0
15450,54,10,30.6,3,4,1,79.16,Monthly,Premium,0
15451,37,70,25.25,29,2,0,93.82,Yearly,Standard,0
15452,29,23,62.9,7,3,0,6.26,Monthly,Premium,0
15453,50,30,114.89,6,2,0,32.43,Monthly,Premium,0
15454,45,37,87.83,3,2,0,74.29,Monthly,Basic,0
15455,25,55,74.21,8,1,0,32.21,Yearly,Standard,0
15456,18,49,125.7,1,3,0,2.69,Monthly,Premium,0
15457,54,34,119.67,5,1,0,80.9,Yearly,Premium,1
15458,39,44,122.19,24,2,1,17.31,Yearly,Standard,0
15459,23,22,79.76,19,2,1,32.77,Yearly,Premium,0
15460,38,31,22.53,27,1,1,91.15,Monthly,Basic,0
15461,49,7,42.38,13,0,1,21.68,Yearly,Standard,0
15462,52,21,116.37,26,2,2,89.58,Yearly,Standard,0
15463,32,16,117.91,11,2,0,42.83,Monthly,Standard,0
15464,22,20,146.4,28,4,0,91.9,Monthly,Standard,0
15465,63,43,44.72,22,4,0,87.81,Yearly,Premium,0
15466,67,44,35.98,26,1,0,42.11,Monthly,Basic,0
15467,65,47,38.04,11,3,0,92.27,Monthly,Premium,0
15468,23,19,44.02,2,1,0,63.64,Yearly,Basic,0
15469,42,48,88.7,9,1,2,48.09,Yearly,Basic,0
15470,63,69,146.78,2,2,2,53.54,Yearly,Standard,0
15471,57,11,96.63,21,2,0,7.27,Monthly,Basic,0
15472,46,29,87.95,19,5,1,80.95,Monthly,Standard,0
15473,24,45,107.54,26,2,1,29.95,Yearly,Premium,0
15474,57,68,29.61,12,1,1,27.75,Yearly,Standard,0
15475,30,36,126.0,9,1,0,71.82,Two Year,Basic,0
15476,55,48,104.09,9,3,1,37.71,Monthly,Basic,0
15477,35,15,42.25,23,3,1,51.9,Monthly,Standard,1
15478,19,44,101.99,10,2,2,42.74,Monthly,Premium,0
15479,25,67,97.51,5,1,1,50.96,Yearly,Premium,0
15480,28,40,28.43,9,2,0,23.0,Yearly,Standard,0
15481,50,14,54.7,23,4,0,88.61,Monthly,Premium,1
15482,55,63,70.82,18,2,0,61.41,Monthly,Premium,0
15483,65,51,51.84,10,3,0,24.14,Monthly,Premium,0
15484,44,58,51.61,17,1,0,10.06,Monthly,Standard,0
15485,37,15,94.48,26,2,0,54.01,Monthly,Standard,0
15486,29,65,81.21,10,2,0,47.34,Yearly,Basic,1
15487,60,55,106.75,14,4,0,93.32,Yearly,Basic,0
15488,48,10,144.33,4,0,0,23.84,Monthly,Basic,1
15489,44,42,105.87,10,3,1,88.28,Monthly,Standard,1
15490,49,11,95.67,24,2,0,76.88,Monthly,Standard,0
15491,27,16,130.18,22,3,0,48.17,Two Year,Standard,0
15492,20,19,102.17,30,2,0,87.5,Yearly,Standard,0
15493,62,31,41.52,18,3,1,86.33,Monthly,Standard,0
15494,44,53,60.92,5,1,3,71.73,Monthly,Premium,1
15495,52,8,115.34,9,3,1,11.05,Two Year,Basic,0
15496,48,24,115.99,6,3,2,16.86,Monthly,Standard,1
15497,32,8,148.31,16,0,0,59.57,Yearly,Basic,1
15498,33,48,101.51,22,2,0,25.3,Monthly,Standard,0
15499,30,30,136.94,23,1,1,55.57,Two Year,Basic,0
15500,66,58,27.1,16,3,0,56.52,Yearly,Standard,1
15501,52,55,93.61,29,1,3,59.12,Monthly,Standard,0
15502,69,62,139.58,11,3,0,57.41,Monthly,Basic,1
15503,28,48,57.34,21,1,1,38.55,Monthly,Premium,0
15504,38,4,40.13,15,3,0,21.81,Monthly,Standard,0
15505,68,37,65.57,19,1,2,52.34,Yearly,Premium,0
15506,28,8,122.99,3,3,0,50.02,Monthly,Premium,0
15507,47,1,31.01,16,2,1,28.24,Monthly,Basic,1
15508,65,70,98.04,21,1,0,6.07,Monthly,Standard,0
15509,52,47,37.63,20,3,1,21.35,Monthly,Basic,0
15510,39,5,76.62,5,1,1,55.53,Yearly,Standard,0
15511,55,50,145.58,30,2,0,54.03,Monthly,Premium,0
15512,48,24,45.37,9,2,1,14.23,Yearly,Premium,1
15513,31,47,24.42,5,1,0,61.0,Monthly,Premium,1
15514,41,18,75.54,4,2,0,42.84,Monthly,Standard,0
15515,67,28,95.1,13,1,0,65.71,Monthly,Standard,1
15516,66,5,58.68,20,5,0,88.91,Monthly,Premium,0
15517,49,30,90.43,17,2,1,31.55,Monthly,Premium,0
15518,53,1,143.94,26,1,1,35.38,Two Year,Premium,0
15519,49,46,60.53,20,2,0,68.0,Monthly,Premium,0
15520,32,69,60.23,12,4,0,94.97,Monthly,Standard,0
15521,60,31,82.76,30,2,1,49.13,Monthly,Standard,0
15522,52,70,86.99,20,1,0,17.76,Yearly,Standard,0
15523,20,56,20.18,25,3,0,93.57,Monthly,Basic,0
15524,33,28,100.06,27,2,2,47.51,Monthly,Premium,0
15525,22,16,149.66,20,0,0,46.61,Monthly,Basic,0
15526,38,54,57.96,7,0,1,54.44,Monthly,Premium,0
15527,27,53,102.01,1,1,1,26.0,Monthly,Basic,0
15528,36,12,20.6,30,3,1,78.68,Two Year,Standard,0
15529,42,20,98.56,16,1,0,64.46,Monthly,Premium,0
15530,21,34,78.12,7,0,1,95.53,Yearly,Premium,0
15531,46,53,88.94,30,0,1,21.18,Yearly,Premium,0
15532,36,64,90.71,2,0,0,62.29,Yearly,Standard,0
15533,60,23,43.0,12,2,0,52.15,Monthly,Standard,0
15534,19,27,120.1,11,3,1,89.58,Monthly,Premium,0
15535,27,17,92.21,8,1,0,4.01,Two Year,Basic,0
15536,60,48,55.13,1,2,0,76.32,Two Year,Standard,0
15537,42,21,141.86,26,2,0,62.68,Yearly,Basic,0
15538,37,50,21.66,3,1,0,61.15,Yearly,Basic,0
15539,65,40,114.37,8,5,0,87.66,Monthly,Standard,0
15540,36,3,69.56,26,3,0,59.39,Yearly,Standard,1
15541,40,17,87.93,8,3,0,71.88,Yearly,Standard,0
15542,41,61,57.9,11,1,1,64.93,Yearly,Standard,0
15543,28,50,61.76,29,2,0,7.88,Yearly,Basic,0
15544,63,6,21.97,21,2,0,12.17,Monthly,Premium,0
15545,51,28,114.88,5,4,1,34.51,Monthly,Premium,0
15546,45,55,112.4,8,0,3,67.89,Yearly,Premium,0
15547,22,58,105.07,26,1,0,3.62,Monthly,Basic,1
15548,22,45,134.13,21,2,0,77.49,Monthly,Standard,0
15549,68,19,137.16,9,5,0,21.1,Yearly,Basic,1
15550,38,29,92.34,17,2,1,56.39,Monthly,Premium,0
15551,29,23,109.03,5,2,1,20.91,Two Year,Premium,1
15552,67,32,21.43,19,1,2,18.42,Monthly,Standard,0
15553,21,10,130.02,19,1,1,34.08,Yearly,Basic,0
15554,66,49,126.13,2,3,3,92.23,Yearly,Premium,0
15555,59,65,22.63,19,1,0,24.55,Monthly,Standard,0
15556,37,29,90.57,23,3,1,5.8,Two Year,Premium,0
15557,55,59,137.87,15,1,0,88.34,Monthly,Standard,1
15558,42,45,43.58,8,0,1,44.45,Monthly,Basic,0
15559,31,67,65.84,28,3,1,62.48,Monthly,Standard,0
15560,28,51,63.04,24,0,1,88.69,Monthly,Premium,0
15561,49,11,66.27,27,1,1,75.81,Two Year,Premium,0
15562,28,6,25.45,8,0,0,79.85,Monthly,Standard,1
15563,35,67,56.27,1,2,0,48.53,Monthly,Premium,0
15564,44,62,58.33,14,3,0,69.05,Yearly,Premium,0
15565,35,5,132.56,11,1,0,96.41,Monthly,Premium,0
15566,40,9,65.78,7,2,1,89.09,Two Year,Premium,0
15567,28,28,78.14,18,1,0,61.63,Monthly,Standard,0
15568,38,38,69.5,27,1,2,9.45,Monthly,Standard,1
15569,61,43,35.69,15,1,0,97.99,Yearly,Basic,0
15570,22,21,148.75,10,4,1,23.32,Yearly,Premium,0
15571,40,62,127.36,4,2,0,36.72,Monthly,Basic,0
15572,58,46,90.32,21,1,1,14.89,Yearly,Standard,0
15573,42,70,81.93,28,1,1,17.49,Monthly,Premium,0
15574,58,38,104.4,1,2,1,79.78,Monthly,Premium,0
15575,27,49,62.44,14,1,0,13.7,Yearly,Standard,1
15576,39,39,26.54,20,1,1,19.75,Two Year,Standard,1
15577,36,71,72.56,20,1,0,17.98,Monthly,Standard,0
15578,18,30,147.92,25,3,1,37.65,Two Year,Basic,0
15579,24,21,43.71,9,1,0,69.77,Yearly,Standard,1
15580,21,1,88.6,13,2,0,64.74,Monthly,Basic,0
15581,18,32,21.11,29,2,0,72.74,Monthly,Standard,0
15582,32,8,35.86,27,2,0,72.95,Two Year,Basic,0
15583,57,69,96.33,26,4,0,1.3,Monthly,Premium,0
15584,29,30,58.66,17,2,0,68.77,Monthly,Standard,0
15585,39,8,137.74,24,3,0,68.77,Yearly,Basic,0
15586,39,19,72.8,20,4,0,7.15,Monthly,Premium,0
15587,67,59,47.04,4,2,2,43.29,Monthly,Standard,1
15588,64,55,90.93,5,1,0,8.79,Monthly,Basic,0
15589,34,30,123.35,18,4,0,19.89,Yearly,Standard,0
15590,46,36,22.52,17,2,0,49.49,Monthly,Premium,1
15591,63,55,85.72,21,2,2,2.19,Monthly,Premium,0
15592,31,44,120.55,7,2,0,10.4,Two Year,Standard,1
15593,67,27,33.47,10,1,1,9.41,Yearly,Basic,1
15594,37,54,137.36,9,1,0,13.33,Monthly,Basic,0
15595,67,48,54.39,28,1,1,5.93,Yearly,Standard,0
15596,65,30,42.18,28,5,2,61.6,Monthly,Basic,0
15597,50,39,96.6,13,1,0,18.68,Monthly,Basic,0
15598,60,13,42.75,18,1,1,86.4,Two Year,Premium,0
15599,32,16,108.36,12,3,0,88.6,Monthly,Basic,0
15600,29,44,83.71,8,3,1,69.41,Two Year,Standard,0
15601,57,71,34.29,23,0,0,7.43,Monthly,Premium,0
15602,37,27,138.62,18,1,0,89.27,Yearly,Standard,0
15603,47,45,107.52,5,3,2,42.45,Two Year,Premium,1
15604,55,35,90.98,7,3,0,18.93,Monthly,Basic,1
15605,20,28,68.66,15,1,0,78.1,Monthly,Standard,0
15606,45,7,37.53,3,2,2,35.32,Yearly,Standard,0
15607,43,62,111.98,18,1,2,51.1,Monthly,Basic,0
15608,47,51,125.78,6,2,1,74.56,Monthly,Premium,0
15609,30,46,36.36,26,5,1,11.01,Monthly,Standard,0
15610,30,20,84.29,29,0,2,17.79,Yearly,Standard,0
15611,19,38,83.03,6,2,1,96.89,Yearly,Basic,0
15612,54,61,65.49,27,3,1,71.64,Monthly,Standard,0
15613,66,32,122.61,20,1,0,23.88,Monthly,Premium,0
15614,55,26,32.94,1,3,1,57.8,Monthly,Premium,1
15615,19,58,46.65,21,0,0,19.61,Monthly,Standard,0
15616,53,39,20.21,17,2,0,86.68,Yearly,Basic,0
15617,43,20,68.49,11,6,1,45.41,Monthly,Basic,1
15618,28,50,57.85,30,4,0,80.88,Monthly,Basic,0
15619,25,52,132.71,27,1,1,97.22,Two Year,Premium,0
15620,61,22,116.96,24,1,1,98.11,Two Year,Premium,1
15621,57,53,30.98,2,2,0,14.62,Yearly,Basic,0
15622,60,66,116.32,25,3,3,94.54,Yearly,Basic,0
15623,39,43,107.8,9,1,0,27.76,Two Year,Basic,1
15624,37,23,56.62,19,3,1,36.6,Yearly,Standard,0
15625,25,64,22.01,6,5,0,7.24,Monthly,Standard,1
15626,46,9,34.97,25,0,1,64.91,Monthly,Premium,0
15627,57,7,52.49,7,4,0,64.77,Monthly,Basic,0
15628,43,41,126.16,4,2,2,77.93,Monthly,Basic,0
15629,47,54,80.49,3,1,0,94.68,Monthly,Premium,0
15630,34,65,139.39,2,4,1,43.39,Yearly,Basic,0
15631,37,2,122.59,10,4,1,41.34,Yearly,Premium,0
15632,69,4,57.32,10,2,1,64.27,Yearly,Premium,0
15633,33,32,129.9,17,4,1,67.07,Monthly,Premium,0
15634,63,2,35.17,27,1,0,45.08,Monthly,Basic,1
15635,60,64,24.7,16,3,0,92.01,Monthly,Standard,0
15636,24,14,99.11,26,2,1,6.17,Yearly,Basic,1
15637,33,20,64.43,27,1,0,75.88,Two Year,Basic,0
15638,62,49,62.83,1,2,0,21.59,Two Year,Premium,0
15639,64,8,109.34,12,2,0,50.04,Monthly,Basic,0
15640,65,63,130.51,20,2,0,85.3,Yearly,Premium,0
15641,44,46,61.88,20,1,0,33.63,Monthly,Standard,0
15642,40,21,62.25,25,6,1,90.07,Monthly,Premium,0
15643,41,32,89.4,10,2,2,45.62,Yearly,Basic,0
15644,26,8,104.91,1,2,0,70.57,Two Year,Standard,0
15645,52,16,46.38,16,1,1,72.55,Yearly,Premium,0
15646,68,40,138.65,11,1,0,26.82,Monthly,Basic,0
15647,37,27,105.07,4,1,0,90.17,Monthly,Basic,0
15648,54,18,101.27,3,2,0,13.34,Yearly,Premium,0
15649,59,35,137.55,25,0,0,59.42,Two Year,Standard,0
15650,34,52,137.94,13,3,0,92.97,Two Year,Basic,0
15651,64,15,37.62,21,2,0,4.07,Yearly,Premium,0
15652,48,63,38.86,15,4,0,53.59,Yearly,Standard,0
15653,25,53,119.05,25,3,1,25.4,Two Year,Basic,0
15654,32,66,144.39,10,1,0,20.05,Two Year,Basic,0
15655,48,31,106.65,6,1,0,24.14,Two Year,Standard,0
15656,47,61,73.47,11,4,0,90.37,Yearly,Premium,0
15657,63,64,108.85,25,0,1,43.13,Monthly,Standard,0
15658,37,34,49.75,1,2,0,24.35,Monthly,Standard,1
15659,56,55,149.74,29,2,0,92.83,Monthly,Standard,1
15660,29,59,76.04,20,2,0,32.84,Monthly,Standard,0
15661,66,3,141.12,4,1,0,72.62,Monthly,Standard,0
15662,34,17,76.0,30,4,0,54.18,Two Year,Premium,0
15663,59,46,140.66,26,5,0,68.24,Yearly,Premium,0
15664,47,38,63.64,10,1,0,19.08,Monthly,Basic,0
15665,46,35,118.87,22,3,2,68.17,Monthly,Premium,0
15666,36,1,143.63,26,2,1,90.68,Two Year,Standard,0
15667,63,29,103.98,15,2,0,10.99,Monthly,Standard,1
15668,28,4,108.08,29,3,0,33.33,Yearly,Standard,0
15669,51,61,33.38,1,2,1,97.29,Monthly,Basic,0
15670,67,17,81.65,26,3,0,23.29,Monthly,Premium,0
15671,24,28,135.28,21,1,0,6.9,Monthly,Standard,0
15672,61,50,51.32,15,1,1,6.45,Monthly,Basic,1
15673,51,8,122.49,3,0,1,28.25,Yearly,Premium,0
15674,37,34,107.84,1,2,0,49.99,Monthly,Basic,0
15675,67,59,48.99,6,1,1,27.61,Monthly,Premium,0
15676,55,18,56.76,19,1,0,28.81,Yearly,Basic,1
15677,41,59,75.58,4,2,1,83.31,Monthly,Basic,0
15678,27,27,36.27,12,2,0,76.93,Two Year,Premium,0
15679,49,16,138.74,25,1,0,31.77,Monthly,Basic,1
15680,69,10,116.12,2,2,0,35.14,Monthly,Basic,1
15681,32,22,67.45,17,0,0,97.0,Monthly,Standard,0
15682,54,16,58.96,26,2,0,95.07,Yearly,Standard,0
15683,37,12,109.65,6,0,0,97.34,Monthly,Standard,1
15684,20,51,75.15,12,1,0,93.98,Monthly,Standard,0
15685,54,1,49.81,15,2,1,63.18,Yearly,Premium,0
15686,57,27,75.92,17,1,1,31.52,Two Year,Standard,0
15687,25,67,133.27,1,2,0,96.98,Two Year,Standard,0
15688,57,12,28.92,14,0,0,74.54,Yearly,Standard,0
15689,61,30,67.89,23,1,1,71.41,Monthly,Standard,0
15690,40,9,145.1,2,0,0,79.96,Two Year,Premium,0
15691,57,53,21.93,4,1,0,60.25,Two Year,Basic,0
15692,28,61,135.78,20,1,1,58.74,Monthly,Basic,0
15693,63,54,68.73,2,2,0,36.77,Monthly,Premium,0
15694,25,37,44.64,22,0,0,15.92,Monthly,Premium,1
15695,46,65,21.95,26,0,0,44.41,Monthly,Basic,0
15696,47,42,29.17,14,3,2,52.22,Monthly,Standard,0
15697,27,49,42.34,18,2,0,87.9,Monthly,Standard,0
15698,56,4,23.3,28,2,0,40.76,Yearly,Premium,0
15699,45,64,63.66,8,4,1,88.42,Yearly,Premium,0
15700,66,51,25.84,20,2,1,32.43,Two Year,Premium,0
15701,53,60,109.99,1,4,0,94.52,Monthly,Standard,0
15702,30,31,126.46,16,1,0,4.85,Yearly,Basic,0
15703,49,58,135.37,7,2,1,53.01,Yearly,Standard,0
15704,53,4,91.39,6,4,1,32.84,Monthly,Basic,1
15705,54,22,143.05,28,0,0,30.15,Two Year,Premium,1
15706,43,3,20.73,30,2,2,8.86,Monthly,Basic,0
15707,39,47,37.42,22,3,0,68.45,Two Year,Basic,0
15708,21,38,58.11,27,1,0,39.86,Two Year,Standard,0
15709,48,33,122.57,19,2,0,94.96,Monthly,Standard,0
15710,35,48,135.1,10,1,0,71.53,Monthly,Basic,0
15711,55,65,100.36,23,4,1,44.85,Yearly,Premium,0
15712,41,26,69.82,6,3,0,63.1,Monthly,Standard,0
15713,40,8,106.56,26,1,0,7.53,Two Year,Standard,0
15714,39,50,43.52,10,2,1,59.32,Yearly,Standard,0
15715,19,38,79.52,25,4,0,66.95,Monthly,Standard,0
15716,48,10,85.98,19,1,1,11.51,Two Year,Standard,0
15717,28,42,33.63,3,2,0,68.56,Monthly,Basic,0
15718,45,37,24.4,20,2,0,47.93,Yearly,Basic,0
15719,63,26,117.51,3,1,1,48.48,Yearly,Basic,0
15720,49,12,89.51,20,2,0,72.63,Monthly,Premium,0
15721,22,49,63.19,6,1,0,45.53,Yearly,Standard,0
15722,55,14,76.84,17,2,0,24.2,Two Year,Standard,0
15723,27,46,144.5,18,0,0,30.53,Monthly,Premium,0
15724,57,35,70.04,10,1,0,74.1,Yearly,Premium,0
15725,63,29,33.45,6,2,0,8.03,Monthly,Standard,1
15726,41,12,80.27,28,7,1,84.24,Two Year,Standard,0
15727,52,44,104.25,13,3,0,58.64,Two Year,Basic,0
15728,61,66,21.57,6,2,2,72.97,Monthly,Basic,0
15729,65,2,63.2,12,3,1,35.03,Two Year,Standard,1
15730,40,59,71.16,14,2,0,23.05,Monthly,Standard,0
15731,34,17,80.28,17,1,0,80.65,Monthly,Standard,0
15732,18,10,59.22,22,5,2,11.12,Monthly,Premium,0
15733,48,18,106.7,30,1,0,17.42,Monthly,Basic,0
15734,48,22,142.81,27,2,1,29.21,Two Year,Standard,0
15735,59,58,138.82,28,1,1,35.77,Yearly,Standard,0
15736,59,53,106.37,25,5,0,21.16,Monthly,Premium,0
15737,51,1,85.89,8,1,1,91.35,Yearly,Standard,0
15738,26,61,127.36,26,0,0,3.69,Yearly,Basic,1
15739,39,31,128.67,5,1,0,80.54,Yearly,Basic,0
15740,30,31,127.84,29,2,1,41.7,Yearly,Standard,0
15741,42,66,40.52,4,1,0,83.78,Monthly,Standard,0
15742,65,19,23.31,6,1,0,79.8,Monthly,Basic,0
15743,35,53,147.82,11,0,0,12.98,Monthly,Premium,0
15744,68,22,144.76,30,2,3,66.98,Monthly,Standard,0
15745,29,23,93.37,28,3,1,38.47,Monthly,Standard,0
15746,57,15,149.1,5,2,0,82.28,Monthly,Premium,0
15747,34,26,120.17,29,1,2,85.25,Monthly,Standard,0
15748,32,3,87.26,22,1,2,19.72,Yearly,Premium,0
15749,59,20,70.61,14,4,1,48.39,Two Year,Basic,0
15750,32,40,97.07,30,0,1,59.85,Yearly,Premium,0
15751,32,39,87.05,10,2,0,54.86,Monthly,Standard,1
15752,56,18,149.19,11,0,0,25.93,Yearly,Standard,1
15753,30,41,83.76,3,2,3,27.98,Yearly,Standard,0
15754,34,70,128.67,23,3,0,85.96,Two Year,Premium,0
15755,49,27,125.77,8,3,1,4.24,Monthly,Standard,0
15756,26,15,29.28,21,1,1,26.97,Monthly,Standard,0
15757,57,37,31.31,5,3,1,23.08,Monthly,Standard,1
15758,37,58,105.78,28,3,1,37.7,Yearly,Premium,0
15759,43,5,53.68,20,2,0,68.92,Monthly,Basic,0
15760,44,7,105.48,26,3,1,53.69,Monthly,Premium,0
15761,38,41,38.8,21,3,0,54.52,Yearly,Premium,0
15762,35,10,71.62,28,3,0,73.4,Yearly,Basic,0
15763,30,62,33.32,10,4,0,81.4,Monthly,Standard,0
15764,33,26,56.67,27,0,0,16.83,Monthly,Standard,0
15765,26,68,31.48,8,1,0,11.7,Monthly,Premium,0
15766,29,24,146.18,21,5,0,30.82,Two Year,Standard,0
15767,61,41,71.36,9,4,0,82.93,Monthly,Basic,0
15768,55,65,137.15,29,2,0,54.63,Two Year,Standard,0
15769,36,17,146.25,28,2,0,15.14,Monthly,Basic,0
15770,24,24,138.24,29,0,0,17.21,Two Year,Basic,0
15771,52,27,79.14,15,1,0,89.93,Monthly,Standard,0
15772,65,7,121.26,1,5,2,37.33,Monthly,Premium,1
15773,35,12,39.98,23,1,0,26.27,Monthly,Standard,0
15774,33,3,32.33,5,2,0,69.68,Monthly,Premium,1
15775,56,10,134.0,15,4,0,86.22,Monthly,Standard,1
15776,21,33,24.05,4,3,1,44.8,Monthly,Standard,1
15777,42,46,146.4,19,2,1,79.32,Two Year,Premium,0
15778,49,59,107.38,28,0,3,43.57,Monthly,Standard,1
15779,57,52,74.55,10,3,2,69.45,Yearly,Premium,0
15780,30,6,38.38,23,3,0,57.91,Yearly,Basic,1
15781,62,2,114.02,28,3,0,89.55,Monthly,Basic,0
15782,34,29,93.2,2,4,1,33.18,Monthly,Standard,0
15783,66,40,112.45,5,6,0,77.27,Two Year,Premium,0
15784,54,61,74.33,18,1,0,68.71,Monthly,Premium,0
15785,23,68,28.61,23,3,0,84.04,Monthly,Basic,0
15786,36,68,60.95,6,2,0,61.15,Two Year,Basic,0
15787,30,29,60.95,29,3,0,46.55,Monthly,Basic,0
15788,43,62,21.13,10,4,0,5.9,Two Year,Basic,0
15789,31,60,21.25,15,3,0,84.13,Monthly,Basic,0
15790,48,41,63.0,23,0,0,91.08,Two Year,Premium,0
15791,21,65,114.59,28,1,1,45.52,Yearly,Basic,0
15792,56,64,101.13,9,2,0,23.0,Monthly,Basic,1
15793,25,63,51.07,13,0,0,65.07,Yearly,Basic,0
15794,42,48,98.36,18,2,0,13.05,Two Year,Standard,0
15795,30,20,104.16,25,1,0,5.04,Monthly,Premium,0
15796,49,37,87.93,7,5,1,29.72,Two Year,Premium,0
15797,55,64,87.78,2,3,0,68.31,Yearly,Premium,0
15798,55,5,68.07,16,4,1,81.61,Monthly,Standard,0
15799,45,34,36.04,26,4,1,16.53,Monthly,Basic,1
15800,47,39,70.11,2,0,0,94.67,Monthly,Basic,0
15801,20,67,64.89,4,6,2,55.66,Two Year,Premium,1
15802,45,62,96.96,2,0,0,92.6,Monthly,Basic,0
15803,20,24,131.31,17,3,0,15.83,Yearly,Basic,1
15804,62,3,68.8,6,1,0,46.34,Yearly,Standard,1
15805,51,71,112.27,10,2,0,43.65,Yearly,Premium,0
15806,33,67,125.54,14,2,0,41.76,Two Year,Premium,1
15807,39,50,47.53,27,0,0,93.15,Yearly,Basic,0
15808,49,29,137.21,15,1,0,85.09,Yearly,Basic,0
15809,55,32,29.16,21,2,0,79.63,Two Year,Basic,1
15810,25,39,137.22,12,4,0,29.33,Yearly,Premium,0
15811,25,9,41.27,19,0,2,34.57,Two Year,Standard,0
15812,23,14,63.83,11,1,0,26.67,Yearly,Basic,1
15813,31,68,98.68,1,1,0,79.55,Yearly,Basic,0
15814,49,64,137.74,25,1,1,39.89,Monthly,Basic,0
15815,52,20,53.24,8,4,3,97.89,Monthly,Premium,0
15816,27,28,119.26,22,4,1,37.07,Two Year,Standard,0
15817,20,14,112.36,6,4,0,17.81,Monthly,Basic,1
15818,29,44,40.76,12,3,1,93.06,Monthly,Basic,0
15819,66,39,82.33,20,3,0,78.49,Monthly,Basic,0
15820,48,28,82.6,16,3,0,58.74,Yearly,Premium,0
15821,46,64,59.6,29,2,0,85.99,Monthly,Standard,0
15822,22,32,121.39,18,2,1,95.0,Yearly,Basic,0
15823,69,9,140.37,12,2,2,86.28,Yearly,Basic,0
15824,42,28,113.15,20,0,0,90.55,Monthly,Premium,0
15825,58,17,146.48,30,1,0,27.85,Monthly,Basic,0
15826,48,55,26.56,2,3,0,51.57,Monthly,Premium,1
15827,38,10,24.84,29,1,1,79.73,Monthly,Standard,0
15828,37,6,136.2,7,1,0,53.08,Yearly,Premium,0
15829,56,48,136.71,9,0,1,64.54,Monthly,Standard,0
15830,39,67,33.93,29,3,0,92.36,Yearly,Basic,0
15831,21,41,66.47,18,1,0,30.24,Two Year,Standard,1
15832,30,60,128.6,9,0,1,54.4,Two Year,Basic,0
15833,62,42,36.71,25,2,1,56.79,Yearly,Premium,0
15834,59,71,54.77,8,1,0,36.59,Two Year,Standard,0
15835,67,28,108.53,1,2,0,37.46,Yearly,Basic,0
15836,66,13,147.65,5,1,0,77.13,Yearly,Premium,0
15837,37,15,123.63,16,2,1,93.02,Yearly,Premium,0
15838,69,36,121.05,14,2,2,63.74,Two Year,Basic,0
15839,30,15,64.55,26,6,0,49.31,Yearly,Premium,0
15840,34,56,105.97,13,4,0,75.29,Monthly,Basic,0
15841,53,4,34.7,29,2,1,99.78,Monthly,Premium,1
15842,50,52,148.99,11,3,0,9.16,Monthly,Premium,1
15843,18,10,82.48,20,0,0,65.51,Yearly,Standard,0
15844,32,45,103.05,23,0,0,56.05,Yearly,Premium,0
15845,30,29,133.9,13,0,0,61.41,Monthly,Standard,0
15846,34,53,20.13,27,1,1,3.26,Two Year,Basic,0
15847,41,29,146.88,15,3,0,95.61,Two Year,Basic,0
15848,25,23,66.69,30,4,0,9.45,Yearly,Basic,0
15849,67,57,64.15,24,1,1,31.44,Monthly,Basic,0
15850,44,50,38.86,30,2,0,30.53,Yearly,Premium,0
15851,62,21,131.56,26,2,0,73.58,Two Year,Basic,0
15852,40,43,133.21,27,3,0,67.42,Monthly,Premium,0
15853,63,10,22.6,16,1,0,7.11,Yearly,Premium,0
15854,25,30,27.24,13,1,1,15.82,Monthly,Basic,0
15855,25,51,139.38,8,1,1,32.56,Two Year,Basic,0
15856,43,33,35.97,18,2,0,70.71,Two Year,Basic,0
15857,64,18,100.72,19,2,0,92.99,Monthly,Premium,0
15858,30,22,100.55,29,1,1,32.23,Monthly,Premium,1
15859,56,64,133.06,26,2,0,53.03,Monthly,Basic,0
15860,54,21,94.45,15,3,0,37.89,Monthly,Standard,0
15861,66,1,76.42,10,1,0,58.16,Yearly,Standard,0
15862,45,15,146.67,23,1,1,63.17,Monthly,Basic,1
15863,42,36,49.75,4,1,0,52.31,Monthly,Basic,0
15864,33,47,54.15,6,3,0,39.51,Yearly,Premium,1
15865,19,54,31.02,8,5,1,88.1,Yearly,Standard,0
15866,35,32,146.79,24,1,1,80.39,Two Year,Premium,0
15867,34,58,111.83,7,4,1,99.84,Monthly,Basic,0
15868,47,46,21.57,29,3,0,41.86,Monthly,Premium,0
15869,56,54,111.56,12,1,1,4.84,Yearly,Basic,0
15870,30,33,72.54,18,2,2,65.49,Monthly,Basic,1
15871,49,39,145.78,18,5,1,78.56,Monthly,Basic,0
15872,67,23,56.06,19,0,0,93.74,Yearly,Basic,0
15873,46,43,112.34,4,2,0,2.03,Monthly,Premium,1
15874,63,55,101.57,1,2,1,88.08,Monthly,Premium,0
15875,47,2,21.57,5,2,1,52.16,Monthly,Premium,0
15876,35,66,135.08,30,2,2,38.11,Two Year,Premium,0
15877,30,38,38.15,7,3,1,22.97,Yearly,Standard,1
15878,60,29,106.27,28,2,0,81.6,Monthly,Standard,0
15879,38,67,120.82,26,3,2,37.01,Monthly,Premium,0
15880,47,71,102.02,11,2,0,60.85,Yearly,Premium,0
15881,38,36,32.62,21,0,0,51.66,Monthly,Basic,0
15882,65,29,146.77,30,2,1,27.05,Yearly,Standard,1
15883,34,37,50.79,23,2,0,78.99,Two Year,Standard,0
15884,57,45,101.62,21,1,0,30.52,Monthly,Premium,1
15885,36,16,123.63,11,4,1,78.94,Monthly,Premium,1
15886,69,31,142.1,10,1,0,41.54,Monthly,Premium,0
15887,32,34,98.52,24,3,0,3.98,Two Year,Basic,0
15888,26,50,53.68,7,4,1,76.98,Two Year,Basic,0
15889,69,65,128.76,16,4,2,90.03,Monthly,Standard,0
15890,27,62,41.22,30,0,1,12.86,Two Year,Standard,0
15891,61,43,22.9,1,1,0,58.94,Monthly,Basic,0
15892,48,56,138.06,27,3,1,8.1,Monthly,Basic,0
15893,40,15,94.8,1,1,0,83.16,Monthly,Premium,0
15894,69,48,29.05,12,1,1,98.81,Yearly,Basic,0
15895,47,49,95.36,16,3,1,50.0,Two Year,Basic,0
15896,50,44,38.85,5,2,1,32.03,Monthly,Premium,0
15897,69,10,24.08,14,2,0,84.73,Two Year,Basic,0
15898,26,20,35.15,18,3,1,52.56,Monthly,Premium,0
15899,64,70,120.76,9,0,2,45.45,Yearly,Basic,0
15900,18,8,118.24,2,0,1,23.55,Two Year,Premium,0
15901,61,45,98.56,12,1,2,61.99,Monthly,Standard,0
15902,52,34,47.21,25,2,0,61.03,Yearly,Premium,0
15903,28,51,116.07,10,1,2,27.02,Yearly,Premium,0
15904,51,4,73.05,2,0,0,21.93,Monthly,Premium,0
15905,33,39,86.4,15,1,0,44.42,Monthly,Premium,0
15906,26,24,136.69,4,0,1,45.63,Yearly,Standard,1
15907,49,55,79.52,19,2,1,13.71,Monthly,Basic,0
15908,32,26,101.43,22,3,1,28.33,Two Year,Basic,0
15909,29,25,145.03,4,0,1,16.87,Monthly,Premium,0
15910,50,36,78.68,25,2,0,90.24,Two Year,Premium,0
15911,62,71,92.89,9,1,0,8.36,Two Year,Basic,0
15912,31,58,95.97,13,2,0,88.0,Monthly,Standard,1
15913,25,12,51.29,10,1,1,53.26,Monthly,Premium,1
15914,25,1,115.8,14,1,2,66.87,Two Year,Premium,1
15915,44,50,114.46,25,0,1,92.4,Monthly,Standard,0
15916,29,25,47.76,3,1,1,37.17,Monthly,Premium,0
15917,18,5,21.73,3,1,0,70.56,Yearly,Standard,0
15918,60,68,149.86,20,0,0,67.5,Yearly,Standard,0
15919,57,6,95.61,16,0,1,98.85,Yearly,Basic,0
15920,59,26,43.53,9,2,0,5.56,Monthly,Standard,0
15921,68,55,56.86,14,2,2,46.09,Monthly,Standard,0
15922,28,39,100.31,22,4,1,98.97,Two Year,Standard,0
15923,56,9,37.89,16,0,1,33.46,Monthly,Premium,0
15924,60,45,24.85,9,3,0,96.6,Yearly,Basic,0
15925,48,14,123.8,24,3,1,81.86,Monthly,Premium,0
15926,34,55,113.06,23,1,0,34.59,Monthly,Premium,0
15927,50,9,60.25,29,4,1,3.88,Monthly,Basic,0
15928,49,15,27.6,5,0,1,28.75,Monthly,Basic,0
15929,46,37,83.22,13,1,0,13.25,Monthly,Standard,0
15930,38,50,55.9,15,4,0,43.42,Two Year,Basic,1
15931,38,21,71.71,25,2,2,94.01,Monthly,Premium,0
15932,57,57,55.62,4,2,1,51.75,Yearly,Standard,0
15933,40,19,42.78,14,1,0,45.3,Two Year,Standard,0
15934,23,58,70.31,20,4,0,22.36,Monthly,Basic,0
15935,39,6,145.44,24,1,1,62.52,Monthly,Premium,0
15936,67,4,54.61,20,1,3,46.08,Two Year,Standard,0
15937,55,43,63.68,7,2,1,77.5,Yearly,Basic,1
15938,54,42,62.8,4,1,2,52.1,Yearly,Standard,0
15939,62,3,82.44,27,1,0,88.77,Yearly,Basic,1
15940,68,1,129.66,17,4,0,78.52,Two Year,Premium,1
15941,25,55,72.28,26,1,2,15.36,Monthly,Basic,0
15942,58,15,124.8,9,2,0,14.46,Monthly,Basic,0
15943,66,47,34.95,4,2,0,3.41,Monthly,Premium,0
15944,52,46,136.34,3,1,0,37.53,Monthly,Premium,0
15945,68,58,44.09,19,4,0,6.41,Monthly,Basic,0
15946,28,71,25.1,9,0,0,45.55,Monthly,Basic,0
15947,41,39,40.59,8,0,2,24.89,Two Year,Premium,0
15948,66,3,44.8,26,2,2,50.33,Monthly,Standard,0
15949,38,30,86.11,7,2,1,16.67,Two Year,Standard,0
15950,68,35,78.49,7,2,0,55.37,Two Year,Basic,0
15951,19,57,113.06,4,2,0,96.68,Yearly,Premium,0
15952,57,29,26.62,19,1,0,64.09,Monthly,Standard,0
15953,36,50,84.7,12,4,0,56.87,Monthly,Premium,0
15954,56,62,63.22,20,2,1,79.02,Monthly,Standard,0
15955,45,52,101.99,6,3,2,1.55,Monthly,Basic,0
15956,34,14,25.68,12,3,0,28.96,Two Year,Standard,0
15957,23,35,24.54,29,1,1,98.71,Yearly,Premium,0
15958,36,28,75.54,30,2,0,78.48,Two Year,Standard,0
15959,55,58,125.47,20,2,1,9.94,Monthly,Premium,0
15960,45,30,107.24,4,1,0,33.32,Monthly,Basic,0
15961,19,7,22.17,2,2,1,44.55,Yearly,Basic,0
15962,55,39,43.2,15,2,0,93.52,Yearly,Basic,0
15963,54,69,49.48,30,1,0,59.03,Monthly,Premium,0
15964,68,35,75.0,23,2,1,8.65,Yearly,Premium,0
15965,69,52,96.27,6,2,0,51.4,Monthly,Standard,0
15966,21,14,48.14,18,2,0,29.65,Two Year,Premium,1
15967,39,63,69.73,21,0,1,34.53,Monthly,Standard,0
15968,43,36,95.91,22,1,1,12.31,Monthly,Standard,0
15969,66,24,69.85,5,2,0,46.42,Monthly,Standard,1
15970,60,40,38.61,4,2,0,67.28,Two Year,Basic,0
15971,53,29,83.92,11,0,0,76.2,Two Year,Basic,0
15972,30,53,62.12,11,1,0,69.84,Monthly,Standard,0
15973,69,22,132.34,9,3,1,66.39,Monthly,Premium,0
15974,49,15,120.83,3,1,2,87.05,Monthly,Premium,0
15975,34,69,44.74,11,2,1,33.9,Monthly,Premium,0
15976,58,64,39.84,2,2,0,22.24,Monthly,Standard,0
15977,53,4,65.2,9,1,0,9.85,Monthly,Standard,0
15978,63,18,73.58,24,2,0,17.4,Two Year,Standard,1
15979,36,42,141.16,25,2,1,15.79,Yearly,Premium,0
15980,52,30,59.21,10,3,0,91.34,Two Year,Basic,0
15981,63,15,132.79,11,2,1,18.87,Monthly,Premium,1
15982,57,70,85.69,3,1,0,10.3,Monthly,Standard,1
15983,45,55,135.13,17,2,0,40.62,Monthly,Basic,0
15984,18,53,111.25,11,1,0,17.79,Yearly,Premium,0
15985,59,16,112.09,17,1,0,13.93,Yearly,Premium,0
15986,35,34,87.44,19,0,0,36.88,Monthly,Premium,1
15987,65,27,129.24,4,2,0,92.02,Monthly,Standard,0
15988,57,13,53.08,2,3,0,4.01,Two Year,Standard,0
15989,50,27,137.96,24,2,0,21.56,Two Year,Standard,1
15990,29,69,102.78,14,0,0,82.6,Yearly,Basic,1
15991,25,31,77.03,29,1,0,25.28,Monthly,Premium,0
15992,41,3,147.68,15,2,1,44.67,Monthly,Premium,0
15993,33,30,132.06,28,2,0,10.76,Monthly,Premium,0
15994,67,21,120.36,3,3,1,79.72,Monthly,Standard,0
15995,21,6,55.61,29,2,0,73.91,Monthly,Premium,0
15996,55,32,146.59,30,1,1,13.68,Monthly,Basic,0
15997,61,42,116.59,20,1,0,94.85,Monthly,Basic,0
15998,44,62,98.68,22,2,0,59.47,Monthly,Basic,0
15999,26,32,139.83,26,4,0,80.02,Monthly,Premium,0
16000,64,39,41.08,13,0,0,76.62,Monthly,Basic,0
16001,33,64,38.07,22,1,0,52.39,Monthly,Premium,1
16002,29,30,93.28,13,2,0,75.0,Yearly,Basic,0
16003,48,63,27.37,18,2,1,24.54,Monthly,Premium,0
16004,41,31,106.32,22,5,0,3.11,Yearly,Basic,1
16005,31,40,51.3,20,2,0,34.87,Two Year,Basic,0
16006,62,33,35.47,21,2,0,16.1,Monthly,Basic,1
16007,42,63,73.23,7,1,0,98.13,Monthly,Premium,1
16008,51,25,80.57,23,0,2,92.44,Monthly,Basic,0
16009,20,36,42.16,16,1,0,15.27,Monthly,Standard,0
16010,41,24,25.4,16,1,2,35.06,Two Year,Basic,1
16011,59,58,73.83,22,3,1,51.42,Two Year,Basic,0
16012,26,39,118.74,26,0,0,40.47,Two Year,Basic,0
16013,43,46,133.65,6,8,1,70.3,Yearly,Basic,0
16014,37,10,32.68,6,3,1,50.85,Yearly,Basic,1
16015,57,32,88.21,4,2,1,56.96,Monthly,Basic,0
16016,27,36,54.24,3,1,1,68.09,Monthly,Premium,0
16017,36,28,68.7,1,2,0,3.34,Monthly,Premium,0
16018,20,16,141.35,3,3,1,2.23,Monthly,Standard,1
16019,41,16,65.77,19,2,1,18.63,Two Year,Standard,0
16020,22,18,67.49,9,3,1,72.11,Monthly,Premium,0
16021,20,8,47.22,14,0,1,24.8,Monthly,Standard,0
16022,44,70,144.8,19,1,2,92.1,Monthly,Basic,0
16023,33,1,79.34,24,1,1,8.77,Two Year,Premium,0
16024,66,62,94.15,24,2,2,58.41,Two Year,Basic,0
16025,32,38,78.91,19,2,1,3.53,Two Year,Standard,0
16026,52,45,52.88,26,4,2,97.23,Two Year,Basic,0
16027,29,58,125.35,26,3,2,22.15,Yearly,Standard,0
16028,58,1,23.7,28,2,0,59.18,Monthly,Premium,0
16029,61,32,109.73,13,2,0,95.35,Monthly,Basic,0
16030,43,8,97.26,22,1,0,4.01,Monthly,Premium,1
16031,64,40,38.76,16,0,1,51.76,Yearly,Standard,0
16032,51,56,41.57,28,3,2,53.14,Two Year,Basic,1
16033,40,63,105.7,8,2,0,35.8,Monthly,Standard,0
16034,48,36,60.58,24,0,0,65.8,Monthly,Basic,0
16035,67,57,54.55,26,2,0,54.71,Monthly,Basic,0
16036,37,45,27.69,16,3,0,25.66,Monthly,Standard,0
16037,29,2,119.64,26,3,0,70.83,Monthly,Premium,1
16038,40,68,134.75,9,2,0,47.15,Monthly,Basic,0
16039,21,50,126.58,9,3,0,47.56,Monthly,Premium,0
16040,40,29,80.58,24,3,0,95.24,Yearly,Premium,0
16041,65,10,89.41,23,1,0,53.97,Yearly,Premium,0
16042,65,27,51.5,26,2,1,78.68,Monthly,Premium,1
16043,18,15,42.47,3,1,1,86.87,Yearly,Basic,0
16044,42,60,126.99,7,1,0,58.49,Yearly,Premium,0
16045,19,31,123.78,20,1,1,78.85,Yearly,Basic,0
16046,47,21,121.06,18,1,0,31.64,Monthly,Premium,0
16047,20,60,80.24,30,2,0,19.01,Monthly,Premium,0
16048,38,58,132.39,24,0,0,69.86,Monthly,Standard,0
16049,42,41,140.41,2,1,0,92.69,Monthly,Standard,0
16050,37,46,62.68,1,5,1,5.21,Monthly,Standard,1
16051,66,45,49.21,12,2,0,76.54,Yearly,Basic,0
16052,69,26,80.35,16,1,2,3.81,Monthly,Premium,0
16053,39,51,43.31,12,2,2,46.4,Two Year,Standard,0
16054,38,36,134.92,21,1,1,68.04,Yearly,Premium,1
16055,50,52,63.94,10,3,2,41.13,Two Year,Basic,0
16056,69,51,94.9,29,1,1,30.79,Yearly,Basic,0
16057,55,3,97.31,9,1,0,19.5,Two Year,Basic,1
16058,32,14,86.95,21,3,2,97.81,Two Year,Standard,0
16059,63,49,40.35,27,2,1,57.46,Monthly,Basic,0
16060,69,1,148.83,18,2,0,13.66,Yearly,Standard,1
16061,32,57,42.44,26,2,0,5.77,Two Year,Premium,0
16062,63,17,117.7,4,0,2,25.1,Yearly,Basic,1
16063,42,50,122.88,8,0,1,54.32,Monthly,Standard,0
16064,38,14,38.87,23,1,1,75.45,Yearly,Standard,1
16065,41,59,141.31,21,3,0,98.12,Two Year,Standard,0
16066,22,3,83.41,4,3,1,83.56,Yearly,Standard,1
16067,23,40,101.75,30,1,1,61.58,Yearly,Premium,0
16068,66,66,103.48,16,1,0,66.98,Monthly,Basic,0
16069,60,34,85.64,21,1,1,52.68,Yearly,Standard,0
16070,65,9,38.46,23,0,0,44.02,Monthly,Basic,0
16071,61,21,117.73,21,3,1,78.69,Two Year,Standard,0
16072,64,25,95.63,8,1,1,18.56,Two Year,Standard,0
16073,40,44,35.43,7,4,1,34.06,Two Year,Standard,0
16074,21,25,111.04,23,5,0,97.89,Monthly,Standard,0
16075,44,9,111.36,25,1,0,57.6,Yearly,Standard,0
16076,35,62,91.3,24,4,1,50.35,Yearly,Basic,0
16077,38,26,31.77,13,3,0,85.23,Yearly,Premium,0
16078,45,57,65.84,28,3,0,76.44,Monthly,Basic,0
16079,52,37,26.62,8,0,0,33.28,Two Year,Basic,1
16080,39,16,82.09,22,4,0,62.97,Two Year,Basic,0
16081,57,37,137.84,7,6,0,19.35,Yearly,Standard,0
16082,40,24,20.29,24,1,0,6.24,Yearly,Basic,0
16083,20,26,54.66,29,3,3,98.99,Yearly,Premium,1
16084,57,20,123.98,5,0,0,73.98,Yearly,Standard,0
16085,67,9,21.28,26,1,1,93.15,Yearly,Basic,0
16086,27,29,21.32,18,3,0,83.36,Two Year,Premium,0
16087,42,31,99.41,30,2,0,43.38,Two Year,Premium,0
16088,69,19,122.6,23,4,0,86.28,Two Year,Basic,0
16089,66,20,120.95,26,1,0,78.88,Monthly,Basic,0
16090,25,27,121.35,19,1,0,26.57,Yearly,Standard,1
16091,28,44,66.93,10,5,1,62.68,Yearly,Basic,0
16092,22,35,134.75,11,1,0,31.2,Monthly,Standard,0
16093,62,71,21.67,8,0,0,24.17,Monthly,Standard,0
16094,54,22,60.58,6,2,1,9.09,Two Year,Basic,0
16095,62,15,63.83,11,1,0,54.77,Monthly,Premium,1
16096,55,13,41.52,16,5,0,39.85,Monthly,Premium,0
16097,46,4,63.71,30,2,2,9.72,Two Year,Premium,0
16098,22,56,96.16,4,5,0,72.12,Monthly,Basic,1
16099,26,23,87.64,2,4,0,72.58,Two Year,Standard,0
16100,65,34,61.53,13,2,0,24.3,Monthly,Premium,0
16101,19,17,117.41,7,1,0,95.63,Monthly,Basic,0
16102,18,28,112.92,17,2,0,78.01,Yearly,Premium,0
16103,57,14,56.49,23,2,0,80.73,Yearly,Premium,0
16104,68,34,62.02,13,4,0,1.37,Two Year,Premium,0
16105,47,57,57.38,10,1,0,97.87,Monthly,Basic,0
16106,28,55,36.75,13,0,1,99.04,Yearly,Standard,0
16107,45,66,117.86,10,4,0,51.21,Two Year,Premium,0
16108,61,37,26.02,7,1,1,98.52,Yearly,Basic,0
16109,29,68,39.58,10,4,0,61.6,Two Year,Premium,1
16110,56,26,33.69,29,1,0,14.26,Monthly,Standard,1
16111,43,61,127.29,16,5,0,81.61,Yearly,Standard,0
16112,30,67,25.72,3,1,0,56.25,Yearly,Basic,0
16113,25,52,106.4,4,1,0,34.89,Monthly,Basic,0
16114,45,18,25.78,28,0,0,24.38,Yearly,Premium,0
16115,47,53,122.24,4,1,1,52.37,Monthly,Premium,0
16116,26,63,138.65,4,4,1,69.48,Yearly,Basic,1
16117,56,53,83.29,16,3,1,87.82,Two Year,Premium,0
16118,48,27,124.59,9,3,2,60.27,Yearly,Basic,1
16119,38,31,111.83,6,2,1,42.11,Yearly,Basic,0
16120,64,1,123.43,10,3,0,63.58,Yearly,Standard,1
16121,51,6,119.68,25,2,0,50.2,Yearly,Basic,0
16122,48,11,46.7,28,1,0,65.55,Monthly,Standard,0
16123,69,34,84.94,4,5,1,61.29,Monthly,Premium,0
16124,42,63,144.85,23,1,1,97.89,Yearly,Premium,0
16125,29,53,64.66,29,1,0,62.6,Yearly,Premium,0
16126,18,18,146.16,12,1,1,69.41,Monthly,Standard,0
16127,39,21,95.81,10,0,2,89.35,Monthly,Basic,1
16128,57,19,80.01,12,2,0,91.39,Yearly,Basic,0
16129,54,4,105.51,28,6,0,14.95,Yearly,Premium,0
16130,64,29,126.06,25,2,2,45.93,Monthly,Basic,0
16131,18,25,71.25,26,2,0,94.33,Monthly,Standard,0
16132,18,56,24.28,19,2,0,96.02,Two Year,Premium,0
16133,59,63,112.14,29,2,0,19.81,Monthly,Standard,0
16134,59,27,144.3,19,5,1,44.93,Yearly,Basic,0
16135,38,60,101.25,22,0,0,28.59,Yearly,Standard,0
16136,32,49,44.49,24,1,1,79.28,Yearly,Basic,0
16137,34,65,52.27,1,2,0,85.36,Two Year,Standard,0
16138,39,38,138.27,4,3,0,47.46,Monthly,Standard,0
16139,55,52,21.76,13,1,1,67.89,Two Year,Premium,0
16140,52,1,91.34,8,1,0,87.13,Yearly,Basic,0
16141,62,40,40.63,22,3,0,71.24,Yearly,Premium,0
16142,33,21,56.76,14,4,1,16.49,Yearly,Premium,0
16143,25,15,59.91,16,1,0,71.49,Monthly,Premium,0
16144,64,50,48.51,2,3,1,16.74,Yearly,Premium,0
16145,34,48,123.01,8,2,1,65.72,Monthly,Standard,0
16146,34,32,63.19,13,0,1,34.02,Two Year,Basic,0
16147,43,49,64.91,30,2,1,6.59,Yearly,Premium,1
16148,30,68,78.89,1,2,0,23.42,Monthly,Standard,0
16149,34,45,137.3,12,1,1,47.37,Monthly,Standard,0
16150,55,32,109.46,17,1,0,99.41,Yearly,Standard,0
16151,34,4,28.03,7,3,1,26.32,Yearly,Premium,0
16152,65,65,25.1,16,1,0,97.9,Monthly,Basic,0
16153,31,71,93.63,14,2,0,37.06,Monthly,Standard,0
16154,62,65,135.32,10,3,0,96.04,Yearly,Basic,0
16155,23,18,62.02,3,2,1,95.65,Monthly,Basic,0
16156,52,54,52.21,28,0,2,15.15,Two Year,Standard,0
16157,63,47,117.26,12,3,0,83.04,Yearly,Premium,0
16158,31,6,98.27,8,1,0,52.21,Two Year,Premium,0
16159,64,66,93.45,16,1,1,68.93,Two Year,Premium,0
16160,25,9,39.41,25,1,0,77.83,Monthly,Standard,0
16161,32,68,42.87,24,2,0,13.33,Yearly,Basic,0
16162,44,23,56.63,1,1,1,80.1,Monthly,Premium,1
16163,30,43,46.89,17,0,1,30.98,Monthly,Basic,0
16164,66,51,146.29,6,3,0,73.5,Monthly,Standard,0
16165,48,25,22.42,28,0,0,57.79,Monthly,Basic,0
16166,52,35,101.39,1,3,2,68.78,Monthly,Standard,0
16167,23,17,87.29,24,1,1,62.66,Two Year,Basic,0
16168,22,18,62.02,15,2,0,81.23,Monthly,Standard,0
16169,39,27,135.39,13,1,0,89.56,Yearly,Basic,0
16170,66,15,107.12,30,2,0,45.46,Monthly,Standard,0
16171,40,69,149.79,6,2,0,39.82,Monthly,Basic,0
16172,42,15,41.93,21,4,1,24.98,Two Year,Premium,0
16173,51,42,31.42,13,2,1,81.57,Monthly,Standard,0
16174,43,34,38.12,22,4,0,96.73,Yearly,Premium,0
16175,64,48,55.01,4,0,0,20.34,Yearly,Standard,1
16176,22,8,74.18,1,1,1,46.33,Monthly,Standard,0
16177,43,10,132.14,23,2,1,77.26,Monthly,Premium,0
16178,37,5,56.87,10,1,0,63.97,Monthly,Basic,1
16179,23,48,138.98,25,3,3,81.69,Two Year,Basic,1
16180,23,26,80.18,4,2,1,2.6,Two Year,Basic,0
16181,67,23,104.12,13,2,0,91.22,Yearly,Basic,0
16182,35,62,54.37,4,5,2,7.07,Yearly,Basic,0
16183,21,13,40.28,16,1,0,45.1,Monthly,Basic,0
16184,34,9,133.03,9,2,1,28.3,Yearly,Premium,1
16185,31,20,34.24,4,2,2,92.89,Two Year,Standard,0
16186,31,57,120.62,26,1,0,28.24,Yearly,Standard,0
16187,30,24,95.53,20,3,1,37.96,Yearly,Premium,0
16188,24,33,131.95,8,2,1,88.95,Yearly,Basic,0
16189,61,20,113.32,27,2,0,54.2,Monthly,Basic,0
16190,32,60,56.62,4,2,0,89.92,Two Year,Premium,0
16191,36,48,94.68,9,2,0,66.44,Two Year,Standard,0
16192,60,64,21.7,11,2,0,8.84,Two Year,Premium,0
16193,64,30,81.78,24,1,2,44.04,Monthly,Basic,0
16194,61,17,31.18,5,2,0,18.46,Yearly,Standard,1
16195,52,14,75.76,9,4,0,7.45,Yearly,Premium,1
16196,34,19,34.25,8,1,1,38.01,Monthly,Basic,1
16197,52,71,144.21,30,1,0,90.93,Two Year,Premium,0
16198,36,59,88.0,26,2,2,12.65,Yearly,Premium,0
16199,37,67,138.72,4,3,0,1.67,Yearly,Premium,0
16200,53,44,22.91,20,6,1,93.57,Monthly,Premium,0
16201,52,32,102.89,1,1,0,53.48,Two Year,Premium,1
16202,49,11,59.9,20,5,2,56.3,Yearly,Standard,0
16203,65,2,76.14,28,1,0,92.92,Two Year,Standard,0
16204,61,68,133.5,13,6,0,70.32,Monthly,Premium,0
16205,57,17,147.4,24,1,1,82.85,Yearly,Standard,0
16206,41,40,52.04,28,1,0,77.28,Yearly,Basic,0
16207,34,46,143.27,28,5,0,61.57,Monthly,Premium,0
16208,24,4,109.53,5,3,0,69.15,Monthly,Standard,0
16209,60,38,143.68,22,0,1,56.51,Yearly,Premium,0
16210,67,63,93.11,20,1,4,36.18,Yearly,Premium,0
16211,18,29,144.9,30,5,1,29.25,Two Year,Basic,0
16212,52,19,136.02,21,2,1,18.42,Yearly,Standard,1
16213,49,29,36.72,10,1,1,36.05,Monthly,Standard,0
16214,53,35,60.4,16,1,0,58.11,Two Year,Premium,1
16215,30,70,51.6,8,2,1,59.17,Monthly,Basic,1
16216,23,23,94.37,12,3,1,68.66,Yearly,Basic,0
16217,31,46,124.36,25,4,1,88.06,Yearly,Basic,0
16218,54,44,118.72,3,0,0,65.53,Monthly,Premium,0
16219,65,48,114.48,26,3,0,17.92,Two Year,Basic,0
16220,32,52,68.78,4,0,1,3.54,Yearly,Standard,0
16221,64,8,38.15,17,1,1,20.49,Monthly,Basic,1
16222,21,55,47.38,27,1,0,90.9,Monthly,Basic,0
16223,57,66,116.42,21,1,1,57.2,Yearly,Standard,0
16224,33,40,39.18,20,3,0,85.01,Yearly,Standard,1
16225,45,31,48.98,22,2,0,24.2,Monthly,Standard,0
16226,33,48,75.19,22,2,0,71.28,Yearly,Standard,0
16227,21,61,29.37,13,3,0,73.44,Monthly,Basic,0
16228,62,52,47.65,26,2,0,81.14,Yearly,Basic,0
16229,43,38,39.47,6,3,0,54.02,Monthly,Standard,1
16230,45,36,143.67,3,0,1,79.56,Monthly,Standard,1
16231,49,55,44.9,14,0,0,93.61,Two Year,Basic,0
16232,62,13,132.03,7,4,0,95.78,Monthly,Basic,0
16233,19,37,34.92,3,1,1,13.42,Monthly,Premium,0
16234,48,47,133.06,6,4,1,62.81,Monthly,Standard,0
16235,20,71,97.93,29,5,1,12.24,Two Year,Basic,0
16236,25,22,130.46,13,1,2,92.34,Monthly,Basic,0
16237,41,39,132.76,14,2,0,95.58,Yearly,Standard,0
16238,32,58,97.53,15,1,0,50.46,Monthly,Standard,0
16239,60,30,139.3,26,1,0,96.03,Monthly,Standard,0
16240,48,18,96.11,16,1,1,76.86,Yearly,Premium,0
16241,26,18,112.63,1,0,1,69.9,Yearly,Premium,0
16242,56,39,74.09,15,1,0,58.5,Yearly,Premium,0
16243,62,26,138.83,30,2,0,41.27,Yearly,Premium,1
16244,19,71,127.14,24,1,0,96.41,Yearly,Standard,0
16245,25,7,41.67,7,2,0,20.51,Monthly,Premium,1
16246,24,69,94.93,28,1,1,80.45,Yearly,Standard,0
16247,61,65,136.59,9,6,0,37.38,Monthly,Standard,0
16248,68,46,123.1,15,2,0,75.57,Two Year,Basic,0
16249,56,18,145.13,14,4,0,17.21,Yearly,Basic,0
16250,59,13,50.07,19,2,2,37.96,Yearly,Standard,1
16251,33,25,67.77,28,0,0,94.67,Yearly,Premium,0
16252,52,8,85.93,24,2,0,56.17,Two Year,Premium,0
16253,47,32,50.25,18,3,0,49.63,Monthly,Standard,0
16254,27,17,71.23,9,1,1,75.46,Two Year,Premium,0
16255,55,48,89.88,1,2,0,42.29,Monthly,Premium,0
16256,35,63,44.87,12,3,0,49.81,Yearly,Premium,0
16257,67,40,53.37,10,2,0,56.5,Yearly,Premium,0
16258,22,15,36.23,7,1,1,99.01,Monthly,Premium,0
16259,46,6,112.74,14,1,0,80.73,Monthly,Basic,0
16260,56,63,67.0,26,2,1,4.94,Monthly,Standard,0
16261,51,8,48.63,30,1,1,78.58,Yearly,Basic,0
16262,60,32,85.95,1,1,0,50.79,Monthly,Premium,0
16263,62,45,28.87,15,2,0,23.84,Yearly,Premium,1
16264,40,52,140.04,22,3,1,85.5,Two Year,Standard,0
16265,22,13,58.28,1,3,0,27.78,Yearly,Basic,1
16266,47,24,135.24,13,3,0,32.72,Monthly,Standard,0
16267,23,40,84.69,20,1,0,7.24,Yearly,Basic,0
16268,63,14,130.52,23,0,0,97.78,Two Year,Basic,0
16269,61,70,52.12,2,0,3,79.74,Two Year,Premium,0
16270,21,62,42.79,3,2,0,15.66,Yearly,Premium,1
16271,46,61,130.42,4,5,0,49.47,Monthly,Premium,0
16272,40,1,47.68,16,2,1,34.34,Monthly,Basic,1
16273,23,66,117.01,22,1,0,4.21,Yearly,Standard,0
16274,49,32,64.8,29,5,1,92.79,Yearly,Basic,0
16275,59,13,117.27,12,4,0,84.1,Monthly,Basic,0
16276,35,33,137.99,25,0,0,98.71,Monthly,Standard,0
16277,32,32,147.61,4,2,0,25.01,Yearly,Basic,0
16278,57,56,66.78,22,2,0,70.24,Yearly,Standard,0
16279,49,24,67.78,12,3,0,12.7,Monthly,Premium,0
16280,26,4,147.58,7,2,0,43.71,Yearly,Standard,0
16281,54,23,132.0,20,1,3,84.83,Monthly,Premium,1
16282,27,29,25.86,22,1,0,1.8,Two Year,Basic,0
16283,37,21,94.55,3,2,0,48.59,Yearly,Basic,0
16284,23,30,43.56,5,4,1,44.03,Monthly,Premium,0
16285,65,20,149.22,12,1,0,69.41,Yearly,Premium,0
16286,20,16,38.06,12,0,0,24.55,Two Year,Basic,1
16287,59,67,92.72,27,3,0,18.16,Two Year,Premium,0
16288,28,49,106.48,26,3,0,65.42,Monthly,Standard,0
16289,60,58,141.82,20,1,2,64.48,Monthly,Premium,0
16290,34,44,130.14,23,3,0,75.43,Yearly,Standard,0
16291,49,25,51.95,22,2,0,25.44,Monthly,Standard,1
16292,21,23,94.44,7,0,0,2.62,Yearly,Basic,0
16293,21,59,143.96,22,0,0,87.92,Yearly,Basic,0
16294,34,1,115.64,12,2,1,21.43,Yearly,Basic,0
16295,58,15,109.48,2,2,0,42.38,Monthly,Premium,1
16296,36,52,118.14,14,2,0,47.38,Monthly,Basic,0
16297,22,58,61.93,23,1,1,19.55,Yearly,Premium,0
16298,49,41,114.8,16,3,1,52.56,Yearly,Standard,0
16299,39,44,50.27,24,1,0,91.51,Monthly,Premium,0
16300,23,4,75.65,7,2,0,27.86,Monthly,Standard,0
16301,52,68,135.69,4,2,1,52.51,Two Year,Standard,0
16302,39,7,22.47,20,2,1,31.56,Monthly,Basic,0
16303,18,46,73.86,28,1,0,98.09,Monthly,Basic,0
16304,37,9,54.69,5,2,0,22.84,Yearly,Premium,0
16305,39,33,45.82,14,4,0,11.82,Yearly,Basic,1
16306,65,33,129.01,9,1,0,15.12,Monthly,Standard,0
16307,28,4,110.54,5,4,1,37.34,Monthly,Premium,0
16308,30,65,34.64,2,2,1,55.73,Monthly,Premium,0
16309,59,34,84.28,5,1,1,67.13,Monthly,Standard,0
16310,20,64,80.7,29,2,0,56.68,Monthly,Basic,0
16311,26,25,38.53,3,1,0,90.65,Two Year,Premium,0
16312,29,55,123.97,10,2,0,36.67,Monthly,Premium,0
16313,40,9,67.67,8,2,0,71.52,Monthly,Premium,1
16314,31,17,119.05,26,3,1,27.55,Monthly,Basic,0
16315,50,21,44.97,10,4,2,68.49,Two Year,Premium,1
16316,35,60,60.96,29,1,1,92.66,Two Year,Standard,0
16317,66,13,32.37,2,1,1,97.86,Monthly,Basic,0
16318,58,3,38.65,14,0,1,73.24,Two Year,Standard,0
16319,26,68,134.81,27,0,1,94.3,Monthly,Premium,0
16320,40,4,34.18,4,2,0,68.36,Monthly,Basic,0
16321,27,7,32.45,21,2,0,96.36,Yearly,Premium,0
16322,36,26,142.25,12,0,1,89.9,Monthly,Standard,0
16323,64,24,103.97,20,3,0,11.56,Monthly,Premium,0
16324,22,10,33.12,29,2,0,47.94,Yearly,Basic,0
16325,64,13,146.32,14,1,0,35.4,Yearly,Premium,0
16326,69,44,39.12,16,5,0,3.67,Two Year,Standard,0
16327,40,39,119.62,5,2,0,47.22,Monthly,Basic,0
16328,47,19,24.53,26,1,2,15.69,Monthly,Basic,0
16329,42,51,101.19,16,3,0,4.61,Monthly,Basic,0
16330,45,19,91.07,27,5,0,45.06,Monthly,Premium,0
16331,51,52,47.04,29,2,1,24.01,Monthly,Standard,0
16332,62,47,103.61,4,1,0,93.59,Yearly,Premium,0
16333,65,30,100.22,29,2,0,81.46,Monthly,Basic,1
16334,64,46,123.79,3,3,3,95.66,Monthly,Basic,0
16335,42,21,133.86,1,1,1,88.27,Two Year,Premium,1
16336,27,48,86.31,30,1,1,73.07,Monthly,Standard,0
16337,31,62,83.74,4,0,0,60.17,Yearly,Standard,0
16338,59,58,100.81,9,3,1,7.48,Yearly,Basic,1
16339,63,18,114.8,1,1,0,27.31,Two Year,Standard,1
16340,47,59,66.3,16,2,1,71.36,Two Year,Premium,0
16341,58,48,85.6,23,2,1,40.72,Monthly,Basic,0
16342,42,63,96.06,3,2,0,33.21,Monthly,Premium,0
16343,31,12,148.49,24,3,0,11.29,Monthly,Basic,0
16344,52,34,96.4,6,2,0,7.95,Monthly,Basic,1
16345,69,61,49.14,13,2,0,21.79,Monthly,Premium,0
16346,65,53,96.44,17,4,0,83.62,Monthly,Basic,0
16347,51,25,126.53,15,0,0,66.64,Yearly,Standard,0
16348,27,62,131.46,26,2,0,34.75,Two Year,Basic,0
16349,52,4,124.03,21,1,0,7.04,Two Year,Standard,1
16350,28,13,135.47,30,2,0,19.65,Monthly,Basic,0
16351,28,42,63.52,12,3,1,45.54,Yearly,Standard,1
16352,38,49,85.98,29,4,1,16.17,Two Year,Standard,0
16353,38,56,121.35,8,0,1,76.5,Two Year,Premium,0
16354,39,47,54.38,27,1,1,79.07,Monthly,Standard,0
16355,62,8,68.31,16,1,2,14.55,Monthly,Basic,0
16356,24,55,128.05,3,1,0,72.96,Yearly,Premium,0
16357,34,18,120.11,28,4,0,51.71,Yearly,Basic,0
16358,19,35,146.26,28,3,0,96.28,Monthly,Basic,0
16359,29,32,149.48,4,2,0,78.97,Monthly,Premium,0
16360,59,24,51.3,7,3,0,58.94,Yearly,Premium,0
16361,35,7,137.06,15,3,0,60.76,Two Year,Basic,0
16362,28,13,32.29,11,3,0,18.71,Monthly,Basic,0
16363,33,69,112.27,16,4,1,89.47,Two Year,Standard,0
16364,66,42,48.61,22,3,0,56.37,Monthly,Standard,1
16365,68,31,59.04,14,3,0,57.84,Monthly,Premium,0
16366,35,26,143.02,23,3,0,57.97,Monthly,Standard,1
16367,52,32,54.21,13,3,0,28.35,Monthly,Basic,0
16368,43,52,107.51,9,0,0,81.4,Monthly,Standard,0
16369,33,20,43.16,25,3,0,86.37,Yearly,Basic,0
16370,23,40,32.14,18,4,0,29.5,Two Year,Standard,0
16371,61,59,64.11,3,0,3,44.74,Monthly,Basic,1
16372,60,14,101.15,20,2,0,18.74,Yearly,Premium,0
16373,64,44,52.23,22,2,2,24.62,Monthly,Basic,0
16374,64,48,59.02,5,4,3,34.26,Two Year,Basic,1
16375,65,43,112.13,22,1,0,90.3,Monthly,Premium,1
16376,59,16,33.36,27,1,0,62.99,Monthly,Basic,0
16377,29,35,78.1,24,2,1,59.21,Monthly,Premium,0
16378,30,53,142.43,2,2,2,94.73,Two Year,Basic,1
16379,21,34,71.61,22,1,0,79.34,Yearly,Basic,0
16380,56,3,76.45,25,0,0,2.59,Yearly,Basic,0
16381,19,68,115.97,21,0,1,13.31,Monthly,Premium,0
16382,43,5,121.27,17,1,1,25.53,Monthly,Standard,0
16383,44,10,120.05,16,2,1,31.09,Yearly,Standard,0
16384,44,52,149.72,29,2,0,83.57,Yearly,Premium,0
16385,32,29,29.29,24,1,1,77.22,Monthly,Premium,0
16386,25,31,147.69,20,1,0,15.4,Yearly,Basic,0
16387,24,66,143.52,24,4,1,53.86,Two Year,Premium,0
16388,64,69,130.78,13,1,0,11.8,Monthly,Premium,0
16389,63,37,79.04,20,3,0,18.12,Two Year,Basic,0
16390,57,27,133.22,11,4,1,24.98,Yearly,Standard,0
16391,29,33,48.71,8,1,0,90.62,Monthly,Basic,0
16392,30,68,122.92,25,0,0,37.21,Two Year,Basic,0
16393,60,59,44.08,21,2,1,91.67,Yearly,Standard,1
16394,34,64,126.0,5,0,0,75.32,Yearly,Standard,0
16395,34,44,99.89,2,0,0,75.19,Yearly,Basic,0
16396,53,49,32.74,25,3,0,80.55,Monthly,Premium,0
16397,38,53,136.39,27,3,0,10.5,Yearly,Premium,0
16398,25,49,95.13,4,0,1,81.65,Yearly,Standard,1
16399,22,66,105.31,3,4,0,26.01,Monthly,Basic,0
16400,43,63,56.86,2,2,0,98.41,Yearly,Premium,0
16401,33,25,133.31,3,1,0,84.97,Yearly,Basic,0
16402,53,4,90.88,16,1,0,99.67,Monthly,Standard,0
16403,45,51,74.75,20,0,1,93.77,Monthly,Basic,0
16404,46,11,89.46,9,2,0,36.61,Monthly,Standard,0
16405,64,17,111.43,6,2,0,94.23,Monthly,Standard,0
16406,29,66,110.36,26,2,0,33.69,Two Year,Premium,1
16407,54,70,66.49,15,4,0,66.27,Monthly,Standard,0
16408,47,69,70.08,5,0,0,82.05,Yearly,Standard,0
16409,40,29,93.09,29,3,1,38.82,Monthly,Premium,0
16410,33,20,140.17,9,2,1,21.18,Monthly,Premium,0
16411,31,27,116.91,24,0,1,89.59,Yearly,Standard,0
16412,27,8,70.75,6,2,0,11.22,Two Year,Premium,0
16413,24,61,63.81,3,1,0,37.13,Yearly,Basic,0
16414,62,28,88.07,23,4,0,54.52,Yearly,Basic,0
16415,69,70,133.1,13,0,0,80.67,Yearly,Standard,1
16416,54,3,21.13,26,2,0,87.02,Monthly,Premium,0
16417,46,69,112.36,22,0,0,51.65,Monthly,Basic,0
16418,20,7,58.29,28,2,1,57.77,Two Year,Premium,0
16419,32,60,47.09,15,2,0,85.53,Two Year,Basic,0
16420,53,4,21.58,11,2,0,47.23,Two Year,Basic,0
16421,64,5,136.56,30,4,0,56.35,Two Year,Standard,0
16422,63,11,138.59,16,1,1,2.83,Monthly,Premium,1
16423,69,15,27.98,15,2,0,95.16,Monthly,Premium,0
16424,36,64,87.84,24,2,0,57.11,Monthly,Standard,0
16425,30,13,39.83,28,0,1,73.03,Monthly,Premium,0
16426,59,7,118.63,6,0,2,25.54,Yearly,Premium,0
16427,38,6,106.5,14,1,1,66.0,Monthly,Basic,0
16428,54,56,58.63,11,4,0,46.54,Monthly,Basic,0
16429,44,64,35.2,26,1,0,12.13,Monthly,Premium,0
16430,69,50,128.06,20,1,1,83.19,Two Year,Premium,0
16431,46,30,107.65,10,1,1,84.09,Monthly,Premium,0
16432,37,22,20.89,16,1,0,7.31,Monthly,Basic,0
16433,42,25,101.62,12,2,1,39.67,Yearly,Basic,0
16434,23,28,125.34,7,3,3,28.86,Monthly,Basic,0
16435,53,39,96.8,7,2,1,52.12,Two Year,Standard,0
16436,19,67,75.21,27,0,0,49.39,Yearly,Standard,0
16437,39,5,95.91,24,1,0,65.99,Monthly,Premium,0
16438,49,65,100.56,18,4,0,25.5,Monthly,Premium,0
16439,33,15,103.2,15,2,0,22.95,Monthly,Basic,0
16440,35,67,145.72,27,2,0,72.61,Monthly,Premium,0
16441,22,40,43.22,6,1,3,97.64,Monthly,Standard,0
16442,53,69,101.0,30,0,0,94.69,Yearly,Standard,0
16443,47,43,44.44,19,1,0,79.41,Monthly,Premium,0
16444,62,1,47.29,8,1,2,7.68,Monthly,Basic,1
16445,36,22,107.0,20,3,1,24.54,Yearly,Premium,0
16446,40,62,139.07,15,0,0,69.27,Monthly,Standard,0
16447,51,26,40.68,30,3,0,30.28,Monthly,Premium,1
16448,30,18,145.12,4,4,0,39.97,Yearly,Standard,1
16449,60,48,61.52,18,3,2,95.41,Monthly,Basic,0
16450,46,9,70.87,13,2,1,9.54,Monthly,Basic,0
16451,53,1,39.98,22,1,1,86.26,Monthly,Basic,1
16452,39,9,100.06,22,0,0,5.98,Yearly,Basic,0
16453,69,23,97.53,1,2,1,34.46,Yearly,Basic,0
16454,69,45,77.5,28,1,0,55.98,Monthly,Premium,0
16455,64,2,81.89,8,1,1,36.28,Yearly,Standard,0
16456,53,14,100.99,19,1,2,95.76,Yearly,Basic,0
16457,26,38,95.85,17,2,0,50.93,Monthly,Basic,0
16458,56,40,68.65,10,1,0,73.65,Yearly,Standard,0
16459,68,63,134.93,1,3,0,70.5,Monthly,Premium,0
16460,36,16,106.8,1,7,0,83.67,Monthly,Standard,0
16461,55,6,46.7,21,2,0,86.53,Two Year,Premium,1
16462,23,3,61.59,5,2,1,47.17,Yearly,Standard,0
16463,69,14,122.42,1,2,0,86.44,Yearly,Premium,0
16464,64,66,33.59,21,3,1,65.69,Two Year,Basic,0
16465,32,67,117.53,23,4,2,68.92,Monthly,Premium,0
16466,37,31,66.65,21,2,1,18.15,Monthly,Premium,0
16467,26,33,91.72,25,4,1,25.26,Two Year,Standard,0
16468,49,1,56.47,20,4,0,69.08,Monthly,Basic,1
16469,21,44,148.24,13,2,1,27.3,Yearly,Premium,0
16470,67,15,137.76,9,2,0,49.51,Two Year,Standard,0
16471,35,37,140.7,16,1,1,49.51,Monthly,Standard,0
16472,22,27,44.02,28,0,0,24.17,Two Year,Standard,1
16473,37,48,129.42,8,4,0,57.08,Yearly,Standard,0
16474,40,27,89.6,14,0,1,56.81,Two Year,Basic,0
16475,28,12,112.02,29,3,0,13.77,Monthly,Standard,0
16476,54,67,48.28,17,1,0,38.73,Yearly,Premium,0
16477,39,30,112.56,29,1,0,37.22,Two Year,Basic,0
16478,21,66,138.85,4,1,0,56.65,Monthly,Standard,0
16479,46,7,54.77,7,1,1,75.18,Monthly,Basic,0
16480,61,34,50.34,17,0,0,2.81,Monthly,Basic,0
16481,51,32,33.57,28,3,0,14.12,Two Year,Standard,0
16482,30,39,54.68,24,0,2,30.9,Monthly,Basic,0
16483,59,43,89.65,16,3,0,81.23,Monthly,Standard,1
16484,26,43,128.25,14,5,1,48.57,Yearly,Standard,0
16485,59,3,56.24,16,1,0,51.58,Yearly,Premium,1
16486,48,46,100.75,27,3,1,41.51,Yearly,Basic,0
16487,24,32,82.35,2,2,0,42.1,Yearly,Basic,0
16488,21,43,57.52,24,0,0,97.78,Yearly,Basic,0
16489,36,3,86.35,15,4,0,89.97,Monthly,Basic,0
16490,59,63,41.84,11,0,2,72.86,Two Year,Standard,0
16491,47,40,103.15,13,3,0,33.08,Monthly,Standard,0
16492,48,18,35.04,4,2,0,51.86,Two Year,Premium,0
16493,52,67,115.03,24,1,0,69.25,Monthly,Standard,0
16494,38,62,43.1,1,1,0,40.06,Monthly,Standard,0
16495,48,10,149.76,15,3,0,52.92,Yearly,Basic,0
16496,36,52,127.08,12,2,0,15.43,Two Year,Basic,0
16497,48,46,64.7,21,2,0,10.26,Monthly,Standard,0
16498,49,55,75.41,9,1,1,17.56,Monthly,Premium,0
16499,19,46,53.69,7,3,1,75.81,Yearly,Premium,0
16500,69,60,119.72,3,2,0,19.81,Two Year,Premium,0
16501,27,26,69.49,16,0,0,92.55,Monthly,Premium,0
16502,19,27,118.17,4,0,0,37.49,Monthly,Basic,0
16503,19,38,22.39,26,0,0,17.73,Yearly,Basic,0
16504,41,22,37.63,23,1,1,82.7,Monthly,Premium,0
16505,34,26,67.45,14,0,0,46.21,Monthly,Premium,0
16506,49,69,34.16,22,2,0,39.46,Two Year,Standard,0
16507,33,35,98.15,13,2,0,33.62,Yearly,Basic,1
16508,33,66,26.61,29,1,0,33.72,Monthly,Standard,0
16509,63,51,131.77,20,4,0,66.68,Two Year,Premium,0
16510,56,18,118.97,19,2,0,54.52,Yearly,Premium,0
16511,48,43,48.11,27,1,0,47.3,Yearly,Standard,0
16512,60,12,82.89,2,1,0,45.26,Yearly,Standard,0
16513,41,3,78.74,10,2,1,15.06,Two Year,Standard,1
16514,18,7,114.23,28,3,1,82.96,Two Year,Premium,0
16515,28,6,72.2,25,3,0,92.76,Monthly,Basic,0
16516,38,45,24.28,19,1,0,80.42,Monthly,Premium,0
16517,21,39,55.59,15,0,1,45.68,Monthly,Standard,1
16518,24,51,80.61,7,2,1,97.25,Monthly,Premium,0
16519,43,9,146.68,15,2,0,62.25,Yearly,Standard,0
16520,64,23,134.55,17,0,0,77.63,Monthly,Premium,0
16521,67,12,43.58,24,0,0,74.38,Two Year,Basic,0
16522,29,62,114.03,16,3,0,71.07,Monthly,Basic,1
16523,48,40,141.79,17,2,0,64.56,Monthly,Standard,0
16524,34,54,21.14,28,4,1,21.95,Monthly,Basic,0
16525,50,7,113.72,16,2,1,30.15,Monthly,Premium,0
16526,28,17,79.71,18,1,0,88.79,Yearly,Standard,0
16527,45,50,108.43,17,3,0,18.82,Monthly,Basic,0
16528,49,24,98.73,4,1,0,16.04,Yearly,Standard,1
16529,18,2,148.01,2,2,0,29.13,Monthly,Standard,1
16530,64,33,57.55,17,3,0,36.89,Yearly,Premium,1
16531,45,21,122.2,17,0,0,55.76,Monthly,Premium,0
16532,59,53,50.5,2,3,1,60.95,Yearly,Standard,0
16533,24,46,76.63,22,2,0,79.28,Monthly,Standard,0
16534,19,45,146.8,2,3,1,8.27,Two Year,Standard,0
16535,59,9,119.6,29,0,0,21.62,Two Year,Standard,0
16536,41,6,61.06,15,1,0,51.01,Monthly,Basic,0
16537,21,51,100.52,29,4,1,25.83,Two Year,Premium,0
16538,61,35,26.46,28,0,0,87.48,Monthly,Premium,0
16539,36,53,54.63,28,4,2,64.38,Two Year,Standard,0
16540,43,19,113.39,16,1,0,49.53,Monthly,Basic,0
16541,28,69,94.11,11,3,0,1.04,Monthly,Standard,0
16542,57,25,81.06,29,1,1,86.01,Two Year,Premium,0
16543,67,11,109.81,2,2,0,46.63,Monthly,Basic,0
16544,60,17,71.8,8,4,1,53.61,Yearly,Basic,1
16545,28,36,23.4,21,3,0,70.13,Yearly,Standard,0
16546,62,21,77.33,30,2,0,93.81,Two Year,Premium,0
16547,20,18,137.28,24,4,0,16.66,Two Year,Basic,1
16548,29,60,131.36,12,3,0,8.05,Monthly,Basic,0
16549,20,18,73.17,14,1,1,13.07,Yearly,Premium,1
16550,59,1,22.89,28,3,0,74.33,Monthly,Basic,0
16551,44,14,102.72,14,3,2,13.8,Monthly,Basic,0
16552,66,8,116.36,24,2,0,50.6,Yearly,Standard,0
16553,19,66,58.25,12,4,1,70.94,Monthly,Basic,0
16554,66,51,81.97,2,2,0,71.56,Monthly,Basic,0
16555,33,60,148.94,14,2,0,41.23,Monthly,Premium,1
16556,19,34,94.92,23,3,0,70.16,Monthly,Premium,0
16557,47,36,65.64,25,3,0,95.05,Yearly,Premium,0
16558,37,62,101.57,12,3,0,3.77,Monthly,Basic,1
16559,55,1,43.4,24,2,0,67.47,Two Year,Basic,0
16560,45,42,45.9,29,2,1,52.74,Monthly,Standard,0
16561,42,1,140.24,9,2,0,22.05,Monthly,Premium,1
16562,49,54,51.1,29,4,1,31.46,Monthly,Standard,0
16563,27,47,60.4,8,2,1,83.88,Yearly,Premium,0
16564,59,39,90.69,20,1,0,59.1,Yearly,Premium,1
16565,57,30,136.96,16,1,0,2.44,Monthly,Standard,0
16566,50,7,121.59,10,0,1,96.57,Monthly,Premium,0
16567,30,22,25.69,7,3,2,66.95,Two Year,Premium,0
16568,58,50,110.09,15,2,1,44.82,Monthly,Premium,0
16569,59,45,85.53,25,7,0,71.52,Monthly,Basic,0
16570,64,10,81.82,9,2,0,21.25,Yearly,Premium,1
16571,54,14,109.9,4,1,0,26.79,Monthly,Basic,0
16572,33,46,45.51,23,1,0,16.06,Monthly,Premium,0
16573,62,6,147.59,6,2,0,40.31,Yearly,Premium,0
16574,39,21,103.89,28,1,1,90.57,Two Year,Basic,0
16575,37,62,67.54,12,2,0,39.47,Yearly,Standard,0
16576,67,19,98.03,15,3,0,29.52,Monthly,Basic,1
16577,60,62,48.14,19,1,1,70.65,Two Year,Basic,0
16578,44,53,102.4,26,2,3,87.09,Yearly,Basic,0
16579,58,24,23.67,22,2,0,25.18,Yearly,Basic,0
16580,33,56,64.35,24,2,0,80.98,Yearly,Standard,0
16581,51,62,117.18,2,2,1,31.18,Yearly,Basic,0
16582,49,34,125.04,28,2,0,25.48,Yearly,Standard,1
16583,43,22,52.88,19,3,1,47.82,Yearly,Premium,0
16584,42,68,90.12,24,2,0,7.61,Two Year,Basic,1
16585,19,57,88.7,20,1,0,86.36,Monthly,Premium,0
16586,29,10,74.79,20,1,0,87.56,Monthly,Premium,0
16587,57,66,49.7,2,4,0,68.06,Monthly,Standard,0
16588,26,8,111.42,15,2,0,30.99,Yearly,Premium,0
16589,29,38,52.81,27,2,0,17.5,Yearly,Basic,0
16590,43,62,138.43,26,0,2,70.18,Two Year,Standard,0
16591,26,28,88.71,12,2,0,11.21,Monthly,Basic,0
16592,27,10,133.16,29,0,0,41.7,Yearly,Premium,0
16593,49,45,57.8,1,1,0,9.79,Monthly,Premium,0
16594,51,65,124.92,23,2,1,43.22,Yearly,Basic,0
16595,65,67,34.78,14,2,0,14.31,Monthly,Premium,0
16596,37,9,119.69,4,3,0,4.19,Two Year,Basic,0
16597,56,5,70.3,22,3,1,45.52,Yearly,Premium,0
16598,19,10,81.1,24,1,1,57.2,Yearly,Basic,0
16599,18,12,41.68,11,1,0,44.49,Monthly,Premium,0
16600,68,58,22.42,7,2,1,18.44,Yearly,Standard,0
16601,53,21,106.61,13,5,1,8.67,Monthly,Standard,1
16602,41,21,96.4,14,0,0,13.51,Monthly,Premium,0
16603,44,65,100.92,7,3,0,72.98,Yearly,Basic,0
16604,19,3,53.15,22,1,1,2.57,Monthly,Basic,0
16605,48,69,51.11,11,4,1,86.47,Monthly,Basic,1
16606,31,64,127.94,20,0,1,84.17,Monthly,Basic,0
16607,19,49,118.96,20,2,0,88.17,Yearly,Premium,0
16608,46,17,63.78,25,0,0,88.0,Monthly,Premium,0
16609,32,32,102.91,11,1,2,67.08,Yearly,Standard,1
16610,29,70,127.66,21,1,1,84.9,Monthly,Premium,0
16611,54,21,135.55,9,0,0,73.3,Monthly,Standard,0
16612,45,7,20.75,27,2,1,30.71,Monthly,Premium,0
16613,37,7,125.75,28,2,0,75.76,Monthly,Premium,0
16614,56,27,65.55,25,3,1,61.94,Monthly,Premium,0
16615,41,8,113.39,4,0,3,3.72,Monthly,Standard,0
16616,38,28,68.28,2,2,2,78.85,Monthly,Standard,0
16617,27,66,98.81,2,3,2,87.21,Monthly,Premium,0
16618,63,71,104.08,25,2,0,52.23,Monthly,Premium,0
16619,31,47,72.65,9,1,0,49.22,Two Year,Basic,0
16620,54,10,86.66,19,2,1,43.3,Yearly,Standard,0
16621,35,33,114.42,15,2,0,72.16,Monthly,Standard,0
16622,41,7,81.92,21,2,0,22.33,Monthly,Premium,0
16623,31,3,21.82,21,1,1,77.62,Monthly,Standard,0
16624,51,14,21.68,18,3,1,29.94,Monthly,Premium,0
16625,29,44,105.97,16,5,0,26.89,Two Year,Basic,0
16626,39,46,130.14,2,3,0,81.11,Monthly,Premium,0
16627,23,61,122.09,26,3,0,18.26,Monthly,Premium,0
16628,53,36,60.35,12,1,1,86.39,Yearly,Basic,0
16629,62,13,81.25,29,2,0,97.81,Two Year,Premium,0
16630,53,16,50.44,1,3,1,32.67,Yearly,Standard,0
16631,39,5,148.59,2,3,1,92.86,Monthly,Premium,1
16632,31,38,53.87,14,2,0,57.08,Two Year,Standard,0
16633,33,50,74.11,27,3,0,26.67,Yearly,Basic,0
16634,53,38,108.55,7,3,0,45.81,Monthly,Standard,1
16635,42,56,133.88,17,5,0,80.21,Monthly,Premium,0
16636,49,63,26.69,15,1,0,67.0,Yearly,Basic,0
16637,50,48,59.13,17,6,1,49.98,Monthly,Basic,0
16638,62,59,93.97,9,3,1,26.47,Yearly,Standard,0
16639,53,44,100.38,13,2,0,72.85,Monthly,Standard,0
16640,37,55,29.1,2,0,1,32.02,Yearly,Standard,0
16641,35,55,106.33,27,1,0,33.76,Monthly,Basic,0
16642,55,1,88.65,15,3,1,74.94,Yearly,Standard,1
16643,20,8,127.59,20,2,0,56.28,Two Year,Premium,0
16644,40,4,48.88,11,0,1,19.4,Yearly,Basic,0
16645,49,53,45.35,19,2,0,69.02,Two Year,Premium,0
16646,62,58,123.13,14,1,0,26.55,Yearly,Standard,0
16647,33,37,111.5,27,1,0,76.29,Yearly,Standard,0
16648,22,49,122.92,4,1,1,48.39,Monthly,Standard,0
16649,21,67,121.65,27,2,1,59.9,Monthly,Standard,0
16650,38,19,33.52,30,1,0,60.5,Monthly,Basic,0
16651,57,1,56.22,11,3,1,15.53,Monthly,Premium,0
16652,68,29,53.81,16,1,2,65.4,Monthly,Standard,0
16653,31,33,141.5,23,1,0,86.85,Monthly,Standard,0
16654,56,52,83.37,26,4,0,89.23,Monthly,Basic,0
16655,48,41,34.44,30,1,1,69.17,Monthly,Standard,0
16656,31,23,57.65,2,1,0,96.93,Monthly,Basic,0
16657,23,5,133.35,2,1,0,60.23,Yearly,Premium,1
16658,29,71,130.12,9,1,0,26.23,Monthly,Premium,1
16659,33,57,137.04,22,2,0,66.36,Yearly,Basic,0
16660,34,6,70.51,27,3,2,91.01,Two Year,Premium,1
16661,62,49,103.37,23,1,1,36.53,Monthly,Standard,0
16662,40,22,56.16,21,2,1,27.22,Yearly,Premium,0
16663,31,4,43.51,29,3,0,96.68,Yearly,Basic,1
16664,24,64,22.85,21,2,0,76.89,Monthly,Premium,1
16665,63,37,49.05,4,4,0,5.93,Monthly,Premium,0
16666,49,31,98.57,8,1,0,56.56,Monthly,Premium,0
16667,32,37,137.55,23,0,1,24.21,Monthly,Basic,1
16668,61,45,37.34,26,1,0,29.39,Yearly,Premium,0
16669,34,8,139.34,18,1,2,9.67,Monthly,Premium,0
16670,58,40,64.9,15,2,0,23.87,Two Year,Standard,0
16671,64,5,75.49,2,0,1,51.02,Yearly,Premium,1
16672,61,28,67.45,22,0,0,8.78,Yearly,Standard,0
16673,51,9,73.12,28,0,0,89.08,Two Year,Premium,0
16674,22,2,53.7,11,1,0,77.76,Monthly,Premium,0
16675,62,63,110.82,17,3,0,38.76,Monthly,Basic,0
16676,44,51,118.56,7,3,0,13.89,Two Year,Standard,0
16677,69,31,127.0,8,1,0,99.4,Two Year,Standard,0
16678,40,7,64.37,30,2,0,56.77,Monthly,Premium,0
16679,57,30,119.4,10,2,0,42.87,Yearly,Standard,1
16680,31,58,102.9,24,3,0,20.67,Monthly,Basic,0
16681,32,3,144.53,3,3,0,21.12,Monthly,Premium,1
16682,60,51,75.22,13,0,1,79.82,Yearly,Premium,0
16683,50,56,149.0,23,2,0,52.47,Monthly,Standard,0
16684,48,10,116.25,17,2,0,98.42,Two Year,Premium,0
16685,52,61,120.92,13,4,0,95.36,Yearly,Basic,0
16686,34,50,23.34,27,0,0,21.48,Yearly,Premium,0
16687,45,47,84.66,19,2,0,99.94,Monthly,Premium,0
16688,36,1,88.68,29,4,0,98.67,Two Year,Standard,0
16689,63,57,25.28,22,0,0,80.13,Monthly,Premium,0
16690,40,38,60.58,9,1,0,39.7,Yearly,Premium,1
16691,49,62,144.23,21,0,1,23.19,Yearly,Premium,0
16692,57,70,75.39,29,4,1,11.21,Monthly,Standard,0
16693,30,65,44.27,16,1,0,6.15,Two Year,Basic,0
16694,37,62,86.73,30,1,0,82.26,Monthly,Standard,0
16695,52,56,24.39,5,1,0,94.61,Yearly,Basic,1
16696,22,67,87.08,9,0,0,77.48,Yearly,Premium,0
16697,26,17,97.25,28,2,0,76.14,Monthly,Standard,0
16698,46,8,66.5,9,1,1,42.1,Two Year,Basic,0
16699,23,60,119.13,6,0,0,64.48,Monthly,Standard,0
16700,42,40,37.64,21,1,1,67.45,Monthly,Basic,0
16701,48,62,134.16,10,3,0,26.47,Monthly,Basic,0
16702,39,41,144.21,18,0,2,74.13,Monthly,Basic,0
16703,19,12,20.16,11,4,1,15.47,Yearly,Premium,1
16704,62,54,129.55,24,4,0,30.05,Monthly,Standard,0
16705,22,11,85.79,28,3,0,59.38,Monthly,Standard,0
16706,44,60,79.98,24,1,1,54.42,Yearly,Standard,0
16707,42,68,51.03,15,0,0,70.75,Two Year,Basic,0
16708,25,46,78.15,7,0,0,58.71,Yearly,Basic,0
16709,18,38,143.56,14,4,2,5.9,Monthly,Standard,0
16710,37,61,47.4,8,2,0,97.79,Monthly,Standard,0
16711,61,17,43.28,19,1,0,76.59,Yearly,Basic,0
16712,40,66,51.45,15,1,0,88.16,Two Year,Standard,1
16713,49,36,91.74,19,2,0,80.59,Yearly,Standard,0
16714,28,7,140.94,18,1,1,22.03,Monthly,Basic,1
16715,56,16,94.6,17,1,0,93.34,Monthly,Basic,0
16716,64,14,51.65,3,8,0,98.42,Monthly,Basic,1
16717,41,25,77.26,3,4,0,8.79,Monthly,Premium,0
16718,28,4,70.75,7,0,0,16.69,Yearly,Premium,0
16719,46,29,26.05,28,3,0,99.04,Two Year,Premium,1
16720,43,56,86.38,10,2,0,30.05,Two Year,Standard,0
16721,33,6,36.38,25,3,0,82.16,Two Year,Standard,0
16722,52,1,129.49,28,6,0,8.34,Two Year,Premium,0
16723,37,39,91.37,17,1,1,73.51,Monthly,Standard,0
16724,63,1,129.8,15,1,1,70.44,Yearly,Standard,0
16725,20,63,144.29,8,1,0,93.83,Monthly,Basic,0
16726,18,57,142.61,17,2,1,73.14,Monthly,Premium,0
16727,64,67,33.06,3,5,1,5.1,Two Year,Standard,0
16728,18,65,142.83,4,2,0,45.59,Monthly,Basic,1
16729,34,65,123.45,27,3,0,35.44,Monthly,Standard,0
16730,19,21,121.1,8,2,0,57.5,Monthly,Basic,0
16731,46,30,31.72,13,4,0,43.4,Monthly,Standard,0
16732,37,33,43.34,1,6,0,28.8,Monthly,Basic,0
16733,23,48,146.77,28,0,1,66.44,Yearly,Basic,0
16734,25,22,47.74,18,3,0,31.8,Two Year,Standard,0
16735,46,54,41.98,11,0,0,85.22,Yearly,Standard,0
16736,65,4,67.11,21,2,0,32.98,Yearly,Standard,0
16737,68,55,138.74,6,0,0,52.02,Yearly,Premium,0
16738,50,44,81.91,16,1,2,82.78,Monthly,Premium,0
16739,20,12,139.68,21,1,0,82.47,Two Year,Premium,0
16740,52,52,63.46,29,1,1,59.02,Monthly,Premium,0
16741,22,65,49.45,19,4,0,38.61,Monthly,Premium,0
16742,44,65,84.38,26,2,2,56.24,Yearly,Basic,0
16743,61,10,100.01,23,2,1,85.12,Two Year,Premium,0
16744,29,18,70.89,28,6,1,22.66,Monthly,Standard,0
16745,37,47,64.98,17,1,1,13.13,Monthly,Basic,0
16746,62,66,48.35,18,1,1,58.62,Yearly,Premium,0
16747,37,49,55.75,11,3,1,57.83,Yearly,Standard,0
16748,26,22,107.51,14,4,2,30.02,Two Year,Premium,0
16749,56,26,68.08,12,1,0,44.01,Monthly,Premium,0
16750,21,9,30.37,25,4,0,9.76,Yearly,Standard,0
16751,68,21,37.96,30,1,1,13.95,Monthly,Basic,0
16752,36,63,68.41,20,1,0,83.0,Two Year,Premium,0
16753,55,6,140.19,24,4,0,46.98,Monthly,Basic,0
16754,44,14,69.27,25,2,0,10.88,Yearly,Basic,0
16755,62,33,27.88,7,0,0,96.22,Yearly,Basic,0
16756,60,71,74.34,17,3,1,21.78,Monthly,Basic,0
16757,30,24,106.95,5,5,1,32.37,Monthly,Premium,0
16758,30,51,97.17,22,3,1,97.28,Yearly,Basic,0
16759,39,2,56.24,14,1,0,18.91,Monthly,Basic,1
16760,45,15,109.45,27,2,0,96.9,Monthly,Standard,0
16761,69,35,101.98,24,3,1,72.5,Two Year,Basic,0
16762,64,36,42.38,26,2,0,43.27,Monthly,Basic,0
16763,62,39,41.08,13,0,0,59.9,Monthly,Premium,0
16764,39,4,91.13,24,3,1,51.28,Yearly,Basic,1
16765,60,64,105.73,29,3,3,80.67,Two Year,Standard,0
16766,36,6,145.05,12,2,0,7.22,Monthly,Standard,0
16767,25,57,74.85,14,2,1,81.53,Yearly,Standard,0
16768,69,30,119.44,25,3,1,97.09,Monthly,Basic,0
16769,25,67,35.15,9,1,0,43.53,Two Year,Standard,0
16770,59,15,135.65,4,6,3,19.95,Yearly,Premium,0
16771,43,17,102.3,22,0,0,11.77,Monthly,Basic,0
16772,65,18,101.77,19,3,0,35.33,Monthly,Premium,0
16773,68,19,38.52,1,2,1,13.93,Monthly,Basic,1
16774,43,69,25.15,29,4,1,23.74,Yearly,Basic,0
16775,40,24,111.19,13,5,0,65.79,Monthly,Premium,1
16776,60,48,35.22,6,0,0,42.16,Monthly,Basic,0
16777,30,30,36.51,1,1,0,90.2,Monthly,Premium,0
16778,45,15,44.38,25,3,0,46.93,Two Year,Standard,0
16779,26,47,32.71,27,0,1,16.26,Two Year,Premium,0
16780,37,44,101.3,22,2,0,14.73,Monthly,Basic,0
16781,36,27,74.86,17,5,0,69.62,Yearly,Standard,0
16782,65,64,54.59,27,0,1,63.76,Yearly,Basic,0
16783,56,41,77.3,29,0,1,71.08,Yearly,Basic,0
16784,68,68,129.74,3,1,1,34.54,Monthly,Premium,1
16785,29,5,140.52,17,7,0,91.59,Monthly,Standard,0
16786,32,53,83.37,2,8,0,12.26,Monthly,Standard,0
16787,48,8,93.68,22,4,2,4.25,Monthly,Premium,1
16788,31,22,53.44,7,3,1,74.47,Monthly,Standard,0
16789,28,7,86.77,1,0,0,68.03,Monthly,Basic,1
16790,43,22,117.26,26,2,1,49.86,Monthly,Basic,1
16791,59,46,83.98,21,3,0,5.33,Yearly,Standard,0
16792,44,30,59.27,22,3,1,12.31,Monthly,Standard,1
16793,28,16,95.66,15,4,1,20.33,Yearly,Premium,0
16794,55,5,143.07,4,2,0,64.23,Monthly,Premium,1
16795,51,67,135.44,6,2,0,66.64,Monthly,Basic,0
16796,60,23,120.0,21,1,1,68.01,Monthly,Basic,0
16797,36,61,55.91,13,3,0,80.5,Yearly,Basic,0
16798,23,5,51.4,29,1,0,3.45,Monthly,Premium,0
16799,63,23,129.01,27,0,0,64.68,Yearly,Premium,0
16800,69,25,43.57,23,0,0,25.9,Monthly,Standard,0
16801,55,8,98.73,13,1,2,57.53,Two Year,Premium,1
16802,66,21,77.06,20,1,0,74.05,Monthly,Basic,0
16803,59,2,80.84,1,1,2,72.28,Monthly,Basic,0
16804,45,22,79.09,2,1,0,29.5,Yearly,Premium,0
16805,18,68,136.99,6,2,0,36.18,Yearly,Basic,0
16806,52,64,31.32,30,5,0,91.81,Monthly,Standard,0
16807,57,19,121.78,29,2,1,85.04,Monthly,Basic,1
16808,25,53,128.55,26,0,2,26.44,Yearly,Standard,0
16809,69,52,142.57,29,4,0,59.12,Yearly,Basic,0
16810,64,47,78.84,11,3,0,11.62,Yearly,Premium,1
16811,24,54,85.01,18,1,1,65.73,Yearly,Standard,0
16812,28,44,144.97,13,4,0,62.51,Yearly,Standard,0
16813,56,7,79.6,21,0,0,27.13,Monthly,Premium,0
16814,21,1,85.46,12,1,0,42.76,Yearly,Standard,1
16815,42,63,63.19,20,1,0,78.45,Monthly,Basic,0
16816,29,39,24.11,7,2,0,26.29,Yearly,Standard,0
16817,43,19,76.3,20,4,0,77.07,Monthly,Standard,1
16818,55,31,105.16,7,3,2,32.32,Monthly,Basic,0
16819,63,24,109.69,27,5,2,84.12,Two Year,Standard,0
16820,29,69,20.85,24,0,0,4.02,Yearly,Standard,0
16821,60,65,124.14,7,2,0,26.56,Yearly,Premium,0
16822,68,33,84.01,2,5,0,18.58,Monthly,Basic,0
16823,54,59,87.7,11,2,2,89.17,Monthly,Standard,1
16824,63,33,145.03,1,1,0,43.42,Yearly,Standard,1
16825,41,32,56.98,21,2,0,55.01,Yearly,Basic,0
16826,33,59,119.01,29,1,0,24.97,Monthly,Premium,1
16827,30,41,94.72,13,1,0,13.71,Yearly,Standard,0
16828,42,12,111.1,12,0,1,60.23,Monthly,Premium,0
16829,69,11,74.32,13,1,0,29.05,Two Year,Basic,0
16830,21,19,56.3,7,2,2,92.96,Two Year,Basic,0
16831,28,54,91.0,12,0,2,48.16,Monthly,Basic,0
16832,49,57,68.74,17,2,0,14.68,Monthly,Premium,0
16833,66,42,48.98,27,5,0,3.36,Monthly,Premium,0
16834,24,71,129.1,8,2,2,24.0,Monthly,Standard,0
16835,63,31,81.86,3,3,0,32.67,Yearly,Premium,0
16836,28,52,130.15,7,1,1,21.49,Monthly,Basic,0
16837,45,2,81.62,19,4,1,37.19,Yearly,Basic,0
16838,58,38,92.38,20,1,0,88.02,Yearly,Basic,0
16839,40,32,149.39,8,2,0,5.75,Yearly,Standard,1
16840,62,10,143.7,14,0,4,80.32,Monthly,Basic,0
16841,40,8,55.32,14,2,1,43.15,Yearly,Standard,0
16842,67,20,132.93,2,3,1,90.74,Monthly,Basic,0
16843,45,20,70.75,6,3,0,67.04,Yearly,Standard,0
16844,60,9,29.26,16,2,0,17.33,Two Year,Standard,0
16845,64,15,94.85,26,3,0,95.99,Yearly,Premium,0
16846,43,63,147.02,9,4,1,16.32,Two Year,Basic,0
16847,42,21,146.66,26,2,1,34.29,Monthly,Standard,0
16848,46,5,36.44,25,3,1,97.9,Yearly,Standard,0
16849,36,35,120.26,21,2,0,21.97,Monthly,Basic,0
16850,50,68,124.37,15,1,0,63.49,Monthly,Basic,0
16851,53,48,67.94,19,1,2,97.77,Monthly,Basic,0
16852,31,62,105.62,15,0,0,69.2,Monthly,Basic,0
16853,31,35,83.46,22,1,0,66.61,Yearly,Premium,0
16854,52,70,49.63,12,0,0,62.53,Yearly,Premium,0
16855,47,21,118.96,9,0,0,55.99,Monthly,Standard,0
16856,45,39,54.16,16,3,0,94.97,Yearly,Standard,0
16857,34,34,64.26,6,2,0,54.83,Monthly,Basic,0
16858,20,15,44.7,20,4,0,66.67,Monthly,Premium,0
16859,33,6,113.51,28,1,1,74.14,Monthly,Premium,0
16860,63,66,79.63,27,3,0,53.24,Yearly,Premium,0
16861,47,56,77.64,15,2,0,88.88,Monthly,Standard,0
16862,69,49,98.59,13,2,0,3.26,Monthly,Premium,1
16863,46,1,40.44,21,2,0,40.13,Monthly,Standard,0
16864,62,65,136.76,23,4,0,62.05,Yearly,Basic,0
16865,32,28,80.46,10,2,1,2.88,Monthly,Standard,1
16866,63,20,67.65,14,4,0,93.75,Yearly,Premium,0
16867,42,48,36.47,29,2,0,82.81,Monthly,Basic,0
16868,68,65,41.83,3,4,0,22.68,Yearly,Standard,0
16869,55,51,139.65,30,2,1,33.85,Monthly,Premium,0
16870,59,43,79.36,12,3,0,68.04,Two Year,Standard,0
16871,64,49,113.88,25,3,0,34.76,Yearly,Standard,0
16872,69,25,30.47,1,3,0,85.82,Two Year,Basic,1
16873,55,41,103.65,24,5,1,25.6,Monthly,Premium,1
16874,40,71,139.8,21,1,0,82.01,Yearly,Standard,0
16875,42,64,59.0,16,4,0,47.0,Yearly,Basic,0
16876,59,61,95.29,10,2,0,45.88,Yearly,Premium,0
16877,24,12,142.23,9,2,1,17.68,Monthly,Basic,0
16878,39,69,113.51,18,4,0,98.35,Monthly,Standard,0
16879,34,14,28.1,1,0,0,35.14,Monthly,Basic,0
16880,35,34,69.24,10,1,0,21.26,Monthly,Standard,1
16881,66,48,31.15,7,2,0,4.21,Monthly,Premium,0
16882,58,61,131.97,10,1,1,49.86,Monthly,Premium,0
16883,27,35,100.82,12,2,1,4.19,Monthly,Premium,0
16884,27,65,144.33,11,4,1,46.08,Yearly,Premium,0
16885,24,59,22.57,9,4,1,90.36,Yearly,Premium,1
16886,65,36,75.0,30,1,0,50.3,Monthly,Basic,0
16887,67,19,33.57,5,2,0,5.29,Yearly,Premium,0
16888,55,42,65.56,27,2,0,27.17,Yearly,Basic,0
16889,44,69,41.05,4,2,0,5.83,Monthly,Premium,0
16890,69,19,62.74,20,2,0,88.32,Yearly,Basic,0
16891,50,39,126.5,28,1,0,24.77,Monthly,Standard,0
16892,18,69,40.89,13,3,1,7.44,Monthly,Standard,0
16893,61,52,81.58,8,0,0,96.49,Yearly,Premium,0
16894,51,12,139.81,16,5,1,49.23,Monthly,Standard,0
16895,21,47,149.84,1,2,1,41.16,Yearly,Premium,0
16896,34,36,52.58,17,2,0,92.78,Yearly,Basic,0
16897,21,63,141.62,15,1,0,53.55,Two Year,Standard,0
16898,60,51,53.98,24,4,0,28.86,Two Year,Basic,0
16899,43,43,73.76,15,3,0,79.41,Two Year,Standard,0
16900,21,34,134.13,18,2,2,27.91,Two Year,Standard,0
16901,18,49,122.2,26,1,0,44.84,Monthly,Premium,0
16902,24,18,131.47,6,1,2,80.51,Two Year,Standard,1
16903,47,61,124.03,2,2,0,93.21,Monthly,Premium,0
16904,67,57,50.56,5,1,0,60.98,Two Year,Basic,0
16905,26,5,92.64,19,1,0,50.98,Yearly,Basic,0
16906,52,24,70.08,7,1,0,8.54,Two Year,Premium,0
16907,25,64,79.76,9,3,0,62.08,Two Year,Basic,1
16908,41,59,40.01,2,4,2,33.33,Two Year,Premium,0
16909,36,38,61.05,7,1,0,51.94,Two Year,Standard,0
16910,53,33,131.49,29,3,0,74.72,Monthly,Basic,0
16911,67,10,136.68,29,1,0,64.38,Two Year,Premium,0
16912,69,37,99.32,24,3,0,10.6,Monthly,Premium,1
16913,60,11,84.77,14,0,0,40.33,Yearly,Standard,0
16914,44,24,112.67,26,5,0,20.75,Yearly,Basic,1
16915,49,71,99.15,24,0,0,15.96,Yearly,Standard,0
16916,31,21,147.88,23,4,0,22.81,Yearly,Basic,0
16917,35,20,44.71,30,1,0,92.15,Monthly,Basic,1
16918,45,10,78.38,15,4,0,71.54,Monthly,Standard,0
16919,46,47,139.37,12,5,1,90.9,Yearly,Premium,0
16920,33,47,138.92,20,2,0,51.14,Yearly,Standard,0
16921,52,15,84.4,4,2,0,1.11,Monthly,Standard,1
16922,64,44,37.53,26,1,1,4.41,Monthly,Premium,0
16923,48,62,125.94,13,1,1,15.32,Monthly,Basic,0
16924,21,6,96.07,29,4,2,78.29,Two Year,Basic,0
16925,54,66,120.51,9,3,0,20.96,Two Year,Standard,1
16926,34,4,80.13,12,1,0,11.06,Yearly,Standard,0
16927,56,23,46.5,10,3,1,86.24,Monthly,Premium,0
16928,65,13,23.12,9,4,0,23.63,Monthly,Standard,0
16929,63,31,92.69,21,1,1,50.74,Two Year,Standard,1
16930,43,16,40.94,23,1,0,34.61,Two Year,Basic,0
16931,65,41,44.33,7,2,2,89.76,Monthly,Standard,0
16932,56,1,76.72,25,2,0,70.77,Yearly,Basic,1
16933,58,12,77.47,12,1,2,45.94,Two Year,Standard,0
16934,21,56,55.67,16,1,0,86.44,Monthly,Premium,0
16935,47,50,37.15,15,1,0,72.95,Yearly,Standard,0
16936,47,20,142.84,7,4,0,81.08,Two Year,Standard,1
16937,39,66,37.11,8,2,0,97.78,Two Year,Premium,0
16938,28,36,65.6,7,1,1,21.11,Monthly,Premium,0
16939,19,38,59.63,11,3,0,21.05,Two Year,Premium,0
16940,61,22,132.62,4,0,0,56.09,Monthly,Premium,0
16941,29,61,73.31,28,1,0,53.73,Monthly,Premium,0
16942,47,50,36.13,18,1,0,87.04,Monthly,Standard,0
16943,53,59,21.33,19,4,0,16.44,Monthly,Premium,0
16944,35,20,113.85,7,2,0,43.08,Yearly,Standard,0
16945,43,36,112.89,30,0,0,53.26,Monthly,Standard,0
16946,24,15,74.31,27,0,0,46.95,Two Year,Premium,0
16947,18,62,36.42,27,1,0,7.64,Two Year,Basic,0
16948,43,3,68.31,13,1,0,15.64,Monthly,Standard,0
16949,40,5,96.68,9,2,1,16.2,Yearly,Basic,0
16950,43,56,111.51,29,2,1,60.01,Yearly,Premium,0
16951,62,31,30.17,30,4,0,43.46,Yearly,Premium,0
16952,23,35,92.32,27,0,0,18.64,Monthly,Premium,0
16953,23,71,55.9,18,0,1,73.93,Monthly,Standard,0
16954,61,70,100.24,30,2,0,80.49,Yearly,Basic,0
16955,25,26,104.26,7,2,1,21.8,Yearly,Standard,0
16956,41,1,138.38,20,1,1,72.55,Two Year,Premium,0
16957,39,7,73.35,16,1,0,7.3,Monthly,Basic,0
16958,36,36,89.89,23,1,1,85.74,Monthly,Basic,0
16959,54,25,54.87,28,5,0,96.31,Two Year,Premium,0
16960,35,59,57.25,5,7,1,16.43,Two Year,Premium,0
16961,48,61,25.98,7,3,0,78.83,Monthly,Premium,0
16962,54,29,57.19,6,2,0,10.63,Yearly,Standard,0
16963,47,18,28.3,29,1,0,96.16,Monthly,Basic,0
16964,59,41,145.31,2,3,1,45.76,Monthly,Basic,1
16965,50,19,101.15,28,1,1,53.99,Monthly,Basic,0
16966,27,4,42.51,7,2,1,76.63,Monthly,Standard,0
16967,54,65,35.18,21,4,0,25.63,Yearly,Standard,0
16968,29,41,68.12,9,2,0,40.49,Monthly,Standard,0
16969,47,15,59.99,13,1,0,7.93,Two Year,Standard,0
16970,44,54,56.3,29,1,0,61.85,Monthly,Standard,0
16971,56,64,80.87,27,2,0,80.13,Monthly,Basic,0
16972,26,15,138.67,17,3,0,85.33,Monthly,Standard,0
16973,38,50,93.85,17,0,2,54.1,Yearly,Premium,0
16974,29,22,87.76,15,3,0,76.81,Monthly,Premium,0
16975,46,18,124.85,18,1,1,15.84,Yearly,Premium,0
16976,50,2,20.52,24,0,0,74.6,Yearly,Basic,1
16977,60,36,45.66,15,2,1,1.45,Yearly,Premium,0
16978,32,20,84.5,11,2,0,20.29,Monthly,Basic,0
16979,19,16,111.69,25,0,3,63.83,Two Year,Premium,0
16980,69,67,83.05,27,3,0,32.73,Yearly,Standard,0
16981,56,30,41.28,27,0,1,41.65,Monthly,Premium,0
16982,61,55,140.9,12,3,0,82.78,Yearly,Premium,0
16983,35,66,62.73,23,2,0,57.54,Monthly,Basic,0
16984,20,26,122.47,17,0,1,40.5,Monthly,Basic,1
16985,24,57,135.88,12,2,1,47.11,Monthly,Standard,0
16986,60,69,65.04,7,2,1,84.99,Yearly,Premium,0
16987,35,2,129.89,29,4,0,49.07,Two Year,Premium,1
16988,61,56,112.4,24,3,1,87.66,Two Year,Premium,0
16989,55,62,137.56,7,1,0,25.46,Yearly,Standard,1
16990,54,34,52.67,29,1,0,53.84,Yearly,Standard,0
16991,50,56,141.07,28,3,0,37.53,Yearly,Standard,0
16992,61,55,28.49,21,2,2,59.54,Monthly,Basic,0
16993,48,20,123.18,28,3,2,57.98,Monthly,Basic,0
16994,28,50,76.64,23,0,0,57.56,Two Year,Standard,0
16995,21,25,43.13,10,3,0,53.25,Monthly,Basic,1
16996,35,25,30.32,16,2,0,45.99,Yearly,Basic,0
16997,21,53,70.64,11,5,0,91.13,Monthly,Standard,0
16998,66,14,70.61,16,1,0,27.53,Yearly,Basic,0
16999,51,60,49.89,2,2,0,43.96,Monthly,Basic,0
17000,46,43,48.02,25,3,1,21.91,Two Year,Standard,0
17001,41,62,71.94,2,3,1,33.89,Monthly,Standard,0
17002,39,69,73.31,18,7,0,25.65,Yearly,Standard,1
17003,19,63,77.51,5,0,0,67.3,Monthly,Premium,0
17004,61,2,132.94,14,4,0,71.05,Two Year,Standard,0
17005,23,54,99.46,8,3,1,28.4,Yearly,Premium,0
17006,59,16,22.66,6,4,0,98.38,Monthly,Basic,1
17007,42,55,87.48,28,2,1,29.14,Monthly,Premium,1
17008,38,43,119.12,9,1,0,83.01,Yearly,Standard,0
17009,33,61,27.33,6,2,2,29.97,Monthly,Basic,1
17010,48,38,74.94,21,1,1,41.91,Two Year,Standard,0
17011,31,45,78.66,17,0,0,66.81,Yearly,Basic,0
17012,56,51,144.02,8,2,0,56.21,Monthly,Basic,0
17013,45,42,81.84,3,2,1,51.11,Two Year,Basic,0
17014,49,24,117.49,12,2,0,79.63,Two Year,Premium,0
17015,45,30,59.38,13,5,3,71.06,Monthly,Standard,0
17016,68,37,121.31,18,4,0,91.5,Two Year,Premium,0
17017,66,53,61.95,23,2,0,23.85,Monthly,Standard,0
17018,26,63,75.9,11,0,0,2.62,Yearly,Basic,0
17019,62,11,82.33,2,4,0,99.99,Monthly,Premium,0
17020,39,23,140.43,14,2,1,29.06,Two Year,Premium,1
17021,49,50,26.95,1,3,0,5.25,Monthly,Premium,0
17022,22,55,45.59,27,1,0,25.49,Monthly,Basic,0
17023,40,55,111.75,15,4,0,67.21,Yearly,Basic,0
17024,22,4,95.09,29,4,0,59.22,Yearly,Standard,0
17025,59,54,52.7,18,3,0,21.46,Yearly,Standard,1
17026,49,61,57.6,22,2,1,19.44,Yearly,Standard,0
17027,27,5,67.75,18,0,1,44.99,Monthly,Basic,1
17028,56,18,78.55,17,4,0,2.34,Yearly,Basic,0
17029,32,44,126.34,1,2,1,1.24,Yearly,Premium,0
17030,24,31,21.8,14,2,1,62.07,Monthly,Basic,0
17031,46,21,136.74,20,2,1,33.2,Yearly,Premium,1
17032,64,47,73.69,24,4,0,3.37,Yearly,Premium,0
17033,20,30,49.96,22,2,0,46.52,Yearly,Premium,0
17034,36,55,86.09,16,3,0,93.62,Monthly,Basic,0
17035,27,68,105.76,4,2,0,26.24,Monthly,Standard,0
17036,45,69,25.82,22,2,0,25.86,Monthly,Premium,0
17037,46,41,113.05,6,5,1,47.33,Yearly,Basic,1
17038,32,45,118.9,25,1,0,15.7,Yearly,Standard,1
17039,52,30,41.6,16,3,0,64.16,Monthly,Basic,0
17040,23,45,41.82,20,1,0,84.09,Yearly,Basic,0
17041,29,45,46.49,6,2,1,20.26,Two Year,Standard,1
17042,64,45,123.56,15,1,0,66.21,Two Year,Premium,1
17043,55,55,55.36,26,2,0,88.91,Two Year,Premium,1
17044,30,59,123.47,1,3,0,90.4,Two Year,Premium,1
17045,46,5,90.27,7,6,0,55.74,Monthly,Standard,1
17046,36,32,119.73,23,0,0,16.08,Yearly,Standard,0
17047,20,6,91.98,11,2,0,66.26,Yearly,Basic,0
17048,25,26,63.65,1,1,1,73.75,Monthly,Standard,0
17049,25,37,138.39,8,6,0,75.68,Yearly,Standard,0
17050,37,13,112.99,14,2,0,93.5,Monthly,Standard,0
17051,64,69,82.93,5,2,0,61.91,Two Year,Premium,0
17052,21,25,102.87,13,1,0,47.15,Two Year,Basic,0
17053,68,13,100.06,15,4,0,50.75,Yearly,Basic,0
17054,38,20,66.56,9,0,0,32.83,Yearly,Standard,1
17055,20,60,75.09,8,3,1,6.67,Monthly,Basic,0
17056,62,21,61.37,19,2,0,72.03,Yearly,Basic,0
17057,25,61,149.94,17,3,0,2.97,Two Year,Basic,0
17058,40,26,95.41,19,2,0,7.35,Monthly,Basic,0
17059,33,54,31.97,30,4,1,34.08,Monthly,Basic,0
17060,30,42,87.48,18,1,0,93.18,Monthly,Premium,0
17061,20,11,26.5,18,0,1,48.83,Monthly,Basic,0
17062,65,37,57.52,27,3,1,22.3,Two Year,Standard,0
17063,26,11,77.97,4,2,1,89.81,Yearly,Premium,0
17064,31,27,89.46,2,0,1,57.6,Yearly,Basic,0
17065,30,34,146.9,24,1,1,37.61,Monthly,Standard,0
17066,24,38,147.69,5,1,1,71.86,Yearly,Premium,0
17067,32,61,32.75,17,3,1,44.67,Monthly,Premium,0
17068,24,53,89.96,22,2,0,73.27,Yearly,Premium,0
17069,55,65,126.22,28,2,1,22.62,Two Year,Basic,0
17070,51,3,50.9,7,1,2,15.87,Yearly,Standard,1
17071,58,67,117.57,29,1,0,46.63,Yearly,Basic,0
17072,39,28,134.22,16,2,0,32.64,Yearly,Basic,0
17073,41,14,106.12,1,1,0,60.91,Yearly,Standard,0
17074,66,52,62.6,29,0,1,79.09,Two Year,Basic,0
17075,54,30,140.01,12,4,0,90.25,Monthly,Basic,0
17076,61,58,134.86,19,4,1,76.29,Monthly,Standard,0
17077,18,54,113.06,9,4,1,34.83,Two Year,Premium,1
17078,27,69,67.28,16,2,0,73.01,Monthly,Premium,0
17079,60,15,122.95,29,2,0,53.46,Monthly,Premium,1
17080,33,38,61.09,30,1,0,90.7,Monthly,Basic,0
17081,63,14,52.88,7,4,1,70.98,Monthly,Basic,0
17082,25,57,86.95,30,2,1,15.87,Two Year,Standard,0
17083,66,59,149.63,29,4,1,8.73,Yearly,Basic,0
17084,42,8,124.56,15,2,1,54.84,Two Year,Standard,0
17085,67,19,114.87,12,1,0,37.14,Two Year,Premium,0
17086,29,32,78.76,4,6,1,17.64,Two Year,Standard,0
17087,42,29,60.55,6,3,1,79.97,Two Year,Premium,0
17088,34,41,131.27,6,4,1,38.17,Yearly,Premium,0
17089,43,45,93.81,15,0,0,9.52,Monthly,Basic,0
17090,63,13,125.72,28,5,2,26.96,Yearly,Basic,1
17091,65,27,83.41,3,2,1,68.01,Two Year,Premium,1
17092,31,19,118.01,2,1,1,65.15,Two Year,Premium,0
17093,58,26,132.81,5,5,0,26.98,Yearly,Standard,1
17094,53,53,70.88,8,2,2,34.78,Yearly,Standard,1
17095,40,51,21.76,19,0,1,5.93,Monthly,Basic,0
17096,60,37,53.14,21,2,0,95.37,Monthly,Premium,1
17097,23,9,138.94,30,0,2,33.39,Yearly,Basic,0
17098,64,52,109.38,16,3,1,93.01,Monthly,Standard,0
17099,22,54,115.84,19,1,0,81.57,Monthly,Basic,0
17100,60,3,62.29,30,0,1,34.18,Monthly,Premium,1
17101,42,69,111.17,23,2,2,69.72,Two Year,Premium,0
17102,35,8,104.02,16,0,1,47.89,Two Year,Premium,0
17103,30,14,43.19,6,0,0,97.69,Monthly,Premium,0
17104,60,3,145.93,22,2,1,64.21,Monthly,Premium,0
17105,31,24,66.02,1,0,0,52.39,Monthly,Standard,0
17106,45,13,62.81,18,4,0,64.16,Yearly,Basic,0
17107,35,43,67.99,22,2,0,22.8,Yearly,Basic,0
17108,45,29,31.92,8,3,0,31.33,Yearly,Basic,0
17109,68,51,101.25,5,4,1,71.56,Two Year,Standard,0
17110,44,42,51.02,12,4,0,9.29,Yearly,Standard,0
17111,49,31,124.43,18,4,0,30.96,Monthly,Basic,0
17112,64,63,71.24,5,1,0,62.34,Yearly,Basic,0
17113,26,26,79.61,25,2,1,99.57,Two Year,Standard,0
17114,57,18,104.03,22,0,1,92.64,Monthly,Basic,0
17115,49,57,119.04,29,1,0,83.39,Monthly,Basic,0
17116,37,7,50.04,13,3,0,50.58,Monthly,Premium,0
17117,45,48,145.62,21,0,1,80.67,Yearly,Standard,0
17118,50,60,100.9,26,1,0,56.33,Monthly,Basic,0
17119,21,33,20.73,22,3,0,46.39,Monthly,Standard,0
17120,63,3,74.03,29,2,1,23.13,Yearly,Basic,0
17121,51,4,76.79,12,1,0,95.14,Monthly,Basic,0
17122,65,4,125.19,16,1,0,60.22,Yearly,Premium,0
17123,20,42,59.67,14,1,2,67.86,Two Year,Standard,0
17124,43,9,63.06,11,0,1,14.97,Two Year,Premium,0
17125,25,51,29.16,28,1,0,43.65,Monthly,Premium,0
17126,23,17,56.86,9,2,1,96.5,Monthly,Basic,0
17127,33,17,113.21,23,0,0,76.01,Yearly,Standard,0
17128,41,20,102.52,10,2,1,88.4,Two Year,Basic,0
17129,65,14,30.58,16,2,0,40.19,Monthly,Standard,0
17130,56,22,34.91,19,1,1,7.58,Yearly,Premium,0
17131,47,52,69.0,10,2,0,35.8,Monthly,Premium,0
17132,62,27,116.69,26,4,0,38.22,Monthly,Standard,0
17133,30,43,128.28,21,0,0,30.81,Monthly,Standard,0
17134,22,3,21.9,4,3,0,53.14,Yearly,Basic,1
17135,42,8,62.77,27,2,0,20.02,Yearly,Premium,1
17136,37,10,75.15,21,2,0,93.83,Two Year,Premium,1
17137,35,29,138.45,8,4,1,90.84,Yearly,Standard,0
17138,64,40,85.18,11,3,0,26.9,Yearly,Standard,0
17139,35,65,55.06,30,2,0,65.5,Monthly,Premium,0
17140,19,21,70.71,6,5,2,50.61,Monthly,Basic,1
17141,27,24,76.74,4,1,0,25.76,Monthly,Basic,0
17142,62,60,107.1,21,0,0,89.81,Monthly,Basic,0
17143,67,26,25.34,27,1,0,23.88,Monthly,Standard,0
17144,64,9,70.63,23,3,1,62.84,Two Year,Standard,0
17145,29,20,104.05,30,0,0,34.2,Monthly,Premium,0
17146,64,56,56.83,24,0,0,82.78,Yearly,Premium,0
17147,30,36,96.93,5,1,0,62.41,Monthly,Standard,0
17148,67,36,66.45,18,1,1,83.43,Yearly,Basic,0
17149,64,22,118.63,22,1,0,35.42,Monthly,Premium,0
17150,28,1,27.88,25,0,0,2.11,Monthly,Standard,0
17151,36,69,139.34,3,1,0,22.94,Monthly,Basic,0
17152,52,37,42.31,7,1,0,81.63,Monthly,Standard,0
17153,56,13,40.61,24,3,3,32.37,Yearly,Standard,0
17154,43,43,129.28,22,1,1,32.65,Monthly,Basic,0
17155,63,37,133.01,12,3,0,45.51,Monthly,Premium,0
17156,31,25,32.09,3,1,0,28.19,Two Year,Basic,0
17157,62,21,138.13,17,0,1,80.9,Two Year,Standard,0
17158,61,41,55.53,3,0,0,32.85,Monthly,Basic,1
17159,41,42,100.42,11,3,3,60.79,Two Year,Basic,0
17160,58,42,28.92,6,1,0,45.65,Two Year,Standard,0
17161,18,2,69.49,11,3,1,29.45,Yearly,Premium,0
17162,68,68,78.59,4,2,0,27.27,Yearly,Standard,0
17163,60,8,97.98,17,3,0,50.69,Yearly,Standard,0
17164,39,61,88.29,22,2,1,21.87,Yearly,Basic,0
17165,40,14,79.99,1,1,1,35.22,Two Year,Standard,0
17166,36,21,144.75,12,1,0,4.9,Yearly,Basic,0
17167,35,24,44.05,24,4,0,79.24,Yearly,Basic,0
17168,29,50,40.54,3,2,0,5.32,Monthly,Standard,0
17169,45,45,112.74,16,6,0,87.35,Yearly,Premium,0
17170,45,64,29.69,3,3,2,5.69,Monthly,Premium,1
17171,50,64,82.78,14,4,0,84.97,Yearly,Basic,0
17172,36,26,82.93,17,2,0,64.77,Yearly,Basic,0
17173,45,32,60.3,19,5,1,51.09,Two Year,Basic,0
17174,69,57,140.96,7,2,1,15.35,Monthly,Premium,1
17175,66,53,56.73,26,3,0,26.42,Monthly,Standard,0
17176,54,33,57.5,24,4,0,69.32,Monthly,Standard,0
17177,43,52,50.46,11,2,1,51.7,Monthly,Premium,0
17178,52,18,38.95,16,0,1,51.92,Yearly,Premium,0
17179,51,35,67.32,24,0,2,14.19,Monthly,Standard,1
17180,52,12,108.52,19,2,1,48.03,Monthly,Basic,1
17181,57,51,116.48,5,2,1,59.44,Monthly,Premium,0
17182,33,10,125.74,1,1,0,13.11,Monthly,Standard,0
17183,55,52,45.68,25,3,1,97.46,Two Year,Premium,0
17184,30,34,24.63,24,2,0,83.17,Monthly,Standard,0
17185,40,67,146.71,10,1,0,32.43,Monthly,Basic,0
17186,39,39,21.86,18,4,0,56.78,Monthly,Basic,0
17187,33,8,144.89,10,0,0,56.34,Monthly,Premium,0
17188,45,29,127.75,1,0,0,11.56,Monthly,Premium,0
17189,65,22,138.57,29,1,0,44.38,Two Year,Premium,0
17190,52,70,70.33,13,4,1,21.57,Two Year,Basic,0
17191,62,61,45.64,4,1,0,33.99,Two Year,Premium,0
17192,63,43,98.84,25,3,2,94.44,Monthly,Premium,0
17193,25,49,116.36,12,0,0,55.58,Yearly,Standard,0
17194,61,29,37.01,24,4,1,7.62,Monthly,Standard,1
17195,39,31,123.69,16,0,1,67.56,Monthly,Basic,0
17196,38,53,47.12,19,3,0,99.87,Yearly,Basic,1
17197,43,34,83.92,26,2,1,17.6,Monthly,Standard,0
17198,57,38,131.34,12,1,0,68.61,Monthly,Basic,0
17199,38,57,45.15,6,0,2,82.6,Monthly,Premium,0
17200,42,4,51.45,16,1,0,84.56,Monthly,Premium,1
17201,58,2,28.16,12,2,1,71.05,Monthly,Basic,0
17202,18,12,39.06,25,2,2,91.08,Yearly,Premium,0
17203,23,35,39.05,26,5,0,4.18,Yearly,Standard,1
17204,40,70,46.45,24,3,0,7.35,Two Year,Premium,0
17205,68,21,57.21,10,3,1,14.32,Monthly,Standard,0
17206,40,61,125.95,5,1,1,5.29,Yearly,Standard,0
17207,60,35,139.05,28,1,0,12.87,Monthly,Basic,0
17208,60,48,72.82,29,0,0,81.88,Monthly,Standard,0
17209,40,15,36.67,28,5,0,89.75,Yearly,Premium,1
17210,49,71,49.1,25,2,1,34.26,Monthly,Standard,0
17211,47,15,115.71,25,1,0,95.76,Monthly,Standard,0
17212,30,6,108.07,19,1,0,42.43,Two Year,Premium,1
17213,60,68,145.74,12,5,0,18.03,Monthly,Standard,0
17214,35,22,21.88,8,2,1,68.45,Yearly,Standard,1
17215,40,32,117.6,4,3,0,42.61,Yearly,Premium,1
17216,32,22,85.75,26,1,0,2.92,Yearly,Basic,0
17217,50,27,137.35,7,3,1,96.67,Monthly,Basic,0
17218,38,15,94.9,26,6,1,60.19,Monthly,Premium,1
17219,56,44,78.07,24,5,1,61.72,Yearly,Premium,0
17220,40,9,106.56,23,2,0,98.29,Two Year,Basic,0
17221,44,34,128.36,5,3,0,83.52,Yearly,Premium,0
17222,62,15,56.72,11,1,1,36.9,Yearly,Standard,0
17223,61,62,33.98,17,3,0,5.14,Monthly,Standard,0
17224,35,45,76.29,28,4,1,23.02,Yearly,Standard,0
17225,41,58,47.89,24,2,0,35.8,Monthly,Premium,0
17226,68,19,75.84,21,0,1,96.07,Monthly,Basic,0
17227,64,16,148.84,3,2,0,88.98,Yearly,Basic,0
17228,57,8,94.64,2,0,1,3.13,Yearly,Basic,1
17229,68,33,110.17,19,2,0,98.74,Monthly,Standard,0
17230,59,18,108.13,29,1,2,26.45,Yearly,Basic,0
17231,24,35,126.69,25,3,0,77.76,Yearly,Basic,0
17232,67,43,142.74,2,1,0,12.54,Monthly,Premium,0
17233,65,50,105.65,14,6,0,22.81,Two Year,Premium,0
17234,37,3,81.89,26,1,0,51.04,Yearly,Standard,0
17235,44,59,61.32,1,3,0,70.66,Two Year,Premium,1
17236,23,28,66.84,16,5,0,35.19,Monthly,Premium,0
17237,44,46,63.48,15,1,0,87.45,Monthly,Standard,0
17238,26,64,62.18,18,0,0,94.08,Yearly,Premium,1
17239,62,70,110.3,29,1,0,13.13,Yearly,Standard,0
17240,48,47,96.4,2,1,0,72.14,Monthly,Premium,0
17241,38,14,46.26,28,2,0,14.06,Yearly,Standard,1
17242,43,7,146.05,11,0,0,34.74,Two Year,Basic,0
17243,57,31,75.6,21,2,0,82.14,Monthly,Basic,0
17244,65,51,93.59,17,1,0,34.3,Monthly,Basic,0
17245,62,29,111.34,13,1,0,90.83,Yearly,Basic,1
17246,30,15,99.78,12,3,1,41.74,Two Year,Basic,1
17247,66,25,60.44,26,1,0,31.67,Yearly,Premium,0
17248,40,61,123.7,24,1,2,98.92,Yearly,Premium,0
17249,37,41,34.32,2,2,2,44.71,Monthly,Standard,0
17250,54,69,93.97,22,1,1,74.35,Monthly,Premium,0
17251,45,4,55.53,21,1,1,60.35,Two Year,Basic,0
17252,34,57,100.05,18,3,1,21.05,Two Year,Basic,0
17253,45,31,48.34,10,3,0,50.53,Two Year,Premium,0
17254,58,3,120.39,12,2,1,8.66,Monthly,Premium,0
17255,19,67,49.58,17,1,1,71.17,Monthly,Basic,0
17256,42,50,135.75,22,0,1,52.38,Two Year,Premium,0
17257,67,17,132.0,14,2,0,13.12,Two Year,Basic,1
17258,58,60,67.11,22,1,1,76.91,Yearly,Basic,0
17259,23,66,70.16,19,2,0,80.65,Yearly,Standard,0
17260,28,24,111.2,13,3,0,73.65,Yearly,Basic,1
17261,55,32,31.75,24,6,0,33.58,Monthly,Standard,0
17262,23,19,30.52,25,0,1,72.59,Yearly,Premium,1
17263,62,66,37.72,3,1,0,58.19,Monthly,Standard,1
17264,28,60,93.12,25,2,0,54.84,Monthly,Premium,0
17265,31,66,39.37,8,1,0,65.23,Yearly,Premium,0
17266,19,15,56.09,5,1,1,63.38,Two Year,Standard,0
17267,57,35,104.1,22,5,0,80.12,Yearly,Premium,0
17268,20,69,22.03,28,1,0,98.61,Monthly,Premium,0
17269,52,27,43.43,28,3,1,72.9,Yearly,Basic,0
17270,50,7,140.89,12,2,0,44.74,Monthly,Basic,0
17271,41,6,106.27,1,2,0,46.71,Yearly,Basic,1
17272,36,33,59.72,21,1,0,3.9,Yearly,Premium,0
17273,35,58,25.89,26,2,0,16.83,Monthly,Standard,0
17274,66,49,96.19,16,0,0,23.59,Monthly,Standard,1
17275,69,17,48.97,26,0,0,99.04,Yearly,Premium,0
17276,41,42,144.82,12,2,0,76.55,Monthly,Standard,1
17277,62,40,109.3,23,2,1,15.01,Yearly,Premium,0
17278,52,46,146.64,17,2,0,50.34,Yearly,Basic,0
17279,18,71,130.36,26,2,0,22.14,Yearly,Premium,0
17280,53,70,82.79,9,0,0,30.46,Two Year,Standard,0
17281,42,68,107.04,13,2,0,60.85,Monthly,Standard,0
17282,62,1,125.57,23,2,1,60.3,Yearly,Basic,1
17283,66,52,95.16,4,1,0,87.31,Monthly,Standard,0
17284,60,35,27.99,27,2,0,17.29,Yearly,Premium,1
17285,51,69,81.16,4,3,0,50.24,Monthly,Standard,0
17286,42,5,36.97,27,5,0,60.28,Two Year,Basic,0
17287,33,17,112.93,15,5,1,93.12,Monthly,Premium,0
17288,51,53,108.48,10,3,1,52.13,Monthly,Premium,0
17289,46,52,149.08,23,1,1,34.73,Monthly,Premium,0
17290,36,14,101.75,6,2,0,29.92,Yearly,Basic,0
17291,40,29,124.02,3,1,0,22.39,Monthly,Standard,0
17292,36,8,54.88,30,3,1,96.27,Monthly,Standard,0
17293,42,1,64.2,25,1,1,60.69,Yearly,Basic,0
17294,33,29,139.21,15,2,1,31.05,Monthly,Premium,0
17295,68,36,118.17,6,0,0,74.77,Monthly,Basic,0
17296,26,51,105.18,11,3,0,29.64,Monthly,Standard,0
17297,18,37,53.02,2,1,0,50.88,Monthly,Basic,0
17298,59,69,110.82,26,1,2,3.57,Monthly,Basic,0
17299,36,53,135.28,28,1,0,84.81,Yearly,Standard,0
17300,50,52,50.0,2,1,1,95.7,Yearly,Standard,1
17301,51,12,111.8,1,1,0,86.71,Monthly,Premium,0
17302,33,52,71.18,11,3,0,17.94,Yearly,Basic,0
17303,61,1,35.44,5,3,0,82.7,Monthly,Premium,0
17304,57,7,119.25,26,3,1,35.35,Two Year,Premium,0
17305,35,17,41.73,6,1,0,93.69,Two Year,Standard,1
17306,51,43,52.88,3,0,0,30.61,Monthly,Standard,0
17307,42,71,121.78,20,4,0,9.85,Monthly,Basic,0
17308,62,17,116.48,5,1,0,85.44,Yearly,Premium,0
17309,23,59,53.04,20,4,0,12.55,Monthly,Basic,0
17310,38,3,142.33,9,2,2,54.6,Monthly,Standard,0
17311,23,29,47.99,28,1,1,38.22,Yearly,Basic,0
17312,49,22,149.17,19,4,0,75.93,Yearly,Premium,0
17313,58,38,115.93,5,4,0,75.14,Monthly,Standard,0
17314,65,54,71.03,23,4,0,77.84,Two Year,Basic,0
17315,60,50,36.95,12,4,1,7.26,Yearly,Basic,0
17316,56,69,61.67,12,1,1,85.98,Yearly,Standard,0
17317,48,30,45.19,16,1,2,47.17,Yearly,Premium,0
17318,59,23,100.84,7,4,0,22.7,Two Year,Standard,1
17319,27,47,66.39,14,1,2,30.59,Monthly,Standard,0
17320,47,21,58.35,22,1,1,90.37,Two Year,Standard,0
17321,69,20,118.43,9,1,0,1.59,Monthly,Premium,1
17322,35,23,49.98,15,1,0,80.37,Yearly,Standard,0
17323,41,68,96.3,23,4,0,92.47,Yearly,Premium,0
17324,69,21,45.3,11,2,0,25.76,Monthly,Standard,0
17325,26,21,112.92,4,2,0,82.38,Monthly,Basic,0
17326,48,1,101.27,11,0,2,16.95,Yearly,Premium,0
17327,32,15,123.76,26,6,0,2.61,Two Year,Standard,0
17328,21,17,28.9,9,2,1,60.85,Monthly,Premium,0
17329,57,51,47.31,6,3,0,64.97,Monthly,Premium,0
17330,26,63,40.08,17,2,0,15.86,Monthly,Basic,0
17331,62,14,44.77,9,2,0,51.73,Yearly,Basic,0
17332,26,59,33.39,27,3,0,39.16,Two Year,Premium,0
17333,43,50,93.07,23,4,2,8.55,Monthly,Basic,0
17334,21,34,97.15,6,1,0,51.27,Monthly,Basic,0
17335,34,6,129.65,6,2,1,58.93,Yearly,Premium,0
17336,33,49,74.31,4,1,0,22.5,Monthly,Basic,1
17337,32,6,89.21,20,2,0,74.24,Monthly,Premium,0
17338,52,69,148.87,11,1,0,8.19,Yearly,Standard,1
17339,69,7,89.14,3,3,1,55.55,Yearly,Premium,0
17340,22,51,94.56,24,3,0,31.04,Two Year,Standard,0
17341,22,1,149.47,24,2,0,44.17,Two Year,Standard,0
17342,37,13,149.24,18,3,0,89.45,Monthly,Standard,0
17343,32,43,75.12,16,2,1,67.33,Monthly,Basic,0
17344,35,27,102.54,21,2,0,15.74,Two Year,Premium,0
17345,64,71,82.5,16,1,1,88.74,Monthly,Premium,0
17346,19,3,113.69,29,3,0,37.91,Monthly,Basic,0
17347,46,58,141.99,25,1,1,34.79,Yearly,Premium,0
17348,30,17,60.26,12,3,0,50.65,Monthly,Premium,0
17349,21,45,126.45,14,0,0,21.32,Yearly,Premium,1
17350,59,58,105.13,9,3,3,91.51,Two Year,Basic,0
17351,62,56,56.42,7,4,1,47.32,Monthly,Premium,0
17352,27,54,123.65,14,1,1,39.99,Monthly,Basic,0
17353,48,29,75.53,20,0,1,17.93,Monthly,Standard,0
17354,58,54,35.65,20,1,1,80.47,Two Year,Basic,0
17355,25,27,149.14,10,3,0,95.33,Yearly,Premium,0
17356,20,45,75.33,11,4,1,87.09,Monthly,Basic,1
17357,65,31,90.4,7,2,2,16.99,Monthly,Standard,0
17358,63,36,125.04,19,0,0,75.41,Monthly,Premium,0
17359,26,61,144.91,19,4,4,21.21,Monthly,Premium,0
17360,47,37,133.48,21,3,0,4.84,Monthly,Standard,0
17361,28,67,88.26,11,2,0,48.96,Monthly,Basic,1
17362,52,36,90.94,29,3,0,67.37,Monthly,Standard,0
17363,54,5,56.52,6,1,0,13.3,Yearly,Premium,0
17364,59,46,80.16,8,1,1,60.95,Monthly,Standard,0
17365,30,52,143.09,1,1,0,84.52,Two Year,Premium,0
17366,53,49,114.5,23,2,1,21.69,Yearly,Premium,1
17367,30,6,21.54,8,3,0,43.35,Monthly,Standard,0
17368,29,10,35.15,5,2,0,50.38,Monthly,Standard,1
17369,54,23,140.1,28,2,1,83.29,Two Year,Standard,0
17370,27,17,130.33,10,3,0,77.37,Monthly,Basic,1
17371,26,44,83.2,2,3,0,77.16,Monthly,Premium,0
17372,69,41,100.21,4,3,0,68.22,Monthly,Premium,0
17373,24,15,57.65,22,4,0,62.16,Yearly,Premium,1
17374,19,44,123.07,25,1,0,51.38,Yearly,Standard,0
17375,40,58,98.43,2,1,0,37.59,Monthly,Premium,1
17376,56,50,110.33,15,2,0,51.81,Monthly,Standard,0
17377,57,52,68.74,20,1,1,85.52,Monthly,Standard,0
17378,56,70,75.96,10,0,0,57.49,Monthly,Basic,0
17379,38,68,47.0,21,0,1,98.57,Monthly,Premium,0
17380,40,63,143.25,30,3,1,15.11,Monthly,Basic,0
17381,46,58,143.05,24,0,0,44.67,Yearly,Standard,0
17382,31,23,126.31,24,1,0,20.83,Yearly,Premium,1
17383,43,44,141.62,2,2,0,37.14,Yearly,Premium,0
17384,68,44,106.49,6,2,0,79.19,Yearly,Premium,0
17385,22,52,50.5,22,2,0,82.65,Monthly,Premium,0
17386,48,67,118.83,29,2,0,4.14,Monthly,Standard,0
17387,42,28,62.29,14,1,1,95.38,Monthly,Premium,0
17388,48,67,77.26,5,1,2,87.32,Yearly,Premium,0
17389,67,18,55.67,24,5,0,90.59,Two Year,Premium,1
17390,37,27,75.07,26,2,1,38.3,Two Year,Basic,0
17391,61,51,108.31,2,2,1,50.2,Monthly,Premium,0
17392,34,60,34.38,14,4,2,17.68,Monthly,Basic,0
17393,62,49,33.68,13,2,1,40.29,Monthly,Basic,0
17394,19,15,108.89,2,0,0,13.49,Yearly,Premium,0
17395,42,68,121.35,30,1,2,86.47,Yearly,Standard,0
17396,30,15,91.69,23,1,1,58.53,Two Year,Standard,0
17397,56,51,43.61,9,1,0,14.46,Yearly,Premium,0
17398,45,48,76.0,3,0,0,88.03,Yearly,Standard,0
17399,59,1,118.56,15,3,1,8.96,Monthly,Premium,0
17400,23,7,109.15,23,2,0,92.77,Yearly,Premium,0
17401,20,53,34.28,3,2,1,11.47,Monthly,Premium,1
17402,52,31,145.99,12,2,0,72.08,Monthly,Standard,0
17403,35,18,49.04,6,3,1,64.89,Monthly,Standard,0
17404,28,12,48.65,19,1,0,78.49,Two Year,Premium,0
17405,37,48,79.78,17,6,1,56.91,Two Year,Premium,0
17406,22,30,62.54,6,2,1,35.64,Yearly,Standard,0
17407,36,7,147.92,27,2,2,28.17,Monthly,Premium,0
17408,39,3,29.94,19,0,0,94.6,Yearly,Basic,0
17409,36,63,59.84,17,3,0,44.69,Monthly,Basic,0
17410,64,6,69.75,16,1,0,84.38,Monthly,Standard,0
17411,33,15,84.15,21,2,1,72.58,Monthly,Basic,1
17412,41,71,22.13,8,2,0,65.96,Two Year,Standard,0
17413,58,43,30.71,24,1,0,97.09,Yearly,Basic,0
17414,21,18,53.52,24,1,1,56.98,Monthly,Standard,0
17415,32,22,92.02,19,4,0,73.57,Two Year,Basic,1
17416,42,61,119.81,8,4,2,85.12,Monthly,Standard,0
17417,61,61,109.24,20,5,1,5.55,Yearly,Basic,0
17418,52,53,93.71,15,5,0,99.63,Yearly,Premium,0
17419,31,26,71.64,8,0,0,26.96,Two Year,Standard,1
17420,66,40,133.19,3,2,1,70.55,Monthly,Premium,0
17421,36,8,79.77,16,1,0,95.41,Two Year,Standard,0
17422,55,21,58.9,3,2,0,76.55,Monthly,Standard,0
17423,53,43,101.81,1,3,2,23.73,Two Year,Standard,0
17424,24,21,109.97,8,2,0,36.87,Monthly,Premium,0
17425,47,3,71.8,24,4,1,42.0,Yearly,Standard,0
17426,36,31,23.66,9,1,0,59.05,Two Year,Standard,0
17427,66,27,32.24,22,1,1,60.69,Monthly,Standard,0
17428,42,27,129.93,12,1,0,79.0,Yearly,Basic,0
17429,33,57,27.35,18,4,0,86.11,Two Year,Premium,0
17430,64,33,96.96,17,2,0,9.86,Two Year,Standard,0
17431,57,44,43.88,8,2,1,28.04,Monthly,Premium,0
17432,68,43,49.76,26,4,0,35.02,Monthly,Premium,0
17433,25,31,55.53,20,3,1,2.32,Monthly,Basic,1
17434,35,65,24.98,11,1,1,42.34,Yearly,Premium,0
17435,45,17,43.04,30,0,0,36.52,Yearly,Basic,0
17436,33,15,104.56,27,3,1,53.01,Yearly,Premium,0
17437,69,34,84.83,7,1,0,10.92,Yearly,Basic,1
17438,36,4,123.65,14,4,0,41.99,Monthly,Basic,0
17439,59,28,27.96,10,0,0,60.14,Monthly,Premium,0
17440,34,2,135.56,15,3,0,80.58,Yearly,Premium,1
17441,62,17,149.53,12,2,0,76.88,Yearly,Standard,0
17442,30,58,22.05,20,3,2,41.08,Monthly,Basic,0
17443,24,9,145.79,17,1,0,39.56,Yearly,Premium,0
17444,44,31,50.66,8,3,0,4.71,Two Year,Standard,1
17445,27,66,110.03,26,2,0,9.18,Yearly,Premium,0
17446,51,62,58.02,14,2,0,87.37,Yearly,Basic,0
17447,53,19,87.84,25,1,1,80.78,Monthly,Standard,0
17448,42,55,86.35,26,1,0,3.09,Yearly,Premium,0
17449,23,28,66.94,15,2,0,88.39,Yearly,Standard,1
17450,41,50,113.28,25,0,1,61.77,Yearly,Premium,0
17451,35,65,97.95,25,1,1,80.39,Two Year,Premium,0
17452,40,3,86.08,28,1,0,50.75,Yearly,Basic,0
17453,23,52,147.77,28,2,0,15.91,Monthly,Standard,1
17454,46,10,142.2,27,3,0,36.33,Monthly,Premium,0
17455,42,21,144.21,11,1,1,45.55,Yearly,Premium,0
17456,34,37,134.57,12,1,1,75.64,Monthly,Standard,0
17457,63,15,53.17,20,1,1,81.46,Monthly,Standard,0
17458,41,9,65.5,16,2,1,74.4,Monthly,Standard,0
17459,28,44,50.04,25,2,0,48.19,Monthly,Standard,0
17460,43,39,148.2,27,1,1,66.71,Yearly,Basic,0
17461,68,5,39.85,20,5,0,30.26,Monthly,Basic,0
17462,51,25,67.65,18,2,1,98.79,Yearly,Basic,1
17463,45,56,45.88,10,2,0,17.65,Yearly,Standard,1
17464,20,64,49.05,19,4,1,72.64,Yearly,Basic,0
17465,28,52,52.12,18,1,0,16.34,Yearly,Premium,0
17466,55,9,103.16,30,4,0,28.81,Yearly,Basic,0
17467,31,10,29.89,1,0,1,75.13,Two Year,Premium,0
17468,68,10,94.43,27,4,0,73.18,Yearly,Premium,1
17469,43,62,126.51,22,2,0,13.33,Yearly,Basic,0
17470,65,60,119.65,4,1,0,68.18,Monthly,Premium,1
17471,38,19,39.65,23,3,0,21.18,Monthly,Premium,0
17472,56,38,138.92,7,1,0,97.32,Monthly,Basic,0
17473,47,6,120.11,30,1,0,60.7,Monthly,Premium,0
17474,25,15,20.69,26,1,1,1.34,Monthly,Basic,0
17475,68,47,115.86,1,0,0,21.64,Yearly,Standard,0
17476,37,45,115.86,28,2,0,23.73,Yearly,Standard,0
17477,65,5,84.59,29,2,0,25.46,Two Year,Premium,0
17478,49,53,25.98,25,0,3,56.15,Yearly,Premium,0
17479,39,66,95.39,8,2,2,21.36,Two Year,Premium,0
17480,24,62,119.55,26,0,0,41.87,Yearly,Basic,0
17481,26,23,55.21,17,4,1,18.16,Monthly,Standard,0
17482,62,44,106.72,29,3,1,67.02,Yearly,Standard,0
17483,18,52,66.01,8,2,0,57.3,Yearly,Standard,0
17484,46,46,94.6,5,2,0,63.24,Yearly,Standard,0
17485,25,19,69.99,1,1,0,96.77,Two Year,Premium,1
17486,21,47,59.49,15,2,0,40.53,Two Year,Standard,0
17487,52,52,131.27,4,0,0,22.33,Monthly,Standard,0
17488,20,24,118.0,7,1,1,99.88,Monthly,Premium,0
17489,62,17,64.91,14,1,1,6.75,Yearly,Premium,0
17490,57,46,76.5,12,2,0,81.22,Monthly,Basic,0
17491,24,64,109.92,21,2,0,17.06,Two Year,Premium,0
17492,44,28,125.44,27,2,0,66.81,Two Year,Standard,0
17493,18,50,108.96,3,5,0,47.91,Yearly,Standard,0
17494,44,64,90.32,28,0,0,84.06,Two Year,Standard,0
17495,33,28,144.07,27,3,1,73.38,Two Year,Basic,0
17496,55,56,120.64,20,1,2,18.06,Two Year,Basic,0
17497,24,59,35.03,18,1,1,66.86,Yearly,Basic,1
17498,61,5,92.56,8,0,1,22.49,Monthly,Premium,1
17499,40,54,73.24,28,2,0,17.76,Monthly,Standard,0
17500,58,44,123.34,2,0,1,9.33,Monthly,Basic,0
17501,28,42,25.81,30,4,1,12.25,Yearly,Standard,0
17502,59,57,73.39,29,1,0,70.68,Monthly,Basic,0
17503,50,47,61.38,27,2,0,99.22,Monthly,Premium,0
17504,67,25,38.35,6,4,1,67.9,Yearly,Premium,0
17505,53,44,69.24,30,2,2,71.14,Monthly,Standard,0
17506,54,15,107.46,7,1,1,78.49,Two Year,Standard,1
17507,58,51,67.02,7,2,0,89.01,Two Year,Basic,0
17508,34,53,95.4,13,0,0,27.51,Yearly,Standard,0
17509,52,34,97.07,1,0,0,60.85,Two Year,Standard,0
17510,65,8,96.32,8,3,0,22.45,Monthly,Standard,0
17511,22,70,88.84,25,1,0,53.04,Two Year,Standard,0
17512,65,21,35.21,30,1,0,21.66,Two Year,Standard,0
17513,49,7,48.4,30,3,0,7.34,Monthly,Standard,0
17514,20,56,124.01,23,1,0,9.74,Yearly,Premium,1
17515,69,49,85.31,13,2,1,97.65,Yearly,Basic,0
17516,64,42,111.79,24,0,1,1.6,Monthly,Premium,0
17517,52,23,94.09,20,2,1,69.33,Monthly,Standard,0
17518,69,52,25.03,28,3,1,88.84,Monthly,Standard,0
17519,31,53,123.51,24,2,0,39.98,Yearly,Standard,1
17520,65,16,28.36,19,1,1,71.1,Yearly,Standard,0
17521,48,37,142.61,29,4,0,35.54,Two Year,Basic,1
17522,48,18,48.0,17,1,1,53.37,Yearly,Basic,0
17523,34,20,86.61,13,1,0,93.63,Monthly,Standard,0
17524,41,46,28.27,29,4,0,5.19,Monthly,Basic,0
17525,69,2,136.34,16,1,0,27.45,Yearly,Premium,1
17526,40,63,147.39,24,1,2,11.49,Monthly,Basic,0
17527,35,3,39.02,15,1,1,50.1,Two Year,Standard,0
17528,67,46,58.45,11,0,1,77.28,Monthly,Standard,0
17529,31,49,22.06,12,3,0,97.68,Monthly,Standard,0
17530,67,1,122.31,22,0,0,16.39,Yearly,Premium,0
17531,32,22,60.49,25,3,0,5.35,Two Year,Standard,0
17532,32,14,96.55,3,1,0,14.7,Monthly,Standard,0
17533,23,45,25.1,24,4,1,96.91,Monthly,Premium,0
17534,44,6,113.01,25,2,0,32.69,Two Year,Premium,0
17535,32,65,88.82,9,0,1,27.45,Monthly,Premium,0
17536,67,21,114.25,28,0,1,73.77,Yearly,Premium,0
17537,53,4,122.64,14,0,1,12.95,Monthly,Basic,1
17538,25,3,31.6,30,2,2,35.56,Monthly,Basic,0
17539,32,30,95.15,7,2,1,15.34,Monthly,Basic,1
17540,20,31,104.49,28,0,0,97.46,Yearly,Premium,0
17541,64,34,87.17,11,0,0,29.23,Yearly,Premium,0
17542,30,20,43.71,10,3,0,27.65,Monthly,Premium,1
17543,58,54,123.43,3,3,2,63.81,Monthly,Standard,0
17544,51,25,149.67,19,2,0,2.65,Two Year,Standard,0
17545,41,15,146.01,2,3,0,65.7,Yearly,Standard,0
17546,57,38,121.08,17,1,0,45.93,Yearly,Basic,1
17547,49,23,74.35,29,3,0,19.23,Monthly,Standard,0
17548,49,52,63.85,2,3,0,49.15,Monthly,Premium,0
17549,47,66,28.91,21,1,0,99.9,Monthly,Basic,0
17550,69,57,74.12,16,4,1,84.04,Yearly,Premium,0
17551,66,57,40.29,17,0,0,97.44,Monthly,Basic,0
17552,30,52,53.06,10,3,1,92.68,Yearly,Standard,0
17553,18,35,135.95,4,1,0,82.22,Yearly,Premium,1
17554,51,14,145.91,11,2,0,34.14,Monthly,Premium,0
17555,32,14,143.31,26,2,0,73.26,Monthly,Basic,0
17556,61,33,45.14,26,3,0,39.76,Yearly,Basic,0
17557,31,52,137.12,17,2,0,43.52,Monthly,Standard,0
17558,46,1,38.4,28,2,0,87.47,Monthly,Premium,0
17559,51,34,86.0,26,3,0,21.31,Monthly,Basic,0
17560,35,19,103.68,24,1,1,30.36,Yearly,Basic,0
17561,24,24,80.12,12,2,2,93.12,Yearly,Standard,0
17562,46,4,143.74,21,2,1,70.26,Yearly,Premium,0
17563,48,36,63.32,10,0,1,7.42,Yearly,Standard,0
17564,42,58,88.56,16,3,0,13.04,Two Year,Standard,1
17565,55,32,29.81,4,1,0,58.38,Yearly,Premium,0
17566,31,9,130.79,3,1,1,80.08,Monthly,Premium,1
17567,25,67,73.74,9,1,1,79.49,Yearly,Standard,0
17568,44,20,111.07,6,2,0,43.07,Monthly,Premium,0
17569,19,62,108.69,12,4,0,26.59,Monthly,Basic,0
17570,34,58,107.91,1,5,3,78.98,Monthly,Premium,0
17571,54,22,85.9,14,1,0,94.46,Yearly,Premium,0
17572,31,67,56.08,24,1,1,44.97,Yearly,Basic,0
17573,42,48,101.26,10,1,0,14.59,Yearly,Basic,0
17574,47,8,145.03,18,3,1,61.36,Monthly,Basic,0
17575,46,15,128.41,13,4,1,8.09,Monthly,Standard,0
17576,37,32,34.14,9,2,0,61.54,Monthly,Premium,0
17577,38,53,23.01,27,1,0,18.12,Yearly,Basic,0
17578,39,67,84.87,23,3,1,52.08,Yearly,Basic,0
17579,52,4,120.86,19,1,1,62.92,Monthly,Basic,0
17580,54,30,60.81,4,1,1,45.23,Two Year,Standard,0
17581,33,13,111.16,3,3,1,82.9,Monthly,Basic,0
17582,67,21,141.15,6,1,1,38.1,Yearly,Premium,0
17583,66,41,79.67,9,4,1,16.35,Monthly,Basic,1
17584,60,19,51.74,10,0,0,46.93,Two Year,Basic,1
17585,34,48,139.31,9,3,1,96.39,Yearly,Standard,0
17586,33,63,81.39,17,3,1,88.14,Monthly,Basic,0
17587,19,20,73.02,10,0,0,31.8,Yearly,Basic,0
17588,21,64,65.94,6,4,1,25.03,Monthly,Standard,0
17589,38,37,74.99,16,2,0,48.85,Monthly,Standard,0
17590,56,31,107.58,17,4,0,65.86,Monthly,Standard,0
17591,51,18,76.38,11,4,0,92.75,Yearly,Premium,1
17592,47,20,62.15,20,0,1,61.72,Monthly,Basic,0
17593,23,11,116.67,7,3,1,83.78,Yearly,Premium,1
17594,34,44,46.39,4,1,1,69.91,Yearly,Basic,0
17595,56,64,46.25,25,3,0,11.05,Monthly,Standard,0
17596,42,34,110.54,30,4,0,89.29,Yearly,Premium,0
17597,22,65,132.67,10,0,0,20.75,Monthly,Standard,0
17598,22,55,51.36,21,2,0,37.3,Yearly,Standard,0
17599,37,1,44.85,14,3,0,84.19,Two Year,Standard,0
17600,33,38,107.14,25,1,0,97.94,Monthly,Standard,1
17601,68,9,100.7,17,0,0,31.75,Yearly,Premium,0
17602,58,71,78.14,29,3,0,38.94,Monthly,Standard,0
17603,54,17,32.46,28,1,1,49.08,Monthly,Standard,0
17604,57,52,31.93,14,3,0,50.3,Two Year,Standard,0
17605,26,18,121.05,20,3,0,75.29,Two Year,Basic,0
17606,22,63,78.73,23,1,0,81.89,Yearly,Basic,0
17607,59,33,131.54,13,0,1,99.11,Monthly,Premium,0
17608,19,4,94.72,2,2,0,80.62,Monthly,Standard,0
17609,26,52,100.44,9,4,1,30.68,Yearly,Standard,0
17610,60,9,141.45,3,2,0,36.46,Yearly,Premium,0
17611,53,64,41.4,4,3,0,62.19,Yearly,Premium,0
17612,39,30,90.59,12,1,0,68.98,Yearly,Basic,0
17613,39,8,27.56,30,1,0,9.91,Monthly,Basic,0
17614,39,5,66.66,15,1,0,35.02,Monthly,Premium,0
17615,51,63,39.25,20,1,0,21.06,Monthly,Standard,0
17616,46,1,44.42,8,1,0,51.28,Monthly,Standard,0
17617,55,15,141.52,18,2,0,17.7,Monthly,Standard,0
17618,63,38,99.39,5,3,0,58.49,Monthly,Standard,0
17619,50,42,135.98,2,4,0,47.26,Monthly,Basic,0
17620,35,46,77.66,28,3,0,40.99,Two Year,Standard,0
17621,24,53,97.69,22,2,1,65.25,Yearly,Premium,0
17622,18,26,24.17,9,4,1,42.22,Yearly,Standard,1
17623,50,61,81.04,28,0,0,40.53,Yearly,Basic,0
17624,18,67,93.33,25,1,0,65.46,Yearly,Standard,0
17625,41,54,22.18,14,2,0,6.67,Monthly,Standard,0
17626,21,22,122.63,1,3,0,43.82,Yearly,Basic,0
17627,21,26,58.4,20,3,2,20.34,Yearly,Basic,1
17628,35,60,78.82,4,1,2,4.82,Yearly,Basic,0
17629,44,39,89.63,17,2,0,4.43,Yearly,Standard,0
17630,60,36,148.99,10,2,1,17.59,Two Year,Premium,1
17631,49,21,32.89,2,3,1,43.96,Yearly,Premium,0
17632,50,41,92.19,6,0,0,57.1,Two Year,Basic,0
17633,45,48,88.98,26,0,1,79.79,Yearly,Premium,1
17634,59,26,28.96,19,3,1,61.16,Monthly,Basic,1
17635,58,63,102.41,9,3,1,52.49,Yearly,Premium,0
17636,53,36,57.29,19,3,1,4.6,Two Year,Standard,0
17637,23,24,33.49,19,2,0,30.49,Yearly,Premium,0
17638,33,21,43.22,9,3,0,69.53,Two Year,Premium,0
17639,51,18,127.07,3,2,1,27.78,Monthly,Standard,1
17640,40,15,33.54,6,1,1,59.84,Monthly,Premium,1
17641,67,6,80.7,6,2,0,60.79,Monthly,Basic,0
17642,59,43,45.39,17,1,0,31.21,Monthly,Basic,1
17643,41,31,41.1,13,1,1,57.59,Monthly,Premium,0
17644,66,28,46.74,13,5,0,12.28,Two Year,Basic,0
17645,30,8,84.06,7,0,1,72.97,Yearly,Basic,0
17646,35,29,50.91,9,2,0,3.23,Monthly,Standard,0
17647,30,21,32.58,25,2,1,4.5,Monthly,Standard,0
17648,66,58,124.18,25,0,1,87.16,Yearly,Basic,0
17649,54,60,90.18,18,1,0,58.45,Two Year,Premium,0
17650,60,50,40.39,1,3,0,17.13,Monthly,Standard,0
17651,56,31,81.29,22,2,0,60.56,Monthly,Premium,0
17652,59,47,28.89,22,2,1,37.61,Monthly,Standard,0
17653,34,34,95.46,20,0,0,27.72,Monthly,Basic,0
17654,32,2,64.24,13,2,0,81.32,Yearly,Standard,1
17655,35,67,33.46,8,2,1,48.25,Two Year,Premium,0
17656,40,52,43.87,21,0,1,30.05,Two Year,Basic,0
17657,68,7,64.94,23,2,1,94.43,Yearly,Standard,1
17658,47,19,124.83,9,1,0,17.34,Monthly,Basic,0
17659,51,15,42.59,29,3,1,15.06,Monthly,Premium,0
17660,21,48,34.26,1,2,0,10.63,Monthly,Premium,0
17661,20,14,87.07,9,0,0,13.32,Monthly,Premium,0
17662,24,3,92.63,29,2,0,26.03,Yearly,Basic,0
17663,35,50,31.73,29,1,0,70.15,Monthly,Basic,0
17664,59,54,56.98,20,4,0,67.51,Two Year,Standard,0
17665,24,6,54.16,23,2,1,76.58,Monthly,Premium,0
17666,57,49,44.21,11,2,1,57.98,Monthly,Basic,0
17667,23,23,61.03,20,3,0,49.77,Monthly,Basic,0
17668,39,20,24.82,4,5,1,43.76,Monthly,Basic,1
17669,18,60,104.7,29,0,1,87.59,Monthly,Standard,0
17670,21,45,148.5,16,2,2,35.01,Yearly,Standard,0
17671,63,61,102.43,14,2,0,89.26,Monthly,Premium,0
17672,66,56,66.94,20,1,1,28.28,Two Year,Premium,0
17673,69,2,106.83,22,0,0,16.57,Yearly,Basic,1
17674,67,45,94.3,21,4,2,26.26,Two Year,Premium,0
17675,60,40,130.08,18,1,0,50.4,Monthly,Basic,0
17676,46,24,100.84,25,2,0,92.66,Monthly,Basic,0
17677,38,29,102.43,27,6,0,18.55,Two Year,Basic,0
17678,43,67,48.82,22,0,0,58.41,Yearly,Premium,0
17679,31,68,74.03,26,0,0,22.55,Monthly,Basic,0
17680,26,66,64.77,22,0,0,68.09,Monthly,Basic,1
17681,64,54,21.49,9,3,0,47.04,Yearly,Standard,0
17682,29,53,60.73,1,2,0,73.62,Monthly,Standard,0
17683,59,49,83.19,23,4,1,85.75,Yearly,Basic,0
17684,68,32,97.98,3,0,2,34.14,Monthly,Premium,0
17685,68,61,141.49,20,3,0,93.88,Monthly,Premium,0
17686,23,42,51.08,1,0,3,47.37,Yearly,Standard,0
17687,37,1,39.82,3,4,0,93.73,Yearly,Standard,0
17688,41,63,133.03,14,1,2,23.83,Yearly,Basic,1
17689,44,35,142.44,30,1,0,89.81,Two Year,Premium,0
17690,55,51,83.43,14,2,0,34.03,Two Year,Standard,0
17691,25,71,34.98,23,4,0,75.32,Monthly,Premium,0
17692,18,45,83.1,30,2,0,96.85,Monthly,Standard,0
17693,66,65,34.23,22,2,0,91.3,Monthly,Premium,0
17694,66,14,134.81,13,5,0,46.9,Yearly,Standard,0
17695,41,3,112.06,1,3,0,35.15,Monthly,Basic,0
17696,64,24,51.35,15,1,1,61.65,Monthly,Premium,0
17697,24,65,135.27,25,2,1,70.88,Yearly,Premium,0
17698,36,48,102.93,20,5,2,54.48,Two Year,Premium,0
17699,39,10,143.92,7,3,1,85.0,Monthly,Premium,0
17700,52,13,147.46,16,0,1,6.77,Monthly,Basic,0
17701,47,14,20.43,20,1,1,60.36,Monthly,Premium,1
17702,46,10,35.63,23,3,0,53.0,Monthly,Premium,0
17703,39,40,91.1,21,5,2,4.9,Two Year,Standard,0
17704,28,23,144.26,1,5,1,2.26,Monthly,Standard,1
17705,37,55,149.25,15,0,0,61.01,Yearly,Premium,0
17706,46,63,93.76,20,1,1,12.68,Monthly,Basic,0
17707,68,71,42.59,15,4,0,77.08,Monthly,Basic,0
17708,58,42,41.2,19,2,1,94.98,Monthly,Premium,0
17709,59,66,119.3,6,2,0,18.56,Monthly,Standard,1
17710,51,47,96.95,6,0,0,80.06,Monthly,Standard,1
17711,18,52,91.34,1,1,1,59.55,Monthly,Standard,0
17712,48,18,80.55,30,2,1,45.35,Yearly,Basic,0
17713,47,18,114.27,30,1,0,65.38,Monthly,Premium,0
17714,65,24,131.55,16,1,0,80.43,Monthly,Basic,0
17715,35,23,59.38,27,5,0,97.09,Monthly,Basic,0
17716,34,12,48.72,18,1,1,66.39,Yearly,Standard,0
17717,55,23,107.13,13,1,1,74.95,Monthly,Basic,0
17718,31,21,138.92,12,0,0,61.14,Yearly,Basic,0
17719,40,64,65.26,18,0,0,56.94,Monthly,Premium,0
17720,42,34,55.42,28,3,1,7.41,Monthly,Standard,0
17721,32,2,49.39,10,0,2,16.35,Yearly,Basic,0
17722,63,69,53.08,14,3,0,38.55,Yearly,Premium,0
17723,39,31,37.54,20,2,0,65.3,Monthly,Basic,0
17724,20,68,97.58,29,1,0,8.5,Monthly,Premium,0
17725,36,70,56.51,25,0,0,54.89,Yearly,Standard,0
17726,61,19,99.94,11,3,1,2.31,Monthly,Premium,0
17727,51,13,30.79,18,1,2,76.84,Monthly,Basic,0
17728,52,65,35.01,27,1,0,67.03,Yearly,Premium,0
17729,67,6,89.7,24,3,0,52.55,Two Year,Basic,0
17730,18,71,86.5,27,2,0,57.54,Two Year,Basic,0
17731,69,27,55.3,12,1,1,93.34,Yearly,Premium,0
17732,38,52,127.53,17,1,0,90.76,Monthly,Basic,0
17733,46,48,44.32,28,1,0,79.48,Yearly,Standard,0
17734,23,68,66.89,24,1,0,34.29,Two Year,Premium,0
17735,54,44,92.22,3,0,1,11.62,Monthly,Basic,0
17736,18,17,132.74,30,1,0,32.82,Yearly,Premium,0
17737,68,38,74.41,21,2,0,75.44,Yearly,Standard,0
17738,18,10,71.82,1,1,1,61.49,Monthly,Premium,1
17739,44,54,95.34,1,3,1,70.85,Two Year,Premium,0
17740,38,6,61.17,6,2,0,11.43,Monthly,Basic,1
17741,33,6,112.19,19,3,0,16.69,Two Year,Premium,1
17742,61,52,52.33,24,1,0,66.77,Monthly,Premium,0
17743,57,15,127.02,4,1,1,37.81,Two Year,Basic,0
17744,43,68,55.41,22,2,1,37.55,Monthly,Standard,0
17745,33,57,149.05,13,1,1,39.87,Yearly,Premium,0
17746,45,56,61.14,26,0,0,79.8,Monthly,Standard,0
17747,18,7,134.25,12,2,0,70.21,Monthly,Standard,0
17748,53,51,71.66,25,2,1,11.5,Two Year,Basic,1
17749,27,58,51.99,30,1,0,35.09,Monthly,Premium,0
17750,60,64,49.4,8,2,0,67.71,Yearly,Basic,0
17751,34,26,130.52,20,3,0,97.64,Two Year,Standard,1
17752,40,58,60.14,26,5,0,91.31,Yearly,Basic,0
17753,24,31,64.01,24,1,0,25.58,Yearly,Premium,0
17754,61,66,45.61,7,3,0,7.54,Yearly,Basic,1
17755,24,13,144.97,21,3,0,57.75,Monthly,Standard,0
17756,61,18,51.82,7,0,0,41.22,Monthly,Standard,1
17757,32,13,52.17,7,1,0,19.16,Yearly,Premium,1
17758,51,24,142.71,14,1,0,65.51,Two Year,Premium,0
17759,63,57,137.12,29,4,0,16.87,Yearly,Standard,0
17760,62,29,52.36,26,2,2,35.8,Yearly,Standard,0
17761,21,56,132.41,18,1,2,79.66,Yearly,Premium,0
17762,31,54,52.48,23,1,0,68.75,Yearly,Basic,0
17763,31,5,30.98,19,2,0,61.11,Monthly,Premium,0
17764,33,35,126.65,24,2,0,93.15,Two Year,Basic,0
17765,24,19,120.3,24,1,1,13.42,Yearly,Basic,1
17766,49,55,58.31,25,2,1,69.41,Two Year,Premium,0
17767,36,69,31.72,27,5,1,12.62,Monthly,Premium,0
17768,19,44,46.84,20,1,0,14.5,Monthly,Premium,0
17769,27,38,120.24,26,3,1,51.14,Monthly,Basic,0
17770,67,62,145.42,19,1,1,3.39,Two Year,Basic,0
17771,34,22,53.67,25,1,0,50.6,Two Year,Premium,0
17772,54,40,126.37,25,3,0,1.94,Yearly,Basic,0
17773,29,26,49.63,18,1,1,60.64,Yearly,Basic,1
17774,23,5,108.35,6,1,0,31.89,Monthly,Basic,1
17775,39,54,30.87,16,1,1,9.24,Monthly,Premium,0
17776,49,49,96.09,3,2,0,78.3,Yearly,Standard,0
17777,58,3,54.99,21,1,2,39.6,Monthly,Premium,0
17778,37,38,140.36,2,2,1,44.96,Yearly,Basic,1
17779,18,14,57.67,15,3,0,38.07,Monthly,Basic,1
17780,64,47,71.8,20,1,0,9.28,Yearly,Basic,0
17781,23,14,129.29,11,1,2,46.53,Monthly,Premium,0
17782,36,38,76.98,19,3,1,66.88,Two Year,Basic,1
17783,35,64,50.99,18,1,1,90.43,Monthly,Basic,0
17784,23,44,91.18,22,2,1,76.62,Monthly,Standard,1
17785,62,70,129.2,11,3,1,8.85,Monthly,Standard,0
17786,50,65,76.31,3,2,0,17.41,Monthly,Basic,0
17787,40,25,37.28,4,6,1,5.44,Yearly,Premium,0
17788,40,16,69.8,6,1,1,12.82,Yearly,Basic,0
17789,43,15,144.08,12,2,0,48.57,Two Year,Basic,1
17790,30,3,29.36,29,1,1,22.75,Yearly,Basic,1
17791,24,67,73.1,28,2,1,65.15,Yearly,Standard,0
17792,32,37,104.24,21,2,1,4.2,Yearly,Premium,0
17793,61,55,30.21,4,4,1,85.87,Two Year,Premium,0
17794,44,38,64.84,29,2,1,68.09,Monthly,Standard,0
17795,43,63,142.28,30,0,0,96.94,Yearly,Standard,0
17796,50,1,23.98,12,4,1,95.33,Two Year,Standard,0
17797,32,71,117.73,4,3,2,69.6,Monthly,Standard,0
17798,53,19,129.38,2,3,2,16.65,Monthly,Standard,1
17799,62,52,56.02,12,4,1,22.99,Yearly,Premium,0
17800,44,30,47.91,13,1,0,28.48,Monthly,Premium,1
17801,22,55,138.93,26,3,0,43.24,Monthly,Standard,0
17802,19,14,119.32,29,2,1,57.52,Yearly,Standard,0
17803,50,13,34.74,16,1,0,68.58,Yearly,Premium,0
17804,33,27,47.59,4,2,0,8.49,Monthly,Premium,0
17805,40,9,100.78,28,3,0,61.44,Monthly,Premium,0
17806,55,41,74.52,8,1,1,6.86,Monthly,Standard,0
17807,33,48,85.54,5,3,1,82.88,Yearly,Premium,1
17808,31,12,143.7,30,4,0,5.0,Yearly,Premium,0
17809,46,10,74.63,14,0,0,39.61,Yearly,Standard,0
17810,43,6,134.62,15,2,1,42.58,Monthly,Standard,0
17811,52,34,105.9,30,2,0,57.47,Monthly,Standard,0
17812,32,52,35.81,11,1,1,10.45,Monthly,Basic,1
17813,20,41,116.79,10,3,0,93.38,Monthly,Premium,0
17814,40,6,87.63,10,1,0,38.94,Two Year,Basic,0
17815,46,2,49.26,24,1,0,40.22,Monthly,Basic,0
17816,51,15,57.64,6,0,0,25.07,Two Year,Standard,1
17817,50,17,92.45,16,1,0,78.29,Monthly,Premium,0
17818,58,16,98.22,28,1,1,1.77,Yearly,Premium,0
17819,58,28,145.86,26,2,0,11.51,Two Year,Standard,1
17820,40,10,131.11,21,2,0,47.61,Two Year,Premium,1
17821,24,10,46.76,4,2,0,96.86,Yearly,Basic,0
17822,20,10,120.62,26,2,0,4.52,Monthly,Premium,0
17823,49,28,21.08,9,1,0,7.14,Monthly,Premium,0
17824,48,24,36.88,10,1,0,71.77,Monthly,Standard,0
17825,35,19,45.96,30,4,2,73.81,Monthly,Basic,0
17826,60,68,97.64,5,5,0,89.8,Monthly,Basic,0
17827,24,56,45.31,10,3,0,58.09,Yearly,Standard,0
17828,58,67,67.49,16,3,0,40.95,Yearly,Standard,0
17829,18,42,51.56,11,0,1,45.66,Monthly,Premium,1
17830,31,12,63.86,6,1,0,43.72,Yearly,Standard,0
17831,69,18,142.52,7,3,0,97.38,Monthly,Premium,1
17832,49,23,149.66,27,1,0,38.63,Two Year,Premium,0
17833,23,6,109.14,12,1,1,10.51,Monthly,Standard,0
17834,56,53,94.4,27,1,0,29.67,Monthly,Standard,0
17835,27,42,112.1,13,1,0,96.05,Two Year,Premium,0
17836,24,66,120.31,17,2,0,43.4,Monthly,Basic,0
17837,43,30,116.07,9,4,1,32.29,Yearly,Basic,1
17838,51,9,30.65,28,2,0,31.76,Monthly,Premium,0
17839,47,42,60.34,8,1,0,1.9,Two Year,Standard,0
17840,53,34,64.65,28,1,0,63.68,Two Year,Basic,0
17841,38,40,68.0,27,3,1,72.7,Two Year,Standard,0
17842,34,17,64.76,16,2,0,35.94,Monthly,Standard,0
17843,50,29,122.32,21,2,1,87.41,Monthly,Standard,0
17844,27,50,117.19,3,4,1,74.55,Yearly,Basic,0
17845,68,49,20.6,5,2,0,60.49,Two Year,Basic,0
17846,64,61,58.53,21,2,0,70.68,Monthly,Standard,0
17847,59,46,101.08,25,2,0,77.18,Monthly,Premium,1
17848,68,46,35.63,23,1,0,53.18,Two Year,Standard,0
17849,29,17,29.26,13,1,0,40.38,Yearly,Standard,0
17850,33,66,127.69,18,1,1,13.45,Yearly,Premium,0
17851,58,5,78.85,21,3,1,41.09,Monthly,Basic,1
17852,49,54,131.24,16,1,0,55.46,Monthly,Premium,1
17853,32,16,127.06,25,3,0,94.84,Yearly,Premium,0
17854,44,7,136.14,14,0,0,16.33,Yearly,Premium,0
17855,45,8,26.28,11,1,0,75.94,Monthly,Standard,0
17856,34,38,44.2,29,2,1,24.83,Monthly,Basic,0
17857,63,54,58.5,18,1,0,95.74,Monthly,Basic,0
17858,67,15,37.71,8,3,1,59.89,Monthly,Premium,0
17859,19,50,83.11,12,3,0,43.85,Two Year,Basic,0
17860,53,56,123.87,19,0,0,35.34,Two Year,Premium,0
17861,67,9,143.65,20,1,0,21.0,Monthly,Premium,0
17862,24,8,135.64,2,2,0,71.74,Monthly,Standard,0
17863,30,19,79.45,9,2,0,63.96,Yearly,Basic,0
17864,32,51,102.74,22,2,1,89.13,Monthly,Premium,0
17865,42,57,49.99,9,2,1,60.14,Monthly,Basic,0
17866,40,68,72.39,14,4,0,17.81,Yearly,Basic,0
17867,39,31,133.25,15,3,0,68.6,Yearly,Basic,0
17868,43,3,23.8,11,4,0,88.0,Yearly,Premium,0
17869,50,43,89.26,29,4,1,99.06,Monthly,Standard,0
17870,28,29,133.46,13,2,0,68.82,Yearly,Premium,1
17871,27,10,35.86,24,0,0,29.66,Yearly,Standard,0
17872,42,12,147.73,28,0,1,56.97,Monthly,Basic,0
17873,54,46,21.61,25,3,1,51.98,Monthly,Basic,0
17874,65,30,135.2,5,1,0,51.69,Monthly,Basic,0
17875,60,32,65.98,6,3,0,8.78,Yearly,Basic,1
17876,55,47,37.25,23,2,2,20.26,Monthly,Standard,0
17877,58,63,40.46,5,1,0,52.89,Monthly,Premium,1
17878,62,26,111.15,1,3,0,80.02,Monthly,Standard,0
17879,41,3,133.19,25,3,0,19.0,Yearly,Premium,0
17880,57,23,103.34,18,4,0,17.26,Monthly,Basic,0
17881,63,50,140.73,23,1,1,76.23,Monthly,Basic,0
17882,50,36,129.52,28,3,1,69.36,Monthly,Premium,0
17883,34,13,21.17,24,2,3,49.03,Monthly,Basic,0
17884,41,29,107.03,8,2,1,5.99,Two Year,Standard,1
17885,54,38,59.6,17,2,0,47.8,Yearly,Premium,1
17886,19,5,79.09,26,4,0,83.65,Yearly,Premium,0
17887,49,20,32.22,23,2,2,2.05,Monthly,Premium,0
17888,41,14,56.67,25,2,0,11.16,Yearly,Standard,0
17889,26,8,102.25,11,4,0,81.12,Monthly,Premium,0
17890,21,48,48.39,30,5,0,52.99,Monthly,Premium,0
17891,34,13,104.18,30,1,1,66.56,Monthly,Basic,0
17892,34,24,139.99,11,1,0,74.76,Two Year,Premium,0
17893,67,65,20.64,3,1,0,30.72,Two Year,Standard,0
17894,65,34,122.15,8,5,2,30.49,Monthly,Standard,1
17895,47,51,103.37,8,2,1,27.13,Two Year,Basic,1
17896,57,3,26.06,25,3,0,17.56,Monthly,Standard,1
17897,28,58,122.72,24,1,0,31.17,Yearly,Basic,0
17898,38,55,49.19,21,3,0,95.33,Yearly,Basic,0
17899,38,42,54.56,21,3,0,9.51,Yearly,Standard,0
17900,35,21,32.16,3,8,0,24.82,Monthly,Premium,0
17901,46,10,89.47,28,4,2,32.48,Monthly,Standard,0
17902,41,57,84.77,22,3,0,16.23,Yearly,Standard,0
17903,27,25,65.13,10,3,0,8.66,Yearly,Standard,0
17904,62,56,41.94,19,3,0,17.02,Monthly,Basic,1
17905,34,38,128.93,14,3,0,53.25,Yearly,Basic,0
17906,35,61,133.93,18,3,0,60.08,Monthly,Standard,0
17907,59,47,90.28,23,5,0,22.31,Monthly,Standard,1
17908,65,54,51.75,26,0,0,50.88,Monthly,Basic,0
17909,37,46,32.49,3,2,0,1.62,Monthly,Standard,1
17910,54,68,132.91,29,1,0,60.6,Yearly,Standard,0
17911,62,4,32.49,20,2,1,1.13,Two Year,Basic,1
17912,35,66,21.71,14,4,0,64.63,Yearly,Standard,0
17913,34,43,81.02,11,2,0,48.85,Yearly,Basic,0
17914,26,62,115.07,10,2,0,11.82,Monthly,Premium,0
17915,31,4,79.48,24,2,0,9.75,Monthly,Premium,0
17916,66,65,26.68,14,3,0,1.68,Monthly,Basic,0
17917,46,62,109.7,1,2,0,55.61,Yearly,Standard,1
17918,48,2,103.5,16,3,0,80.85,Monthly,Premium,1
17919,21,9,108.6,25,3,1,85.8,Monthly,Standard,0
17920,35,57,47.46,30,1,0,57.35,Yearly,Standard,1
17921,37,45,123.44,6,0,0,88.83,Monthly,Standard,0
17922,64,18,82.29,18,0,0,86.34,Monthly,Basic,0
17923,60,48,89.73,16,1,0,70.12,Two Year,Premium,0
17924,61,42,90.96,19,2,0,36.95,Two Year,Premium,1
17925,26,41,57.28,16,1,0,82.89,Monthly,Standard,1
17926,30,58,52.52,5,2,0,39.78,Monthly,Standard,0
17927,32,42,20.62,27,1,1,40.92,Monthly,Basic,0
17928,44,35,71.56,12,0,0,68.13,Monthly,Premium,0
17929,32,38,83.06,6,2,0,92.86,Monthly,Premium,0
17930,45,67,116.56,25,1,0,50.5,Monthly,Basic,0
17931,54,41,28.66,2,2,1,18.54,Monthly,Standard,0
17932,36,50,140.12,16,1,1,15.1,Monthly,Premium,1
17933,43,45,54.31,21,1,1,30.92,Yearly,Standard,0
17934,69,71,67.67,23,1,0,46.31,Yearly,Standard,0
17935,43,19,26.29,11,4,3,30.47,Monthly,Premium,0
17936,42,17,104.91,12,3,0,71.48,Monthly,Premium,0
17937,43,65,112.16,11,0,0,54.72,Yearly,Premium,0
17938,43,56,140.74,23,1,0,41.27,Two Year,Premium,0
17939,63,41,63.79,20,3,0,22.13,Monthly,Premium,0
17940,45,42,53.46,19,2,0,60.94,Monthly,Standard,0
17941,66,6,114.39,29,2,0,67.74,Yearly,Premium,1
17942,35,69,111.88,8,4,0,78.63,Two Year,Basic,1
17943,49,40,141.83,29,0,0,99.09,Two Year,Basic,1
17944,20,41,46.69,18,3,0,23.9,Monthly,Basic,0
17945,19,9,111.69,5,1,1,2.5,Monthly,Premium,1
17946,50,8,28.69,12,2,0,50.54,Two Year,Basic,1
17947,59,44,82.45,10,7,0,92.48,Monthly,Standard,0
17948,36,58,35.52,15,2,0,25.63,Monthly,Premium,0
17949,34,67,104.91,5,3,1,75.83,Yearly,Standard,0
17950,61,13,98.19,17,3,0,32.63,Yearly,Basic,0
17951,50,19,26.35,23,1,1,39.73,Two Year,Basic,1
17952,29,49,61.55,4,4,1,94.82,Yearly,Basic,0
17953,66,30,71.35,26,2,1,46.64,Monthly,Premium,1
17954,20,66,52.25,12,1,0,72.81,Monthly,Standard,0
17955,60,59,25.03,18,4,1,55.44,Two Year,Premium,0
17956,66,53,61.45,8,4,1,76.63,Monthly,Premium,0
17957,43,52,123.04,20,1,0,32.42,Yearly,Standard,0
17958,52,31,66.81,17,2,0,87.81,Yearly,Premium,1
17959,25,15,62.04,8,1,1,55.34,Yearly,Basic,1
17960,69,20,142.43,13,0,1,31.61,Yearly,Basic,0
17961,53,5,25.41,27,1,0,4.78,Monthly,Basic,0
17962,24,7,119.75,23,1,0,2.31,Yearly,Premium,0
17963,63,18,82.8,3,2,0,35.98,Two Year,Premium,0
17964,63,56,142.78,3,3,0,22.35,Yearly,Basic,0
17965,53,45,71.15,7,3,0,6.22,Two Year,Premium,0
17966,33,28,112.05,18,0,0,55.73,Yearly,Basic,0
17967,41,50,29.09,21,1,1,98.89,Monthly,Basic,0
17968,18,2,140.74,7,1,1,42.81,Two Year,Premium,0
17969,66,68,64.79,22,3,1,55.66,Monthly,Standard,0
17970,42,24,88.12,26,2,1,22.76,Monthly,Standard,0
17971,27,48,38.0,23,0,1,21.29,Yearly,Basic,0
17972,33,45,142.92,2,0,0,33.51,Monthly,Basic,0
17973,33,58,107.49,7,2,2,83.67,Monthly,Premium,0
17974,25,36,27.01,2,2,0,96.1,Monthly,Premium,0
17975,46,2,40.18,7,1,0,74.23,Monthly,Premium,0
17976,56,18,71.98,14,2,1,3.04,Yearly,Basic,0
17977,45,49,48.18,15,1,0,44.4,Yearly,Basic,0
17978,23,8,59.6,16,0,0,42.65,Yearly,Premium,0
17979,33,58,149.67,24,1,0,93.58,Two Year,Standard,1
17980,37,15,105.62,26,1,0,74.81,Monthly,Standard,0
17981,33,17,139.89,8,1,1,71.72,Monthly,Standard,1
17982,24,23,76.65,16,3,0,56.91,Two Year,Basic,0
17983,58,66,112.34,21,5,0,64.94,Yearly,Premium,1
17984,31,70,79.76,7,0,1,70.16,Yearly,Standard,0
17985,60,27,62.67,11,0,1,55.7,Yearly,Premium,1
17986,43,37,87.49,24,2,1,84.64,Monthly,Standard,0
17987,43,49,75.55,4,2,1,4.65,Yearly,Premium,1
17988,31,64,147.47,18,3,0,94.2,Monthly,Standard,0
17989,24,34,84.5,23,1,0,77.59,Monthly,Basic,1
17990,50,18,125.44,13,4,0,53.37,Two Year,Basic,0
17991,43,64,106.69,17,2,0,86.17,Monthly,Basic,0
17992,62,44,82.35,12,0,1,82.97,Monthly,Standard,0
17993,37,17,81.64,18,4,1,42.52,Monthly,Basic,0
17994,20,59,64.45,10,3,0,84.14,Monthly,Premium,0
17995,69,13,33.91,7,3,0,19.65,Two Year,Basic,1
17996,21,52,118.99,12,0,0,47.45,Monthly,Basic,0
17997,43,60,139.35,12,4,0,24.0,Two Year,Basic,0
17998,28,42,48.33,26,5,1,13.32,Monthly,Premium,0
17999,19,64,140.34,13,2,0,89.57,Two Year,Basic,0
18000,31,66,50.2,1,1,2,37.33,Monthly,Premium,0
18001,61,34,88.91,7,3,1,68.75,Monthly,Standard,1
18002,47,71,64.67,16,3,1,38.13,Monthly,Standard,0
18003,66,64,34.89,16,4,1,54.87,Monthly,Premium,0
18004,29,33,26.87,21,2,4,35.46,Yearly,Basic,0
18005,43,12,67.5,16,2,2,74.53,Yearly,Standard,1
18006,61,19,26.15,16,2,1,78.86,Two Year,Premium,0
18007,50,9,33.55,14,0,1,43.62,Two Year,Premium,0
18008,30,17,38.5,11,3,1,86.1,Monthly,Standard,0
18009,31,50,20.25,19,5,0,36.18,Monthly,Standard,0
18010,41,39,39.92,11,2,1,76.48,Monthly,Premium,0
18011,51,41,95.05,2,4,0,65.36,Monthly,Premium,1
18012,61,10,126.54,7,1,2,46.14,Monthly,Basic,0
18013,43,12,45.15,9,1,0,89.0,Two Year,Basic,0
18014,38,15,30.51,9,2,0,57.65,Monthly,Standard,0
18015,45,28,114.84,14,4,0,84.18,Yearly,Standard,1
18016,65,4,21.06,26,1,0,73.6,Two Year,Standard,1
18017,53,36,115.44,10,4,0,53.72,Monthly,Basic,0
18018,57,65,37.05,16,3,0,33.32,Yearly,Premium,0
18019,19,47,49.68,24,0,1,95.16,Yearly,Premium,0
18020,59,39,35.61,18,2,1,6.62,Two Year,Standard,0
18021,26,38,52.15,1,1,1,89.55,Monthly,Premium,0
18022,40,44,123.76,24,4,1,51.13,Yearly,Basic,0
18023,32,51,37.23,2,1,1,75.13,Yearly,Premium,0
18024,30,26,149.24,20,2,1,34.08,Yearly,Basic,1
18025,40,36,62.52,28,2,3,39.04,Yearly,Basic,0
18026,34,69,139.86,4,3,1,19.88,Yearly,Basic,0
18027,65,1,44.7,2,5,0,95.48,Monthly,Basic,0
18028,19,53,44.43,4,3,1,5.29,Two Year,Basic,1
18029,37,6,93.49,23,1,0,39.3,Monthly,Basic,0
18030,37,37,26.58,6,3,0,34.14,Monthly,Standard,1
18031,63,2,124.13,26,1,1,81.49,Monthly,Basic,0
18032,20,69,77.15,22,1,2,50.66,Monthly,Premium,1
18033,29,41,110.9,4,3,0,17.74,Two Year,Premium,1
18034,57,51,42.7,18,1,0,51.39,Yearly,Standard,0
18035,19,47,103.51,5,3,0,24.37,Two Year,Standard,0
18036,53,13,97.23,11,0,0,2.69,Two Year,Basic,0
18037,31,69,118.24,13,1,0,54.91,Monthly,Premium,1
18038,33,66,58.66,3,3,0,36.68,Yearly,Basic,0
18039,36,59,141.31,19,0,1,24.65,Monthly,Basic,0
18040,51,68,144.97,20,5,0,18.05,Two Year,Basic,0
18041,61,59,132.86,11,1,0,45.92,Yearly,Standard,0
18042,63,10,94.36,11,4,0,87.09,Monthly,Basic,0
18043,23,13,74.64,21,0,1,76.05,Monthly,Basic,0
18044,30,2,27.54,27,1,0,1.46,Yearly,Standard,1
18045,53,15,143.14,2,1,1,73.38,Monthly,Premium,0
18046,39,46,143.73,22,0,1,8.2,Yearly,Premium,0
18047,35,57,22.43,15,5,0,55.25,Monthly,Standard,0
18048,29,10,66.4,22,3,0,78.22,Yearly,Basic,0
18049,69,22,134.4,8,3,0,45.88,Monthly,Basic,0
18050,47,8,30.51,2,3,0,38.29,Yearly,Premium,0
18051,68,21,45.55,8,1,0,94.01,Monthly,Basic,0
18052,57,22,147.23,24,1,0,3.9,Monthly,Basic,0
18053,24,45,130.15,20,4,1,11.49,Monthly,Basic,1
18054,49,40,138.57,23,2,0,87.16,Monthly,Standard,0
18055,65,22,38.48,15,1,1,88.74,Two Year,Basic,0
18056,36,30,47.47,16,2,0,37.9,Monthly,Basic,0
18057,23,62,98.7,13,1,1,54.48,Monthly,Standard,0
18058,37,45,85.23,23,2,1,17.28,Monthly,Premium,1
18059,44,35,58.81,17,2,0,88.54,Monthly,Standard,0
18060,60,42,134.9,14,1,0,47.44,Monthly,Standard,0
18061,54,5,137.18,29,2,1,56.84,Monthly,Standard,0
18062,65,27,57.92,14,1,0,12.69,Monthly,Basic,0
18063,24,70,40.25,1,2,1,61.87,Yearly,Premium,1
18064,22,62,39.38,24,5,1,69.89,Monthly,Basic,0
18065,28,32,82.98,27,1,0,30.18,Yearly,Standard,0
18066,32,8,37.28,1,1,0,89.72,Monthly,Basic,0
18067,20,18,81.53,3,3,2,21.19,Monthly,Premium,0
18068,22,15,80.05,22,4,0,89.84,Monthly,Premium,0
18069,40,26,134.93,24,2,0,70.63,Yearly,Standard,0
18070,54,53,58.51,15,1,1,83.25,Yearly,Standard,0
18071,26,44,92.88,5,3,0,70.21,Monthly,Basic,0
18072,32,32,116.65,5,0,0,43.41,Two Year,Basic,1
18073,20,28,97.47,4,3,0,33.83,Yearly,Standard,0
18074,46,39,144.03,14,4,1,73.67,Monthly,Standard,0
18075,23,32,98.3,20,1,0,30.52,Monthly,Standard,0
18076,34,18,137.24,7,3,0,7.12,Yearly,Premium,1
18077,43,70,51.86,22,4,2,25.45,Yearly,Standard,0
18078,38,11,92.9,24,3,0,75.77,Monthly,Premium,0
18079,25,32,90.63,15,2,0,79.53,Two Year,Basic,0
18080,38,20,148.63,11,2,0,28.38,Monthly,Standard,0
18081,28,40,46.59,14,0,1,33.46,Monthly,Standard,0
18082,55,8,38.33,6,2,1,55.38,Yearly,Premium,1
18083,25,35,99.52,27,2,0,26.93,Monthly,Standard,0
18084,59,69,49.08,10,2,0,61.01,Yearly,Standard,0
18085,41,21,103.09,7,3,0,28.92,Monthly,Premium,1
18086,52,24,146.42,10,2,1,12.97,Monthly,Basic,0
18087,31,17,143.05,14,5,0,16.33,Monthly,Premium,0
18088,31,18,50.04,26,5,0,25.8,Monthly,Premium,1
18089,27,12,42.22,5,1,0,17.62,Monthly,Basic,0
18090,29,16,92.9,22,3,0,97.46,Yearly,Standard,0
18091,55,4,96.28,1,1,0,66.18,Monthly,Basic,0
18092,61,34,106.09,19,2,0,18.75,Two Year,Standard,0
18093,63,46,116.39,28,3,0,42.97,Yearly,Standard,0
18094,51,31,98.12,8,1,1,27.64,Yearly,Standard,0
18095,58,25,34.53,19,2,1,68.77,Monthly,Basic,0
18096,27,24,122.72,30,0,1,86.86,Monthly,Standard,0
18097,34,65,30.34,17,2,0,40.68,Monthly,Standard,1
18098,34,25,22.6,19,2,0,43.45,Yearly,Standard,1
18099,20,28,120.06,28,1,0,40.45,Yearly,Premium,0
18100,48,36,91.29,16,1,0,45.47,Monthly,Basic,0
18101,68,6,110.82,4,3,0,4.55,Yearly,Premium,1
18102,18,66,69.76,8,1,1,59.67,Two Year,Standard,0
18103,29,67,21.44,25,3,1,95.25,Monthly,Premium,0
18104,56,48,63.03,4,2,1,78.75,Yearly,Premium,0
18105,21,70,99.06,13,2,0,86.28,Two Year,Standard,0
18106,59,67,49.34,28,1,1,23.68,Monthly,Standard,0
18107,30,48,109.41,7,2,1,61.11,Monthly,Premium,0
18108,51,65,123.27,1,0,1,89.4,Monthly,Premium,0
18109,59,44,79.05,9,1,0,7.79,Monthly,Standard,0
18110,38,63,133.84,27,0,0,87.85,Monthly,Premium,0
18111,39,46,131.13,28,0,0,7.39,Monthly,Standard,1
18112,21,19,134.15,4,1,0,98.32,Monthly,Basic,0
18113,35,64,105.93,14,2,2,9.31,Monthly,Basic,0
18114,22,71,59.62,30,0,0,37.43,Monthly,Premium,1
18115,36,50,82.56,9,3,0,6.41,Monthly,Basic,0
18116,19,63,112.37,30,2,0,6.62,Yearly,Basic,0
18117,29,41,47.37,3,3,0,86.76,Yearly,Standard,0
18118,34,7,116.05,15,0,2,7.3,Yearly,Standard,0
18119,27,9,91.25,27,2,3,79.47,Two Year,Standard,1
18120,51,4,32.48,29,1,0,90.78,Monthly,Premium,0
18121,23,49,92.45,5,3,0,93.57,Monthly,Basic,0
18122,25,6,28.68,1,1,0,86.54,Two Year,Standard,1
18123,68,21,21.86,11,2,0,95.56,Monthly,Premium,0
18124,28,15,135.65,19,3,2,6.13,Yearly,Standard,1
18125,29,67,83.69,5,4,0,99.66,Monthly,Premium,0
18126,26,66,90.63,22,1,0,3.03,Yearly,Standard,0
18127,19,56,56.39,29,0,1,17.48,Two Year,Basic,1
18128,25,68,90.56,24,2,0,9.01,Yearly,Basic,0
18129,28,32,41.95,17,2,0,74.66,Monthly,Basic,0
18130,53,66,116.93,19,1,1,9.62,Yearly,Basic,0
18131,27,29,127.04,17,0,1,29.98,Monthly,Basic,0
18132,38,66,131.26,5,5,1,64.17,Two Year,Standard,1
18133,37,34,33.86,24,3,2,50.3,Monthly,Premium,0
18134,65,27,92.51,20,0,0,14.49,Two Year,Standard,1
18135,25,60,125.14,29,5,0,52.63,Yearly,Standard,0
18136,53,39,36.67,27,3,0,34.73,Monthly,Basic,0
18137,46,44,32.94,9,1,2,59.01,Yearly,Premium,1
18138,59,36,126.2,22,1,0,54.31,Monthly,Basic,0
18139,29,19,123.58,6,2,0,98.96,Yearly,Basic,0
18140,31,45,78.33,27,4,2,86.49,Yearly,Basic,0
18141,65,21,34.26,21,1,0,1.36,Monthly,Standard,0
18142,67,23,87.1,13,0,0,18.43,Monthly,Standard,0
18143,38,27,71.32,26,0,0,91.4,Two Year,Premium,0
18144,39,19,87.41,21,3,0,54.41,Monthly,Standard,0
18145,38,41,77.19,11,1,0,76.19,Monthly,Basic,0
18146,61,26,93.91,23,4,0,50.85,Yearly,Premium,0
18147,67,28,114.53,24,1,0,78.79,Yearly,Premium,0
18148,47,64,120.73,23,3,0,14.14,Two Year,Premium,0
18149,56,68,104.37,1,2,1,74.05,Monthly,Basic,1
18150,37,51,45.86,17,1,1,87.09,Monthly,Basic,0
18151,41,48,71.63,26,0,0,27.3,Monthly,Premium,0
18152,40,10,29.26,6,1,2,37.47,Two Year,Premium,0
18153,24,39,78.72,3,0,0,59.47,Monthly,Standard,0
18154,26,19,146.14,16,3,0,86.96,Yearly,Basic,0
18155,18,64,103.42,13,1,1,90.87,Monthly,Standard,0
18156,43,19,40.1,12,1,1,53.91,Two Year,Basic,0
18157,55,62,54.92,25,1,2,66.15,Monthly,Basic,0
18158,55,13,28.39,11,0,0,87.42,Two Year,Premium,0
18159,61,25,43.71,23,2,0,23.9,Yearly,Basic,0
18160,39,42,83.42,2,2,1,82.7,Yearly,Premium,1
18161,61,39,64.83,28,2,0,26.92,Yearly,Premium,0
18162,27,30,46.52,30,0,0,58.52,Yearly,Standard,0
18163,23,5,39.06,19,4,0,93.53,Yearly,Premium,0
18164,34,18,105.29,8,4,1,51.64,Yearly,Premium,0
18165,68,21,92.55,13,2,0,10.25,Two Year,Standard,0
18166,67,50,129.54,14,2,1,89.69,Monthly,Basic,0
18167,55,6,43.82,15,3,1,58.91,Yearly,Basic,0
18168,41,50,130.24,17,2,1,8.04,Two Year,Basic,0
18169,68,66,95.13,15,1,0,2.04,Monthly,Premium,1
18170,27,1,54.61,21,0,1,26.87,Yearly,Basic,0
18171,25,57,55.56,10,4,0,12.91,Monthly,Standard,0
18172,38,30,70.75,1,1,0,63.22,Monthly,Basic,0
18173,23,58,79.82,12,2,1,60.07,Monthly,Premium,0
18174,38,52,30.73,9,2,0,84.25,Monthly,Standard,0
18175,56,37,129.46,23,2,1,51.82,Two Year,Standard,0
18176,41,48,35.8,5,2,0,26.06,Monthly,Premium,0
18177,50,1,82.85,22,2,0,5.98,Monthly,Premium,0
18178,35,19,69.79,27,3,0,2.04,Yearly,Basic,0
18179,45,46,86.6,15,2,0,92.65,Monthly,Premium,0
18180,69,67,135.37,3,1,0,15.31,Yearly,Premium,0
18181,49,2,148.58,19,4,2,50.42,Yearly,Standard,0
18182,29,56,22.64,7,4,0,79.68,Monthly,Basic,0
18183,65,17,71.12,7,1,0,92.93,Two Year,Basic,0
18184,59,22,126.29,7,1,0,20.97,Yearly,Standard,0
18185,44,27,62.46,2,3,2,23.96,Monthly,Standard,1
18186,27,55,104.37,2,5,0,18.8,Two Year,Standard,1
18187,63,32,148.99,27,3,0,16.73,Monthly,Basic,0
18188,69,60,104.08,12,2,1,46.04,Yearly,Premium,0
18189,59,28,34.45,5,2,0,63.95,Yearly,Basic,0
18190,49,28,129.58,4,4,0,70.92,Monthly,Basic,0
18191,59,25,145.67,7,1,1,33.39,Monthly,Basic,0
18192,43,26,112.63,16,1,0,62.76,Yearly,Premium,0
18193,42,71,74.48,3,2,0,1.23,Yearly,Standard,0
18194,28,17,143.29,21,4,0,88.94,Monthly,Standard,0
18195,40,7,145.91,2,0,0,87.11,Monthly,Premium,0
18196,51,56,141.57,17,2,1,54.86,Monthly,Basic,0
18197,69,64,73.54,9,2,1,25.09,Monthly,Basic,0
18198,57,20,122.66,29,3,0,97.25,Yearly,Premium,0
18199,40,38,105.04,20,3,0,81.25,Monthly,Basic,0
18200,46,58,43.36,8,2,0,2.68,Monthly,Basic,0
18201,48,16,89.62,29,0,0,47.49,Yearly,Standard,0
18202,24,51,117.2,12,3,0,11.11,Monthly,Standard,0
18203,57,27,136.47,7,4,1,14.09,Two Year,Standard,1
18204,50,51,132.14,14,4,0,1.13,Yearly,Basic,0
18205,38,16,40.11,28,4,1,69.08,Monthly,Standard,0
18206,19,60,83.44,16,0,0,26.0,Monthly,Standard,0
18207,35,40,82.17,1,2,1,31.18,Monthly,Premium,0
18208,64,67,136.84,10,1,0,5.66,Monthly,Basic,0
18209,50,2,20.25,11,3,0,1.79,Monthly,Premium,0
18210,54,48,116.03,7,5,0,79.48,Monthly,Basic,0
18211,51,52,100.42,18,0,0,66.48,Monthly,Premium,0
18212,37,24,139.8,19,1,0,38.85,Monthly,Premium,1
18213,52,2,79.4,14,2,1,7.92,Yearly,Premium,0
18214,68,65,105.5,17,3,0,77.81,Two Year,Standard,0
18215,67,20,146.46,23,1,1,92.71,Monthly,Standard,0
18216,35,34,116.71,19,3,0,53.22,Monthly,Standard,0
18217,63,41,28.76,22,2,0,14.76,Two Year,Basic,0
18218,41,41,41.78,28,3,0,65.6,Monthly,Premium,0
18219,25,23,126.79,13,2,0,8.08,Monthly,Premium,0
18220,47,38,63.52,23,2,0,17.39,Monthly,Basic,0
18221,61,44,111.77,3,5,0,47.6,Two Year,Basic,0
18222,27,67,110.98,2,1,1,25.65,Monthly,Standard,0
18223,40,62,149.18,25,2,1,93.09,Two Year,Premium,0
18224,69,12,81.08,9,1,0,81.08,Monthly,Premium,0
18225,66,30,115.92,7,3,0,28.4,Yearly,Standard,0
18226,28,65,26.34,14,1,2,96.42,Yearly,Standard,0
18227,19,41,80.14,5,3,3,38.45,Yearly,Standard,0
18228,43,20,44.27,20,4,0,57.27,Monthly,Basic,0
18229,53,6,129.27,15,5,1,56.84,Monthly,Premium,0
18230,50,4,129.19,20,3,0,65.31,Monthly,Basic,0
18231,64,10,50.73,1,2,1,25.12,Monthly,Premium,1
18232,30,51,61.38,20,1,0,92.28,Yearly,Standard,0
18233,57,38,111.32,7,1,0,27.3,Yearly,Basic,0
18234,42,1,115.97,30,2,0,66.82,Monthly,Premium,0
18235,21,8,105.49,5,2,1,76.81,Yearly,Premium,0
18236,59,63,149.57,25,3,0,88.27,Monthly,Basic,0
18237,36,33,132.93,4,1,1,46.24,Monthly,Premium,0
18238,35,15,74.22,11,1,0,71.46,Two Year,Basic,0
18239,54,31,62.51,19,2,0,9.45,Monthly,Basic,1
18240,47,21,97.59,6,0,0,78.02,Monthly,Standard,0
18241,36,3,126.29,20,1,0,75.81,Monthly,Standard,0
18242,40,66,81.79,27,2,2,41.65,Two Year,Standard,0
18243,33,35,115.9,29,2,0,32.03,Monthly,Standard,0
18244,18,41,22.49,18,4,1,38.64,Yearly,Basic,0
18245,29,59,140.36,5,1,0,9.97,Yearly,Basic,0
18246,41,16,120.6,30,4,0,64.14,Two Year,Standard,0
18247,51,56,71.24,29,1,0,91.39,Monthly,Basic,0
18248,25,45,69.92,20,2,0,66.91,Monthly,Standard,0
18249,35,59,33.38,15,3,0,58.47,Two Year,Premium,1
18250,65,50,126.1,21,4,1,99.08,Monthly,Standard,0
18251,22,12,119.92,28,0,0,54.64,Monthly,Premium,0
18252,43,12,101.93,25,4,0,35.24,Yearly,Premium,0
18253,47,33,33.19,20,3,0,70.76,Yearly,Basic,0
18254,30,49,54.1,6,5,0,52.62,Monthly,Standard,0
18255,36,21,79.66,4,2,1,97.24,Two Year,Premium,0
18256,46,60,54.58,17,3,1,89.9,Two Year,Standard,0
18257,20,52,76.42,15,2,0,94.74,Monthly,Premium,0
18258,43,54,49.37,18,2,0,1.1,Monthly,Basic,0
18259,57,39,65.45,6,1,0,34.09,Monthly,Basic,0
18260,29,49,104.8,24,2,1,63.09,Two Year,Basic,0
18261,19,64,136.01,25,0,0,31.52,Yearly,Premium,0
18262,28,26,70.05,20,1,1,65.99,Monthly,Standard,0
18263,61,71,109.95,22,2,0,71.78,Yearly,Basic,0
18264,45,7,37.52,19,0,0,62.71,Two Year,Premium,0
18265,35,62,90.31,12,3,0,46.37,Yearly,Standard,0
18266,30,24,139.82,9,0,2,69.98,Monthly,Premium,0
18267,54,40,23.63,8,2,0,78.26,Monthly,Standard,0
18268,39,47,54.78,28,4,0,69.91,Monthly,Premium,0
18269,29,8,37.22,15,2,2,81.39,Monthly,Premium,0
18270,19,54,89.31,1,0,0,94.78,Monthly,Premium,0
18271,54,9,108.35,29,0,0,11.15,Monthly,Basic,0
18272,24,3,27.51,2,2,1,90.74,Monthly,Premium,1
18273,43,54,29.14,26,2,0,28.08,Yearly,Premium,0
18274,43,21,133.05,30,1,0,56.81,Monthly,Standard,0
18275,41,48,79.31,25,0,0,94.29,Monthly,Premium,0
18276,29,47,80.18,26,5,0,62.39,Two Year,Basic,0
18277,33,68,142.8,3,3,0,9.33,Yearly,Basic,0
18278,40,63,61.63,30,0,1,50.42,Monthly,Premium,1
18279,57,16,136.61,19,2,1,89.54,Two Year,Premium,0
18280,26,5,146.65,10,2,2,41.8,Monthly,Standard,0
18281,49,11,51.42,25,0,1,84.95,Monthly,Premium,0
18282,32,29,86.83,14,2,0,79.62,Monthly,Basic,1
18283,54,70,89.47,19,4,0,90.74,Yearly,Basic,0
18284,30,48,132.6,26,6,1,27.04,Two Year,Premium,0
18285,22,15,59.51,28,2,0,50.16,Monthly,Standard,0
18286,28,34,123.75,11,1,0,34.19,Monthly,Premium,0
18287,27,60,146.23,21,3,1,53.89,Monthly,Premium,1
18288,69,62,129.24,6,3,0,2.89,Yearly,Standard,0
18289,30,2,138.19,19,2,0,24.93,Two Year,Premium,1
18290,58,19,112.09,14,0,0,97.43,Monthly,Standard,0
18291,63,49,137.51,26,3,0,60.71,Monthly,Standard,0
18292,67,28,41.43,8,1,2,18.16,Monthly,Basic,1
18293,32,48,112.61,2,0,1,51.32,Monthly,Premium,1
18294,59,37,115.14,22,1,0,70.1,Monthly,Premium,1
18295,24,49,77.09,18,2,2,60.77,Yearly,Standard,1
18296,57,48,30.37,25,3,2,50.69,Monthly,Basic,0
18297,45,29,100.92,22,4,2,67.72,Yearly,Basic,0
18298,49,60,26.74,25,2,0,17.53,Monthly,Basic,1
18299,52,29,69.71,30,1,1,44.38,Monthly,Premium,0
18300,32,58,71.18,4,5,0,75.28,Monthly,Premium,1
18301,65,48,149.86,28,1,0,58.37,Monthly,Premium,0
18302,53,23,58.97,3,3,1,90.72,Monthly,Standard,0
18303,38,27,126.66,2,2,2,44.93,Monthly,Standard,0
18304,23,7,26.91,24,2,0,14.09,Two Year,Premium,1
18305,18,49,88.87,4,4,2,5.83,Monthly,Premium,0
18306,21,54,89.77,18,1,0,48.27,Monthly,Standard,0
18307,28,68,101.74,11,1,0,44.32,Monthly,Basic,0
18308,61,42,125.3,9,2,0,26.39,Monthly,Standard,1
18309,43,59,119.05,28,1,0,59.46,Monthly,Basic,0
18310,54,44,118.93,8,1,0,25.77,Monthly,Basic,0
18311,40,26,76.2,21,4,1,22.42,Monthly,Standard,0
18312,46,23,114.57,8,0,2,62.6,Two Year,Premium,0
18313,38,8,83.87,5,4,2,94.55,Yearly,Standard,0
18314,65,53,28.7,13,1,1,21.07,Yearly,Standard,1
18315,62,14,135.72,7,1,0,19.1,Monthly,Basic,1
18316,62,71,135.72,21,1,0,52.42,Yearly,Premium,0
18317,66,7,61.97,29,1,0,12.82,Monthly,Premium,0
18318,44,9,138.81,5,2,0,30.11,Yearly,Standard,0
18319,56,3,118.54,13,3,2,99.09,Monthly,Standard,0
18320,57,17,72.1,20,3,0,84.26,Monthly,Premium,0
18321,30,44,63.1,29,1,1,70.91,Yearly,Premium,0
18322,40,46,146.77,16,4,1,3.58,Yearly,Standard,0
18323,33,58,112.64,30,4,0,27.24,Yearly,Premium,0
18324,47,28,69.25,14,2,0,57.4,Monthly,Basic,0
18325,21,14,103.46,5,3,0,71.32,Monthly,Premium,0
18326,57,9,94.3,23,2,1,67.17,Monthly,Basic,0
18327,33,26,88.19,19,5,0,19.36,Monthly,Standard,1
18328,48,2,103.81,4,1,1,47.16,Yearly,Basic,0
18329,59,34,89.89,24,1,0,20.65,Monthly,Premium,1
18330,42,19,105.12,22,3,3,92.43,Yearly,Basic,0
18331,61,39,137.98,24,2,1,56.18,Monthly,Premium,0
18332,29,13,149.12,11,1,0,39.64,Monthly,Basic,1
18333,43,5,112.21,2,0,0,91.88,Yearly,Premium,0
18334,54,50,140.62,13,2,1,90.49,Monthly,Standard,0
18335,65,23,131.59,16,2,2,50.91,Two Year,Standard,0
18336,50,29,58.35,9,5,0,68.99,Monthly,Premium,1
18337,45,26,141.28,16,4,1,32.57,Monthly,Basic,0
18338,26,57,29.21,7,3,1,31.46,Monthly,Standard,1
18339,29,1,62.89,16,3,0,55.41,Monthly,Basic,1
18340,22,28,103.19,13,5,2,84.82,Yearly,Premium,0
18341,69,62,88.5,5,1,0,60.12,Two Year,Basic,0
18342,45,47,90.51,27,3,2,46.44,Monthly,Standard,0
18343,52,59,123.34,15,1,1,66.75,Monthly,Premium,1
18344,22,31,45.31,7,4,0,81.42,Two Year,Premium,0
18345,51,70,147.67,18,5,0,78.95,Yearly,Basic,0
18346,63,49,76.87,27,2,1,37.69,Monthly,Premium,0
18347,51,5,143.48,20,2,2,93.63,Monthly,Basic,0
18348,30,31,69.81,23,3,0,2.56,Yearly,Basic,0
18349,56,37,98.23,2,2,0,45.63,Yearly,Basic,1
18350,59,15,78.54,8,3,1,90.85,Yearly,Basic,0
18351,62,52,107.87,30,1,0,69.9,Two Year,Standard,0
18352,65,69,43.87,10,1,0,70.7,Monthly,Standard,0
18353,31,11,72.08,10,1,0,16.49,Monthly,Basic,1
18354,28,43,28.89,11,3,1,58.62,Monthly,Basic,0
18355,59,70,97.75,21,0,0,96.73,Monthly,Standard,0
18356,55,23,145.15,29,4,0,21.94,Yearly,Standard,0
18357,21,40,25.97,21,2,0,33.39,Monthly,Standard,0
18358,50,63,105.75,8,2,1,39.47,Monthly,Standard,0
18359,24,2,120.76,16,3,1,36.63,Two Year,Basic,0
18360,58,47,47.7,16,0,0,63.08,Monthly,Premium,0
18361,25,30,55.5,29,3,1,24.22,Yearly,Standard,0
18362,54,16,46.21,29,2,0,51.06,Yearly,Basic,0
18363,68,59,58.66,28,1,0,40.62,Monthly,Premium,0
18364,27,47,34.31,17,3,0,64.8,Monthly,Standard,0
18365,60,30,68.15,6,3,0,24.95,Monthly,Standard,1
18366,32,9,67.96,18,3,0,55.76,Two Year,Standard,0
18367,55,65,124.94,17,2,0,74.3,Yearly,Basic,0
18368,32,59,124.12,12,3,1,69.6,Monthly,Basic,0
18369,22,64,123.57,15,1,0,83.59,Monthly,Premium,0
18370,46,8,93.71,29,1,0,95.66,Monthly,Premium,1
18371,36,52,62.36,7,3,0,85.54,Monthly,Basic,0
18372,68,18,73.43,28,0,0,93.88,Monthly,Basic,1
18373,27,58,61.31,14,1,0,2.73,Two Year,Standard,0
18374,29,49,95.65,30,1,0,63.26,Yearly,Standard,0
18375,21,32,141.94,4,2,0,27.5,Monthly,Standard,1
18376,48,48,56.98,17,3,1,81.09,Yearly,Standard,0
18377,35,45,79.65,26,3,1,82.08,Two Year,Standard,0
18378,33,54,105.17,11,4,0,5.73,Two Year,Standard,0
18379,57,46,129.81,27,2,2,59.96,Monthly,Standard,0
18380,53,31,52.93,6,3,0,85.24,Monthly,Standard,0
18381,42,37,56.44,10,2,1,59.15,Monthly,Standard,0
18382,40,16,135.07,29,6,3,43.13,Yearly,Standard,0
18383,29,46,30.43,28,5,1,8.6,Monthly,Standard,1
18384,51,46,98.71,15,0,0,73.3,Two Year,Basic,0
18385,53,61,131.86,29,1,0,8.39,Yearly,Standard,0
18386,54,46,139.83,6,0,0,60.19,Monthly,Premium,1
18387,20,51,21.65,16,0,0,91.85,Monthly,Premium,1
18388,26,62,68.06,12,2,1,42.49,Monthly,Basic,0
18389,35,35,53.44,19,1,1,77.25,Monthly,Basic,0
18390,60,42,93.84,16,1,1,80.18,Two Year,Basic,0
18391,52,45,102.27,14,0,0,2.02,Yearly,Premium,0
18392,51,68,149.97,6,4,2,91.58,Yearly,Basic,1
18393,58,47,86.66,26,3,0,19.69,Monthly,Basic,0
18394,31,30,91.69,9,1,0,28.99,Two Year,Standard,0
18395,21,24,73.86,22,2,0,87.21,Monthly,Premium,0
18396,46,66,39.2,1,2,2,68.97,Two Year,Premium,0
18397,58,43,59.43,26,3,0,37.81,Monthly,Basic,0
18398,62,34,52.11,22,1,0,9.7,Yearly,Basic,0
18399,67,23,124.16,8,0,1,39.24,Yearly,Premium,0
18400,32,61,90.96,7,1,1,96.67,Monthly,Standard,0
18401,45,37,58.51,14,1,0,11.36,Two Year,Standard,1
18402,59,13,83.58,8,0,1,84.77,Two Year,Premium,1
18403,33,71,48.45,11,3,0,33.2,Monthly,Basic,0
18404,29,7,44.07,28,4,0,65.8,Monthly,Basic,0
18405,69,42,131.79,24,2,0,63.52,Yearly,Premium,0
18406,22,38,142.83,9,1,1,33.23,Yearly,Premium,0
18407,51,52,30.4,19,1,1,6.38,Monthly,Basic,0
18408,59,44,119.43,7,4,0,15.73,Yearly,Premium,0
18409,18,64,78.93,6,1,1,57.02,Monthly,Premium,0
18410,56,13,70.57,18,2,0,94.94,Two Year,Premium,0
18411,49,28,109.62,5,1,3,92.65,Yearly,Premium,0
18412,43,1,54.61,19,3,0,12.23,Monthly,Basic,1
18413,34,43,22.68,11,2,1,87.65,Two Year,Basic,0
18414,65,42,47.82,5,1,0,24.15,Monthly,Basic,0
18415,44,50,44.04,30,2,0,91.08,Yearly,Standard,0
18416,41,60,24.43,27,0,1,76.09,Yearly,Basic,0
18417,52,1,61.77,25,4,0,96.17,Yearly,Premium,0
18418,63,51,81.69,30,1,1,44.73,Two Year,Standard,0
18419,59,16,115.66,24,1,0,73.43,Yearly,Standard,0
18420,56,39,62.34,25,3,1,73.79,Two Year,Standard,0
18421,43,15,45.29,9,1,0,50.12,Two Year,Premium,1
18422,66,33,49.98,27,2,1,97.48,Yearly,Premium,0
18423,55,53,135.85,24,3,0,25.12,Monthly,Standard,0
18424,40,17,46.61,30,3,0,98.64,Monthly,Standard,0
18425,39,6,134.3,8,1,0,81.4,Monthly,Standard,0
18426,21,31,78.12,11,1,0,61.99,Yearly,Standard,1
18427,66,69,141.47,27,0,1,8.48,Monthly,Premium,1
18428,26,40,73.05,22,0,0,26.68,Monthly,Basic,0
18429,21,30,43.1,6,2,1,84.29,Two Year,Standard,0
18430,24,69,91.37,30,3,1,73.09,Two Year,Standard,0
18431,40,7,96.4,15,2,1,96.31,Monthly,Standard,0
18432,19,13,102.61,6,2,1,40.28,Two Year,Standard,0
18433,66,4,73.49,26,2,0,89.55,Monthly,Premium,0
18434,41,50,26.32,22,5,3,86.32,Monthly,Basic,0
18435,57,3,101.47,29,4,0,96.65,Two Year,Standard,0
18436,48,12,141.29,30,2,0,27.97,Yearly,Basic,0
18437,64,65,144.48,11,0,1,49.96,Yearly,Standard,0
18438,48,27,97.6,29,2,1,9.02,Two Year,Basic,0
18439,64,50,22.59,15,2,1,59.5,Monthly,Basic,0
18440,57,17,33.79,12,2,2,73.5,Yearly,Basic,0
18441,65,32,128.42,9,3,0,24.56,Monthly,Premium,0
18442,68,51,127.87,10,3,0,17.8,Two Year,Standard,0
18443,60,17,142.98,29,1,6,64.31,Monthly,Basic,0
18444,51,34,93.29,15,2,0,39.92,Yearly,Standard,0
18445,41,35,132.3,17,2,2,43.23,Two Year,Standard,0
18446,66,24,127.24,16,1,1,47.64,Monthly,Premium,0
18447,43,54,96.62,26,3,2,51.64,Monthly,Premium,0
18448,33,18,121.87,22,0,0,20.36,Yearly,Premium,1
18449,64,50,36.34,8,0,0,58.2,Yearly,Basic,0
18450,30,46,103.1,17,0,0,7.84,Two Year,Premium,0
18451,32,48,143.95,11,0,2,12.24,Monthly,Basic,0
18452,44,33,41.05,11,2,0,71.44,Two Year,Standard,1
18453,21,27,116.73,6,0,0,73.41,Yearly,Standard,1
18454,33,1,61.7,25,5,2,27.37,Monthly,Premium,0
18455,47,59,126.22,22,2,0,19.28,Monthly,Standard,0
18456,61,10,110.64,30,1,1,6.35,Monthly,Basic,0
18457,47,25,140.4,2,0,0,42.47,Monthly,Basic,0
18458,53,57,112.55,1,2,0,51.4,Yearly,Premium,0
18459,20,66,73.34,20,0,1,90.05,Monthly,Premium,0
18460,39,15,21.42,6,4,0,1.24,Yearly,Premium,1
18461,66,28,123.08,26,3,1,41.18,Two Year,Premium,1
18462,39,13,73.1,26,3,1,42.51,Monthly,Premium,0
18463,67,14,107.18,25,1,1,88.77,Monthly,Standard,0
18464,67,66,33.66,5,1,1,20.41,Monthly,Premium,0
18465,66,34,135.83,23,2,1,7.55,Yearly,Standard,0
18466,29,25,76.64,22,1,1,38.78,Two Year,Premium,0
18467,38,54,139.56,22,2,2,61.62,Yearly,Standard,0
18468,21,12,111.91,9,1,0,85.96,Monthly,Premium,0
18469,48,9,35.79,5,1,1,27.63,Monthly,Standard,0
18470,61,31,95.3,18,0,0,25.88,Monthly,Premium,0
18471,48,53,138.29,24,2,0,33.27,Yearly,Premium,0
18472,40,43,124.0,27,3,1,12.71,Yearly,Basic,1
18473,37,38,74.34,30,0,0,97.74,Two Year,Basic,0
18474,32,42,144.16,19,2,0,54.52,Yearly,Standard,0
18475,40,48,54.91,15,1,1,27.95,Yearly,Standard,1
18476,45,67,68.76,30,3,0,36.81,Monthly,Premium,0
18477,33,66,117.46,15,3,1,86.73,Monthly,Premium,0
18478,54,16,50.28,9,0,1,67.7,Monthly,Premium,1
18479,38,16,87.0,14,1,0,55.77,Monthly,Premium,1
18480,32,31,114.74,5,3,2,72.76,Monthly,Basic,0
18481,34,58,103.72,30,2,2,75.83,Two Year,Premium,1
18482,67,28,40.2,17,2,1,20.23,Yearly,Basic,0
18483,54,4,101.86,15,0,1,16.71,Monthly,Standard,0
18484,30,10,94.45,20,1,0,96.7,Monthly,Standard,0
18485,36,51,92.52,25,1,2,19.39,Monthly,Basic,0
18486,47,18,127.39,17,3,0,47.01,Monthly,Standard,0
18487,62,47,43.91,24,1,1,98.3,Monthly,Premium,0
18488,35,32,117.7,24,0,0,42.3,Monthly,Standard,0
18489,31,30,118.92,25,2,0,51.97,Monthly,Standard,0
18490,53,36,113.94,9,3,0,80.04,Yearly,Basic,0
18491,53,9,85.78,13,2,1,34.7,Two Year,Standard,0
18492,37,36,71.42,22,2,1,43.67,Monthly,Premium,0
18493,69,29,71.31,13,2,1,33.89,Two Year,Premium,0
18494,36,16,115.4,5,2,0,29.45,Monthly,Basic,0
18495,62,21,84.73,28,3,0,47.71,Yearly,Basic,1
18496,61,64,64.0,28,3,0,74.84,Monthly,Premium,0
18497,24,66,101.31,14,3,0,86.86,Monthly,Standard,0
18498,61,59,128.81,30,5,0,47.54,Monthly,Standard,0
18499,21,28,28.0,7,1,0,32.78,Monthly,Basic,1
18500,51,55,146.38,25,2,1,91.25,Two Year,Premium,0
18501,19,31,32.56,5,1,0,34.26,Monthly,Premium,0
18502,22,33,86.53,12,1,2,77.73,Monthly,Premium,0
18503,27,60,92.83,3,2,0,75.11,Monthly,Premium,1
18504,49,41,37.97,9,3,0,5.93,Yearly,Standard,1
18505,59,46,139.03,10,5,0,18.59,Yearly,Standard,0
18506,58,49,81.29,29,3,1,57.71,Two Year,Basic,0
18507,30,65,38.61,1,1,2,86.9,Yearly,Basic,0
18508,56,42,112.51,14,4,0,59.81,Monthly,Basic,0
18509,22,23,106.24,1,1,1,74.53,Monthly,Premium,0
18510,27,27,145.17,10,1,0,73.71,Monthly,Basic,0
18511,27,32,77.4,30,2,0,49.94,Two Year,Basic,0
18512,55,3,54.81,11,0,0,56.52,Yearly,Standard,0
18513,44,60,27.8,28,3,0,8.06,Yearly,Premium,0
18514,68,17,115.31,20,2,0,92.85,Monthly,Basic,0
18515,38,32,100.25,2,1,0,67.76,Monthly,Basic,0
18516,25,7,146.44,23,3,0,16.3,Yearly,Premium,0
18517,18,71,112.58,2,2,0,25.16,Yearly,Basic,0
18518,45,69,141.31,23,0,0,1.46,Yearly,Standard,0
18519,66,58,148.91,24,1,0,27.14,Yearly,Basic,0
18520,56,40,75.7,28,3,0,32.35,Monthly,Standard,1
18521,31,48,39.54,11,2,3,68.63,Yearly,Standard,0
18522,38,51,45.46,8,1,3,48.19,Monthly,Premium,0
18523,47,57,61.39,3,2,0,84.44,Yearly,Premium,0
18524,38,71,86.16,9,3,0,9.59,Monthly,Premium,0
18525,66,37,35.91,26,3,0,71.0,Yearly,Basic,0
18526,26,55,59.22,16,1,1,87.61,Monthly,Premium,0
18527,34,41,60.01,26,1,1,42.71,Two Year,Standard,0
18528,22,20,20.53,16,3,0,29.58,Yearly,Basic,1
18529,48,33,66.04,10,4,0,45.11,Yearly,Standard,0
18530,69,40,35.1,6,0,1,79.1,Monthly,Standard,0
18531,57,34,75.86,20,5,0,91.99,Monthly,Premium,0
18532,55,62,45.55,24,6,2,7.49,Yearly,Standard,0
18533,60,19,126.87,20,0,0,53.32,Two Year,Standard,0
18534,36,43,30.47,20,3,1,64.33,Yearly,Premium,0
18535,53,69,132.54,11,0,0,2.73,Monthly,Standard,0
18536,67,63,95.47,8,3,0,18.94,Monthly,Basic,0
18537,50,10,79.62,20,4,2,7.19,Monthly,Standard,0
18538,30,13,91.47,1,1,0,29.75,Yearly,Standard,1
18539,31,5,68.89,6,3,0,21.34,Monthly,Standard,1
18540,50,58,36.59,28,5,1,49.19,Two Year,Premium,1
18541,46,59,119.56,8,3,0,65.88,Monthly,Standard,0
18542,60,59,140.63,30,4,0,84.38,Yearly,Standard,0
18543,66,15,143.51,14,2,1,31.13,Yearly,Standard,1
18544,53,1,107.19,3,2,0,5.99,Yearly,Standard,0
18545,61,38,73.35,2,3,1,1.38,Yearly,Premium,0
18546,27,53,82.19,22,2,1,84.61,Monthly,Premium,0
18547,48,52,105.41,1,4,2,87.94,Yearly,Standard,0
18548,23,1,127.0,11,3,0,11.0,Yearly,Standard,0
18549,18,11,68.69,21,2,0,2.01,Yearly,Standard,0
18550,24,58,139.18,6,2,1,80.23,Monthly,Premium,0
18551,44,40,62.16,8,2,2,64.43,Yearly,Standard,0
18552,38,60,89.01,7,0,1,56.06,Monthly,Basic,0
18553,45,44,144.98,6,1,0,53.79,Monthly,Premium,0
18554,33,6,141.97,18,2,1,77.6,Monthly,Premium,0
18555,63,28,110.45,12,4,0,30.04,Yearly,Standard,0
18556,40,31,62.19,8,0,0,39.52,Monthly,Standard,0
18557,69,8,48.47,24,4,0,8.71,Monthly,Standard,0
18558,37,5,30.42,27,2,1,57.05,Monthly,Basic,0
18559,55,54,112.13,21,2,0,96.12,Monthly,Standard,1
18560,42,17,85.45,19,2,0,29.1,Yearly,Premium,1
18561,45,38,94.4,28,1,1,93.0,Monthly,Premium,0
18562,22,9,81.41,27,1,0,73.19,Two Year,Standard,0
18563,38,14,82.78,24,0,0,24.15,Monthly,Premium,1
18564,35,26,94.27,5,3,1,66.62,Yearly,Basic,0
18565,64,62,138.85,19,2,0,37.26,Monthly,Basic,0
18566,23,25,23.82,9,0,0,13.11,Yearly,Basic,0
18567,46,36,124.21,25,3,0,10.18,Monthly,Standard,0
18568,36,33,70.77,12,2,1,2.71,Monthly,Premium,1
18569,50,3,116.84,15,3,2,79.98,Two Year,Premium,0
18570,18,11,143.31,23,4,0,88.6,Two Year,Premium,1
18571,62,58,59.82,13,2,0,48.77,Monthly,Premium,0
18572,20,64,31.64,24,0,1,52.47,Yearly,Standard,0
18573,59,18,50.2,13,1,0,69.47,Yearly,Premium,0
18574,38,47,48.87,21,4,0,70.39,Monthly,Standard,0
18575,52,44,116.44,21,2,0,33.09,Two Year,Premium,1
18576,58,59,28.04,5,2,0,16.76,Monthly,Basic,0
18577,57,50,26.62,2,3,0,43.61,Two Year,Standard,0
18578,20,69,110.17,19,1,0,70.0,Yearly,Standard,0
18579,42,29,92.37,8,2,2,80.62,Yearly,Premium,0
18580,62,67,74.31,14,2,2,9.83,Yearly,Premium,0
18581,55,2,94.8,29,1,1,59.24,Yearly,Premium,0
18582,62,25,115.58,6,4,1,6.36,Yearly,Basic,0
18583,37,19,33.45,25,0,1,82.65,Two Year,Basic,0
18584,69,40,91.93,7,0,0,67.01,Monthly,Standard,0
18585,61,2,127.17,14,5,0,69.97,Monthly,Standard,1
18586,62,65,67.12,6,1,0,76.41,Two Year,Standard,0
18587,51,62,119.19,16,2,2,50.07,Yearly,Basic,0
18588,38,54,129.9,27,4,1,30.59,Monthly,Standard,0
18589,65,45,126.72,30,2,0,78.78,Yearly,Standard,0
18590,40,49,104.55,4,5,1,77.96,Two Year,Standard,0
18591,23,69,113.25,7,1,2,14.36,Yearly,Premium,0
18592,68,38,122.4,16,1,1,90.37,Yearly,Basic,0
18593,30,4,115.38,4,1,1,22.9,Monthly,Standard,1
18594,66,17,78.72,7,3,1,31.34,Two Year,Standard,0
18595,40,53,40.69,21,2,0,22.38,Yearly,Basic,0
18596,26,53,60.26,2,2,0,96.59,Monthly,Premium,0
18597,34,31,46.94,23,1,1,30.65,Two Year,Standard,0
18598,19,22,66.99,8,2,1,97.17,Yearly,Premium,0
18599,36,11,83.61,10,2,1,64.16,Monthly,Standard,0
18600,36,34,144.68,27,1,2,18.48,Monthly,Standard,0
18601,24,15,144.73,2,2,1,55.83,Two Year,Standard,0
18602,59,10,120.05,6,0,0,88.34,Monthly,Premium,1
18603,59,53,147.42,4,1,0,56.61,Monthly,Basic,0
18604,37,48,149.74,21,1,0,14.13,Monthly,Basic,0
18605,26,31,135.08,1,1,1,29.41,Yearly,Premium,1
18606,34,37,30.34,6,4,0,23.26,Monthly,Standard,1
18607,44,28,75.39,28,1,0,13.46,Monthly,Premium,0
18608,64,31,89.44,12,3,1,33.4,Yearly,Basic,0
18609,19,70,36.13,27,2,0,66.45,Monthly,Basic,0
18610,53,14,125.12,14,2,1,38.87,Yearly,Basic,1
18611,36,16,39.33,15,1,1,44.94,Two Year,Standard,0
18612,34,25,69.83,24,3,0,32.75,Two Year,Basic,0
18613,22,39,28.96,18,2,2,99.45,Monthly,Premium,0
18614,56,66,88.2,17,3,0,59.03,Monthly,Standard,0
18615,35,38,97.62,9,1,0,83.55,Monthly,Basic,0
18616,24,41,115.57,15,2,0,44.69,Two Year,Basic,0
18617,34,40,64.13,18,2,1,17.7,Monthly,Standard,0
18618,56,64,96.77,24,2,0,84.83,Monthly,Basic,0
18619,53,16,115.44,21,2,0,76.58,Yearly,Standard,0
18620,57,59,119.06,18,3,1,33.65,Two Year,Standard,0
18621,62,11,59.21,5,1,1,61.04,Monthly,Basic,0
18622,21,1,28.8,16,3,1,10.25,Monthly,Standard,0
18623,55,13,24.89,9,0,1,3.61,Two Year,Standard,0
18624,42,30,119.85,22,7,1,81.76,Monthly,Premium,0
18625,22,69,70.11,3,4,1,94.25,Yearly,Basic,0
18626,47,18,37.41,12,3,1,35.06,Two Year,Basic,0
18627,29,13,43.98,24,1,1,60.16,Monthly,Standard,0
18628,21,32,119.6,14,1,0,72.01,Yearly,Basic,0
18629,41,71,97.86,1,2,0,74.86,Two Year,Premium,0
18630,46,50,85.18,9,1,0,48.63,Yearly,Premium,0
18631,26,71,100.99,9,1,0,61.71,Monthly,Premium,0
18632,21,31,37.87,20,7,0,66.05,Yearly,Premium,1
18633,68,51,61.48,13,2,0,11.22,Monthly,Basic,0
18634,41,27,68.63,8,2,0,64.87,Monthly,Standard,0
18635,31,60,60.88,11,1,0,51.57,Yearly,Standard,0
18636,22,33,132.37,30,2,0,38.47,Monthly,Premium,0
18637,35,53,95.58,14,3,2,26.91,Monthly,Premium,0
18638,59,33,114.81,16,2,1,64.15,Monthly,Premium,0
18639,36,41,50.77,11,3,0,17.51,Monthly,Basic,0
18640,29,19,54.33,19,1,1,81.27,Monthly,Standard,0
18641,35,41,49.29,29,1,0,18.01,Monthly,Standard,0
18642,34,42,109.44,22,3,0,77.39,Two Year,Standard,0
18643,47,23,65.38,10,2,0,81.92,Yearly,Basic,0
18644,41,33,72.66,26,2,0,94.03,Monthly,Premium,1
18645,28,20,112.19,8,5,1,46.87,Yearly,Premium,1
18646,52,25,146.33,11,2,0,7.31,Two Year,Premium,0
18647,40,52,41.04,25,1,0,68.09,Two Year,Standard,1
18648,34,12,28.15,8,1,0,28.98,Monthly,Basic,0
18649,18,32,45.33,25,3,0,10.18,Yearly,Basic,0
18650,32,33,115.54,20,3,0,85.72,Monthly,Basic,1
18651,49,68,45.3,10,1,0,14.83,Monthly,Standard,0
18652,26,15,95.97,17,1,0,51.13,Monthly,Premium,0
18653,32,51,96.74,23,1,0,79.06,Yearly,Standard,1
18654,45,6,58.28,11,1,0,20.71,Monthly,Basic,0
18655,41,69,28.93,12,2,2,89.77,Monthly,Basic,0
18656,52,69,71.9,10,3,2,33.83,Monthly,Premium,0
18657,39,35,44.28,20,1,0,40.25,Yearly,Premium,0
18658,44,34,43.98,17,4,0,14.02,Yearly,Standard,0
18659,36,63,87.94,3,0,0,64.8,Yearly,Basic,0
18660,62,68,107.51,7,4,0,50.04,Monthly,Standard,0
18661,29,18,29.8,27,2,0,97.44,Monthly,Basic,1
18662,37,26,95.18,3,3,0,70.13,Monthly,Basic,0
18663,18,61,52.01,17,5,1,76.14,Two Year,Basic,0
18664,38,48,107.53,23,2,0,20.71,Monthly,Standard,0
18665,66,31,125.33,8,0,1,71.56,Monthly,Basic,0
18666,62,34,124.91,21,1,0,56.18,Yearly,Premium,0
18667,18,7,68.08,22,1,0,40.98,Monthly,Premium,0
18668,27,7,93.75,30,3,1,78.48,Monthly,Standard,0
18669,64,47,123.18,19,2,1,97.88,Monthly,Basic,0
18670,49,8,27.91,14,0,0,10.38,Monthly,Premium,0
18671,56,1,98.73,5,5,0,79.1,Monthly,Premium,0
18672,39,3,128.75,19,1,0,92.03,Monthly,Basic,0
18673,35,53,68.41,13,2,1,32.2,Monthly,Basic,0
18674,65,38,79.2,18,1,0,36.94,Monthly,Premium,0
18675,63,51,110.83,30,4,0,79.68,Monthly,Premium,0
18676,49,15,28.83,23,4,1,95.41,Monthly,Premium,1
18677,44,67,70.13,26,5,1,93.95,Yearly,Premium,0
18678,45,64,58.44,11,3,1,6.51,Monthly,Basic,1
18679,35,68,22.21,23,0,0,87.27,Monthly,Standard,0
18680,56,5,45.48,12,2,1,59.06,Monthly,Basic,0
18681,66,10,71.46,8,0,2,42.69,Monthly,Standard,1
18682,46,8,45.67,12,3,1,84.71,Yearly,Basic,1
18683,35,12,98.31,1,3,0,80.24,Monthly,Basic,1
18684,61,64,78.32,18,1,0,51.43,Yearly,Standard,0
18685,25,59,25.13,2,3,0,41.66,Monthly,Premium,1
18686,48,67,55.76,12,4,1,47.77,Yearly,Premium,0
18687,51,50,22.53,19,3,0,32.52,Monthly,Basic,0
18688,24,23,66.56,23,1,0,68.37,Yearly,Standard,0
18689,53,40,53.68,7,2,1,89.31,Monthly,Premium,0
18690,35,18,109.46,7,3,0,25.8,Monthly,Basic,1
18691,55,21,59.96,1,2,1,82.73,Monthly,Basic,1
18692,26,1,68.77,18,3,1,36.71,Monthly,Basic,0
18693,26,38,114.29,8,2,0,14.05,Monthly,Premium,1
18694,63,41,82.52,25,2,1,5.01,Monthly,Basic,0
18695,25,42,92.34,10,3,1,48.46,Yearly,Basic,0
18696,68,9,129.38,29,1,0,57.26,Yearly,Premium,0
18697,52,23,46.9,23,4,0,1.6,Monthly,Standard,0
18698,35,11,148.59,29,2,1,65.61,Two Year,Basic,0
18699,22,71,137.01,1,3,0,52.33,Two Year,Basic,0
18700,31,31,57.25,15,2,1,99.74,Monthly,Basic,0
18701,45,26,136.08,15,3,0,11.35,Monthly,Standard,0
18702,47,30,118.01,28,3,0,70.8,Two Year,Premium,0
18703,21,34,141.0,4,3,1,22.49,Yearly,Standard,0
18704,56,46,109.85,10,4,1,21.43,Monthly,Premium,0
18705,37,69,107.68,8,1,0,2.85,Monthly,Basic,0
18706,42,5,20.45,14,2,0,1.65,Yearly,Standard,1
18707,45,61,81.7,13,1,0,19.48,Monthly,Basic,0
18708,29,38,46.03,21,1,1,18.37,Yearly,Premium,0
18709,19,28,62.13,17,2,0,1.04,Monthly,Basic,0
18710,60,26,147.25,7,2,2,72.0,Yearly,Premium,1
18711,31,61,31.12,6,1,0,50.86,Yearly,Premium,0
18712,39,23,113.92,9,1,0,40.22,Two Year,Basic,0
18713,48,46,42.48,20,3,1,11.28,Monthly,Standard,0
18714,40,30,20.96,20,3,0,34.06,Yearly,Basic,0
18715,65,67,85.18,8,2,2,47.59,Monthly,Standard,1
18716,37,33,40.96,14,5,1,99.81,Monthly,Premium,1
18717,55,3,145.51,30,2,0,51.55,Monthly,Basic,1
18718,21,69,46.48,20,1,2,2.93,Two Year,Basic,1
18719,32,42,44.96,3,0,0,21.57,Yearly,Standard,0
18720,41,62,24.18,23,1,1,36.1,Monthly,Standard,0
18721,42,58,62.88,13,5,0,46.14,Two Year,Premium,0
18722,18,57,23.13,21,3,1,67.75,Monthly,Standard,0
18723,24,1,84.86,9,0,0,59.47,Yearly,Standard,0
18724,48,60,85.73,21,0,0,51.42,Yearly,Standard,0
18725,29,69,26.92,9,2,1,83.95,Monthly,Basic,0
18726,59,59,51.21,22,2,1,20.43,Monthly,Standard,0
18727,22,46,128.17,22,0,2,8.71,Monthly,Premium,1
18728,61,34,80.13,11,0,1,83.98,Two Year,Standard,0
18729,67,25,76.5,6,3,0,46.75,Yearly,Basic,0
18730,59,42,110.84,23,4,2,55.78,Monthly,Standard,0
18731,55,29,112.93,12,3,1,83.9,Yearly,Standard,0
18732,29,25,119.06,27,0,0,94.64,Monthly,Standard,0
18733,56,54,127.96,4,1,0,55.65,Monthly,Standard,0
18734,35,67,50.19,4,2,0,81.41,Two Year,Premium,0
18735,19,15,28.63,25,4,0,54.93,Monthly,Premium,0
18736,27,4,69.43,28,2,1,4.3,Yearly,Premium,0
18737,32,38,131.16,23,2,0,95.63,Two Year,Standard,0
18738,47,20,30.14,27,1,0,81.96,Yearly,Standard,0
18739,61,23,94.87,26,1,0,75.59,Two Year,Standard,0
18740,34,37,111.14,22,6,0,44.74,Monthly,Premium,0
18741,21,62,82.58,17,2,3,94.31,Two Year,Standard,0
18742,24,8,53.17,7,2,1,49.49,Monthly,Standard,0
18743,58,37,62.42,6,6,0,72.36,Monthly,Premium,1
18744,48,45,29.31,28,1,1,10.96,Two Year,Standard,0
18745,68,33,58.04,20,2,0,22.67,Yearly,Premium,1
18746,56,7,25.77,29,2,0,43.0,Yearly,Standard,0
18747,51,22,114.42,8,1,0,58.55,Monthly,Premium,0
18748,23,5,136.74,7,2,0,80.75,Two Year,Premium,0
18749,67,15,102.36,8,1,1,24.85,Monthly,Standard,1
18750,55,21,105.37,9,3,0,77.66,Two Year,Standard,1
18751,62,17,81.38,1,1,3,89.11,Two Year,Standard,0
18752,68,56,40.28,3,2,1,82.03,Monthly,Basic,0
18753,51,50,21.0,18,1,0,62.62,Yearly,Premium,0
18754,61,7,64.72,19,3,0,81.19,Monthly,Premium,0
18755,32,50,117.69,27,1,1,87.87,Yearly,Premium,0
18756,31,60,144.86,11,2,2,55.95,Monthly,Premium,0
18757,23,7,76.04,16,1,0,81.21,Monthly,Basic,0
18758,67,40,67.5,18,2,0,42.69,Two Year,Premium,0
18759,54,45,77.97,27,3,0,52.73,Yearly,Basic,0
18760,67,59,75.61,6,3,0,6.21,Monthly,Premium,0
18761,49,55,101.36,25,4,1,88.47,Yearly,Basic,0
18762,20,64,115.44,2,1,1,14.9,Monthly,Premium,1
18763,20,65,122.04,4,2,0,28.34,Yearly,Basic,0
18764,39,54,104.45,5,2,0,32.43,Yearly,Premium,0
18765,39,40,76.9,21,4,0,12.47,Monthly,Basic,0
18766,27,53,143.51,14,1,0,92.25,Monthly,Basic,0
18767,68,44,112.43,1,3,0,97.03,Yearly,Standard,1
18768,20,63,75.47,29,1,0,86.65,Yearly,Premium,0
18769,29,2,78.06,22,4,1,35.29,Monthly,Standard,1
18770,46,21,126.34,14,1,0,6.47,Monthly,Basic,1
18771,65,50,77.27,21,3,1,19.11,Monthly,Standard,1
18772,34,52,87.12,13,5,0,77.44,Monthly,Standard,1
18773,24,9,57.9,22,1,1,29.31,Yearly,Basic,0
18774,30,20,129.06,16,5,0,89.37,Monthly,Standard,1
18775,19,18,87.9,30,1,1,83.68,Monthly,Standard,0
18776,21,30,91.83,4,0,1,24.46,Monthly,Standard,1
18777,27,65,134.49,29,2,1,69.65,Yearly,Standard,0
18778,56,24,139.67,27,2,0,44.79,Two Year,Basic,0
18779,41,47,127.15,6,4,2,22.28,Yearly,Basic,0
18780,34,44,28.5,9,1,1,59.42,Yearly,Standard,0
18781,69,29,77.66,1,6,0,83.9,Yearly,Premium,0
18782,23,68,64.63,22,1,0,92.75,Monthly,Premium,0
18783,36,17,47.76,17,1,1,6.81,Monthly,Standard,1
18784,22,5,138.16,28,3,1,42.45,Two Year,Basic,1
18785,49,50,135.71,23,3,0,60.84,Two Year,Standard,0
18786,27,40,80.49,4,3,0,34.46,Yearly,Basic,0
18787,26,46,37.49,6,3,0,32.45,Monthly,Premium,0
18788,44,51,21.74,16,1,0,77.42,Two Year,Standard,1
18789,30,11,77.0,7,3,0,78.47,Monthly,Standard,0
18790,36,12,25.19,29,1,0,73.16,Two Year,Basic,1
18791,38,13,99.24,27,4,0,89.95,Monthly,Basic,0
18792,41,64,99.09,5,0,0,49.98,Monthly,Premium,0
18793,55,8,136.86,9,1,0,78.99,Two Year,Premium,0
18794,21,65,44.71,24,1,1,2.11,Yearly,Standard,0
18795,41,9,68.28,19,0,0,98.76,Monthly,Standard,1
18796,52,2,131.74,1,2,0,92.0,Monthly,Basic,0
18797,20,13,81.66,27,1,0,84.29,Two Year,Premium,1
18798,21,2,27.76,30,4,0,59.19,Monthly,Premium,0
18799,54,68,34.4,26,0,1,54.87,Monthly,Standard,0
18800,57,48,125.75,8,3,0,15.86,Yearly,Premium,0
18801,65,3,116.68,20,9,0,6.34,Yearly,Basic,0
18802,52,68,133.86,23,3,0,26.33,Two Year,Basic,1
18803,48,6,35.45,4,0,0,15.95,Monthly,Basic,1
18804,61,5,118.85,23,3,0,56.52,Yearly,Premium,0
18805,42,3,105.16,30,0,0,33.92,Monthly,Basic,0
18806,57,10,50.2,17,2,0,39.4,Two Year,Standard,0
18807,30,43,146.61,1,4,0,3.61,Monthly,Premium,0
18808,21,19,94.15,2,3,1,55.31,Monthly,Premium,0
18809,63,14,137.89,21,4,0,65.96,Monthly,Basic,0
18810,31,21,131.68,27,1,0,34.11,Yearly,Premium,0
18811,30,43,63.31,14,2,0,13.99,Monthly,Standard,0
18812,44,28,89.67,26,5,0,70.67,Monthly,Standard,0
18813,23,21,76.08,22,1,1,13.77,Monthly,Premium,1
18814,34,36,112.18,2,2,1,81.87,Two Year,Premium,0
18815,53,24,96.45,1,0,0,55.06,Yearly,Premium,0
18816,57,54,122.03,25,1,1,24.51,Monthly,Premium,0
18817,66,38,21.53,13,2,0,89.97,Monthly,Premium,0
18818,52,17,109.41,23,2,2,15.04,Two Year,Standard,0
18819,34,22,61.48,8,4,0,60.52,Yearly,Standard,0
18820,58,45,49.15,30,0,0,62.13,Monthly,Standard,0
18821,19,61,124.16,22,5,0,4.69,Monthly,Premium,0
18822,30,11,31.6,29,1,1,61.36,Monthly,Standard,0
18823,69,61,49.7,9,0,0,69.73,Monthly,Standard,0
18824,19,38,46.49,24,1,1,91.1,Yearly,Premium,0
18825,69,66,74.58,20,0,1,71.18,Monthly,Basic,0
18826,45,33,61.9,21,1,0,48.96,Two Year,Standard,0
18827,60,43,113.66,2,1,2,85.48,Monthly,Premium,0
18828,43,31,110.92,17,5,0,36.02,Monthly,Premium,0
18829,39,35,62.31,30,2,0,85.7,Monthly,Standard,0
18830,64,37,76.81,6,2,0,84.55,Monthly,Basic,0
18831,60,47,47.03,3,0,0,60.76,Two Year,Standard,0
18832,20,23,107.21,27,2,0,35.12,Two Year,Premium,0
18833,52,36,71.51,20,1,0,59.53,Monthly,Premium,0
18834,29,40,37.27,30,1,0,90.68,Yearly,Premium,0
18835,41,15,36.54,17,5,0,64.02,Yearly,Premium,0
18836,22,37,61.9,6,3,0,84.16,Monthly,Premium,0
18837,37,4,117.15,8,2,1,35.12,Monthly,Premium,0
18838,56,22,23.32,14,4,1,29.94,Monthly,Premium,0
18839,56,22,53.51,10,0,0,26.33,Monthly,Standard,0
18840,30,17,41.12,20,3,0,49.63,Monthly,Basic,0
18841,58,38,144.34,10,1,0,43.77,Monthly,Basic,0
18842,62,24,111.69,15,4,0,85.57,Monthly,Basic,0
18843,29,6,50.32,8,1,0,12.15,Two Year,Premium,1
18844,30,68,46.97,11,4,0,55.85,Monthly,Basic,0
18845,27,6,131.54,16,2,0,40.94,Yearly,Premium,1
18846,50,26,44.73,26,3,1,93.82,Yearly,Standard,0
18847,57,41,149.62,3,2,1,79.05,Yearly,Standard,0
18848,33,38,56.7,15,1,1,43.9,Monthly,Premium,0
18849,62,43,30.96,13,1,0,64.42,Two Year,Basic,0
18850,52,53,109.82,11,2,0,74.81,Monthly,Premium,0
18851,20,15,99.25,14,0,0,8.04,Two Year,Premium,0
18852,22,56,149.98,7,1,0,67.7,Monthly,Premium,0
18853,43,56,124.27,19,0,0,14.81,Monthly,Standard,0
18854,28,31,75.75,15,1,0,19.71,Yearly,Basic,1
18855,24,57,107.96,6,4,1,46.66,Yearly,Standard,0
18856,27,51,126.32,20,3,1,97.97,Yearly,Basic,0
18857,59,24,86.78,22,0,0,95.26,Yearly,Standard,0
18858,69,58,55.47,7,2,0,90.32,Yearly,Premium,0
18859,51,4,47.31,24,3,0,4.4,Monthly,Basic,0
18860,20,10,58.39,14,1,1,85.43,Two Year,Standard,0
18861,25,63,130.25,22,0,0,77.84,Yearly,Standard,0
18862,48,15,69.46,4,3,2,50.38,Monthly,Basic,1
18863,28,63,57.27,9,1,1,33.22,Monthly,Standard,0
18864,62,19,124.77,7,1,0,75.8,Yearly,Premium,1
18865,24,63,24.15,25,3,2,11.6,Monthly,Standard,0
18866,62,56,97.21,15,0,0,65.39,Two Year,Premium,0
18867,19,21,133.57,3,4,0,67.52,Yearly,Basic,0
18868,23,34,73.31,5,1,1,55.82,Monthly,Basic,1
18869,58,17,55.01,17,4,1,87.9,Two Year,Premium,0
18870,49,18,83.92,27,3,0,33.66,Two Year,Basic,0
18871,37,66,113.27,28,2,0,48.34,Two Year,Basic,0
18872,51,51,87.16,24,2,1,76.11,Monthly,Standard,0
18873,67,65,20.99,1,1,0,71.95,Yearly,Standard,0
18874,33,43,30.18,1,0,0,56.68,Monthly,Premium,0
18875,42,57,113.77,30,1,0,27.94,Yearly,Basic,0
18876,29,10,71.99,16,1,1,30.13,Monthly,Standard,0
18877,24,37,122.02,23,3,1,74.38,Monthly,Premium,0
18878,56,48,104.43,14,0,0,1.57,Monthly,Basic,0
18879,34,69,95.6,11,2,3,65.62,Yearly,Standard,0
18880,62,56,137.18,14,2,0,25.58,Two Year,Premium,1
18881,28,36,22.77,8,4,4,67.63,Monthly,Basic,0
18882,23,31,40.15,19,2,0,19.51,Yearly,Premium,0
18883,40,55,101.17,2,0,1,38.27,Monthly,Basic,0
18884,44,38,28.56,23,2,1,75.63,Monthly,Premium,0
18885,63,15,103.85,10,2,0,75.76,Monthly,Standard,0
18886,23,16,147.94,5,4,0,21.76,Yearly,Premium,0
18887,55,53,134.25,15,2,0,38.25,Yearly,Basic,1
18888,19,56,96.82,1,1,1,50.75,Monthly,Basic,0
18889,39,7,136.22,2,4,0,59.15,Yearly,Premium,1
18890,37,57,35.11,19,4,1,74.5,Yearly,Standard,0
18891,42,55,79.11,22,2,0,3.34,Monthly,Basic,1
18892,32,52,75.73,30,0,0,12.42,Yearly,Premium,0
18893,66,4,63.74,17,3,2,16.61,Two Year,Premium,1
18894,46,43,20.03,15,2,0,19.88,Monthly,Premium,0
18895,25,40,135.83,24,1,1,4.0,Two Year,Standard,0
18896,54,30,121.1,18,2,0,92.13,Monthly,Premium,0
18897,66,10,104.87,21,1,1,17.06,Monthly,Premium,0
18898,69,7,36.77,8,3,0,8.29,Two Year,Standard,0
18899,50,36,69.17,29,1,0,47.7,Two Year,Premium,1
18900,39,35,140.16,21,1,1,94.18,Monthly,Basic,0
18901,67,39,100.2,29,4,0,96.47,Monthly,Premium,0
18902,64,36,98.44,14,0,0,67.96,Monthly,Premium,0
18903,22,20,138.71,8,5,1,18.66,Monthly,Basic,1
18904,56,49,92.78,30,4,0,1.38,Monthly,Premium,0
18905,35,59,97.69,22,1,0,34.17,Monthly,Premium,0
18906,55,49,64.94,23,4,1,13.42,Yearly,Basic,0
18907,54,26,68.29,8,0,0,75.75,Yearly,Premium,0
18908,47,36,109.13,19,1,0,96.94,Yearly,Basic,1
18909,68,43,61.66,13,1,1,9.29,Monthly,Premium,1
18910,48,43,92.68,28,2,0,40.3,Yearly,Basic,0
18911,27,33,56.3,30,0,1,90.34,Two Year,Basic,0
18912,32,45,41.6,5,5,1,73.1,Two Year,Premium,0
18913,59,45,79.07,10,4,0,87.11,Yearly,Standard,0
18914,65,15,48.27,7,0,0,92.37,Monthly,Basic,0
18915,61,17,136.8,9,1,1,41.85,Monthly,Basic,0
18916,35,12,59.47,14,0,1,69.67,Monthly,Basic,0
18917,40,22,97.66,6,1,1,71.22,Yearly,Premium,0
18918,50,23,54.25,10,3,1,63.45,Two Year,Premium,0
18919,33,12,53.54,1,3,0,33.25,Two Year,Premium,0
18920,55,68,65.58,11,2,0,83.38,Monthly,Basic,0
18921,52,51,139.06,8,3,0,77.12,Monthly,Standard,0
18922,51,13,70.89,6,2,0,45.08,Monthly,Premium,1
18923,45,57,126.76,17,0,0,42.68,Monthly,Standard,0
18924,19,55,45.65,4,2,0,2.07,Monthly,Premium,0
18925,47,28,26.26,6,0,0,84.5,Monthly,Basic,0
18926,30,44,121.62,29,2,0,29.11,Monthly,Premium,0
18927,58,19,90.44,15,2,0,47.61,Two Year,Basic,0
18928,33,46,85.48,10,1,0,41.72,Yearly,Standard,0
18929,22,3,55.39,17,3,2,68.14,Monthly,Premium,0
18930,45,20,29.4,10,1,1,39.62,Two Year,Premium,1
18931,56,25,82.77,5,1,1,18.79,Monthly,Premium,1
18932,62,56,132.74,19,2,0,86.99,Monthly,Premium,0
18933,37,61,35.6,7,0,3,19.17,Monthly,Basic,0
18934,41,55,140.79,29,1,1,3.81,Two Year,Standard,0
18935,44,35,55.71,24,2,0,20.43,Two Year,Premium,0
18936,47,59,89.18,19,1,0,46.06,Yearly,Standard,0
18937,62,39,28.65,10,1,0,42.9,Monthly,Standard,0
18938,44,57,75.26,19,2,0,79.84,Two Year,Standard,0
18939,43,67,36.37,30,4,1,20.3,Monthly,Standard,0
18940,24,34,26.24,11,3,1,77.79,Monthly,Premium,1
18941,59,41,145.65,3,1,2,10.54,Yearly,Premium,0
18942,64,22,114.91,30,1,1,47.89,Yearly,Premium,1
18943,55,27,113.48,11,4,1,86.67,Yearly,Premium,0
18944,22,21,31.77,6,1,1,41.88,Two Year,Standard,0
18945,40,41,140.82,6,3,1,96.36,Monthly,Standard,0
18946,45,31,81.03,15,1,0,63.47,Yearly,Basic,0
18947,51,27,130.8,3,0,0,75.91,Two Year,Basic,0
18948,32,37,21.64,22,4,1,51.48,Monthly,Standard,0
18949,49,66,58.77,25,1,0,43.55,Two Year,Basic,0
18950,43,54,149.49,11,2,0,9.38,Yearly,Standard,0
18951,65,9,75.62,8,0,1,12.87,Monthly,Basic,1
18952,48,42,135.5,27,3,0,57.6,Yearly,Basic,0
18953,36,36,62.64,29,3,0,61.75,Two Year,Basic,0
18954,26,10,88.29,29,1,0,98.49,Two Year,Basic,1
18955,46,59,131.05,23,0,1,85.92,Monthly,Standard,0
18956,68,40,98.76,23,0,0,84.6,Two Year,Basic,0
18957,56,54,114.28,8,1,2,29.37,Monthly,Standard,0
18958,21,39,49.75,23,4,0,41.77,Monthly,Basic,0
18959,20,7,40.27,29,1,0,11.11,Yearly,Basic,0
18960,46,4,49.94,16,4,1,58.57,Monthly,Basic,1
18961,69,15,84.1,3,2,1,7.88,Monthly,Standard,1
18962,28,48,124.13,8,1,0,45.24,Monthly,Premium,0
18963,50,6,66.02,8,1,1,57.05,Yearly,Standard,0
18964,55,35,93.43,13,5,0,23.59,Monthly,Premium,1
18965,28,71,124.63,1,1,0,77.77,Monthly,Premium,0
18966,44,68,51.04,10,4,0,67.81,Monthly,Standard,0
18967,50,58,134.79,5,1,0,15.64,Monthly,Basic,0
18968,38,19,143.9,30,0,1,98.38,Yearly,Basic,0
18969,56,62,25.07,5,1,0,54.66,Yearly,Standard,0
18970,48,71,27.68,17,5,0,3.62,Two Year,Premium,0
18971,55,10,31.82,22,3,1,35.66,Monthly,Standard,0
18972,63,25,120.98,14,2,0,97.95,Monthly,Basic,1
18973,19,44,44.61,6,0,0,90.33,Monthly,Premium,0
18974,44,58,114.34,14,1,0,15.97,Yearly,Premium,1
18975,53,25,77.37,12,4,0,85.65,Monthly,Premium,0
18976,28,40,128.71,20,1,1,62.22,Monthly,Standard,0
18977,64,70,125.11,22,2,1,3.15,Yearly,Standard,0
18978,35,10,144.76,30,1,0,75.99,Yearly,Premium,1
18979,18,66,52.63,22,0,1,41.87,Monthly,Basic,0
18980,52,25,49.8,1,0,1,40.22,Monthly,Premium,0
18981,52,71,24.1,5,1,2,38.9,Yearly,Basic,0
18982,48,11,73.35,18,0,0,60.06,Monthly,Standard,0
18983,45,36,79.68,14,6,0,71.71,Monthly,Standard,1
18984,56,49,145.39,7,2,0,65.12,Yearly,Basic,0
18985,18,48,128.0,29,2,1,24.93,Monthly,Basic,0
18986,42,7,41.68,25,0,1,70.97,Two Year,Standard,0
18987,60,51,123.8,15,5,0,14.42,Monthly,Standard,0
18988,55,17,43.18,9,1,1,97.16,Yearly,Standard,0
18989,37,32,30.11,30,3,0,47.89,Monthly,Standard,1
18990,20,26,128.82,15,3,0,10.04,Yearly,Basic,0
18991,68,22,146.87,27,3,0,58.09,Monthly,Premium,0
18992,19,13,31.46,16,3,0,58.12,Yearly,Standard,0
18993,35,12,125.81,9,1,1,4.84,Monthly,Basic,1
18994,61,71,131.7,27,3,1,2.08,Monthly,Standard,0
18995,27,1,35.44,7,1,0,99.61,Yearly,Premium,0
18996,22,33,56.82,7,1,0,39.62,Yearly,Basic,1
18997,26,14,115.38,17,2,0,25.3,Monthly,Standard,0
18998,19,64,125.0,11,5,2,55.22,Monthly,Premium,1
18999,51,43,66.02,27,1,0,1.83,Monthly,Basic,0
19000,55,58,40.79,6,0,1,2.28,Two Year,Basic,0
19001,48,41,104.28,14,1,1,12.17,Two Year,Premium,0
19002,27,68,111.26,15,1,0,80.45,Monthly,Premium,0
19003,67,39,85.47,21,6,0,25.58,Monthly,Standard,0
19004,29,1,38.84,8,2,1,50.84,Yearly,Standard,0
19005,53,41,129.78,24,2,0,23.14,Monthly,Premium,1
19006,38,45,103.88,27,0,0,54.94,Yearly,Premium,0
19007,66,13,132.99,4,4,1,51.37,Yearly,Standard,0
19008,64,71,141.29,1,4,1,40.67,Yearly,Premium,0
19009,23,9,124.74,6,4,1,43.89,Monthly,Basic,1
19010,65,63,144.63,26,3,0,65.68,Monthly,Premium,0
19011,66,23,144.05,1,4,0,84.37,Two Year,Premium,0
19012,20,54,100.51,21,1,1,32.62,Two Year,Premium,0
19013,27,47,114.66,5,3,1,53.68,Monthly,Standard,0
19014,22,39,110.92,19,4,1,85.56,Yearly,Basic,0
19015,63,26,100.75,5,1,0,17.62,Monthly,Basic,0
19016,43,1,22.52,22,1,2,97.98,Yearly,Premium,0
19017,38,14,66.27,5,2,2,75.31,Monthly,Standard,1
19018,62,65,33.01,17,2,0,37.25,Yearly,Standard,0
19019,43,69,59.03,28,2,0,38.14,Yearly,Premium,0
19020,55,67,28.91,12,1,0,21.33,Monthly,Premium,0
19021,61,49,139.6,7,2,0,27.52,Yearly,Standard,1
19022,43,50,78.67,15,1,1,59.12,Two Year,Standard,0
19023,25,58,44.62,19,2,1,1.37,Monthly,Basic,0
19024,22,53,96.02,23,2,0,3.29,Yearly,Premium,0
19025,32,57,45.54,21,2,0,98.66,Monthly,Standard,0
19026,33,18,124.58,13,4,1,24.32,Monthly,Standard,0
19027,18,16,59.77,12,3,0,83.13,Yearly,Basic,1
19028,33,2,60.94,19,1,0,61.63,Two Year,Basic,0
19029,54,13,133.09,13,4,1,45.15,Monthly,Premium,0
19030,20,45,92.7,27,0,1,73.49,Two Year,Basic,0
19031,69,43,135.35,6,1,2,5.95,Monthly,Premium,0
19032,64,54,73.68,1,2,1,75.85,Two Year,Basic,0
19033,48,31,64.71,6,2,0,85.84,Monthly,Premium,0
19034,30,9,85.81,13,4,1,28.74,Monthly,Premium,1
19035,33,48,27.99,13,1,0,30.86,Two Year,Premium,0
19036,60,18,40.05,13,1,0,11.2,Monthly,Standard,0
19037,38,11,48.54,20,1,0,85.73,Monthly,Premium,0
19038,19,62,126.17,4,3,0,80.98,Two Year,Standard,0
19039,44,19,115.39,5,6,0,43.1,Two Year,Basic,0
19040,55,24,45.13,13,3,2,38.39,Yearly,Standard,0
19041,43,13,55.98,9,2,0,43.33,Two Year,Standard,0
19042,55,46,142.75,17,3,0,42.61,Monthly,Standard,1
19043,63,53,31.15,3,2,0,43.53,Yearly,Basic,0
19044,42,29,91.17,27,1,1,15.43,Yearly,Premium,0
19045,28,36,87.86,20,2,0,2.33,Two Year,Premium,1
19046,25,71,114.34,18,0,2,76.48,Two Year,Basic,0
19047,25,17,53.99,25,2,0,35.03,Monthly,Premium,0
19048,50,48,141.52,27,1,0,49.6,Monthly,Premium,0
19049,24,24,73.38,15,1,0,31.44,Yearly,Premium,1
19050,55,54,57.14,23,1,1,38.78,Two Year,Premium,0
19051,38,1,63.79,1,1,1,8.41,Monthly,Basic,0
19052,25,67,65.33,9,0,1,37.66,Monthly,Premium,0
19053,68,6,45.86,6,2,0,46.85,Monthly,Premium,0
19054,38,55,140.65,18,2,0,83.45,Monthly,Standard,1
19055,37,38,42.73,1,3,0,32.9,Monthly,Standard,0
19056,25,33,134.77,22,3,0,9.77,Monthly,Premium,0
19057,63,8,72.64,7,3,0,76.16,Monthly,Standard,0
19058,48,20,55.01,10,3,0,38.19,Yearly,Premium,1
19059,67,55,45.81,6,3,0,91.62,Yearly,Premium,0
19060,46,48,85.56,7,3,0,95.94,Yearly,Standard,0
19061,65,56,107.0,6,3,0,87.31,Monthly,Premium,0
19062,26,10,136.77,8,4,0,23.44,Monthly,Standard,1
19063,32,52,104.82,2,0,1,26.13,Monthly,Basic,0
19064,47,50,82.88,9,0,0,79.62,Yearly,Standard,0
19065,43,34,24.35,25,1,1,45.16,Monthly,Basic,0
19066,27,36,139.01,27,1,0,30.48,Monthly,Standard,0
19067,46,61,137.31,9,3,1,30.1,Monthly,Basic,1
19068,33,16,69.23,7,2,0,58.17,Monthly,Premium,0
19069,53,18,23.77,9,5,2,89.61,Two Year,Premium,1
19070,37,71,115.34,17,3,0,62.27,Two Year,Standard,0
19071,62,47,122.92,3,1,0,62.41,Monthly,Premium,0
19072,54,32,90.52,16,0,0,74.95,Yearly,Standard,0
19073,39,43,72.37,16,2,0,76.27,Monthly,Premium,0
19074,24,40,130.65,2,0,0,91.04,Two Year,Premium,0
19075,40,65,45.03,11,6,0,17.05,Two Year,Premium,0
19076,58,35,77.14,16,5,1,98.48,Monthly,Premium,1
19077,57,69,23.18,15,3,0,33.55,Yearly,Standard,0
19078,46,50,41.32,1,2,1,28.88,Monthly,Premium,0
19079,33,12,142.31,21,4,1,51.47,Yearly,Standard,1
19080,55,58,95.15,17,4,0,27.17,Monthly,Basic,0
19081,45,63,124.73,3,0,1,24.06,Monthly,Premium,0
19082,65,49,83.25,22,1,0,96.71,Two Year,Premium,0
19083,55,36,128.53,22,2,1,11.3,Monthly,Basic,1
19084,48,54,90.06,19,1,0,99.0,Monthly,Standard,0
19085,31,47,20.59,20,1,2,62.63,Two Year,Standard,0
19086,50,32,136.96,7,2,0,95.9,Monthly,Standard,0
19087,26,53,39.31,22,3,0,89.84,Two Year,Standard,0
19088,44,32,78.57,29,1,0,65.19,Monthly,Premium,0
19089,41,62,81.97,11,2,0,59.39,Two Year,Basic,1
19090,30,37,26.14,30,1,0,99.27,Monthly,Basic,0
19091,43,38,26.9,30,4,0,52.01,Yearly,Basic,0
19092,46,30,119.13,18,1,1,18.7,Two Year,Basic,0
19093,68,58,59.06,25,2,2,99.3,Two Year,Basic,0
19094,66,32,73.25,14,1,0,33.03,Monthly,Premium,0
19095,60,66,93.33,16,0,1,9.65,Two Year,Premium,0
19096,45,51,68.54,6,1,0,71.97,Monthly,Standard,0
19097,45,11,120.75,2,0,0,45.16,Monthly,Premium,0
19098,25,59,134.98,23,1,0,39.41,Yearly,Standard,0
19099,40,20,27.76,11,4,0,63.53,Yearly,Premium,0
19100,46,37,102.6,11,0,0,6.23,Monthly,Premium,0
19101,22,49,61.3,26,2,0,70.12,Monthly,Basic,1
19102,59,19,95.83,10,3,1,50.84,Two Year,Standard,0
19103,24,55,82.91,4,2,0,49.53,Two Year,Standard,0
19104,59,40,63.38,17,1,0,90.1,Yearly,Standard,0
19105,53,7,32.33,10,2,2,83.29,Two Year,Standard,0
19106,58,5,92.73,9,3,2,53.63,Two Year,Standard,1
19107,44,42,34.66,30,1,3,58.26,Monthly,Premium,0
19108,63,48,40.3,13,2,0,80.89,Monthly,Basic,1
19109,19,7,147.68,11,4,1,41.72,Two Year,Premium,1
19110,42,11,61.17,10,1,0,67.45,Yearly,Premium,0
19111,26,49,95.98,24,0,2,54.54,Two Year,Premium,0
19112,44,30,55.39,5,7,0,50.46,Yearly,Basic,0
19113,18,41,132.52,3,2,0,98.49,Yearly,Standard,0
19114,40,3,56.83,4,1,1,2.73,Two Year,Basic,0
19115,27,40,67.7,3,1,2,42.05,Yearly,Standard,0
19116,59,51,99.09,10,2,0,93.09,Monthly,Standard,1
19117,69,32,133.1,24,3,0,92.89,Yearly,Basic,0
19118,42,48,126.11,13,4,1,75.02,Yearly,Basic,0
19119,20,71,54.3,5,3,1,59.6,Monthly,Standard,1
19120,23,71,127.84,13,2,0,69.39,Monthly,Premium,0
19121,23,20,111.16,27,6,0,26.04,Yearly,Standard,0
19122,19,35,148.68,24,4,1,49.35,Monthly,Basic,0
19123,35,24,141.61,1,1,0,54.07,Monthly,Basic,0
19124,40,40,89.31,25,3,1,7.31,Yearly,Premium,0
19125,19,52,117.49,11,1,0,86.76,Yearly,Premium,0
19126,29,39,94.12,26,1,1,46.21,Yearly,Standard,0
19127,39,68,97.35,3,3,2,89.99,Yearly,Standard,1
19128,54,61,33.2,17,2,2,39.61,Two Year,Standard,0
19129,37,65,20.29,19,1,0,41.48,Yearly,Standard,0
19130,56,62,26.26,13,2,1,25.18,Monthly,Standard,0
19131,41,2,145.66,16,6,0,64.79,Monthly,Standard,0
19132,65,6,36.41,18,1,0,55.3,Monthly,Premium,0
19133,37,43,25.77,23,3,0,91.38,Yearly,Standard,0
19134,18,40,60.25,26,1,0,43.49,Two Year,Premium,0
19135,18,39,96.46,20,2,2,65.16,Two Year,Basic,0
19136,34,28,143.3,23,0,0,71.05,Monthly,Premium,0
19137,18,63,110.99,19,1,3,32.67,Yearly,Standard,0
19138,69,64,55.93,30,2,0,88.2,Yearly,Premium,0
19139,62,12,142.08,6,2,3,38.7,Yearly,Standard,0
19140,47,41,24.69,23,2,0,64.1,Two Year,Premium,1
19141,58,29,147.28,7,1,0,61.97,Monthly,Premium,0
19142,64,23,27.62,15,2,0,42.72,Yearly,Standard,1
19143,20,51,118.0,30,2,0,19.15,Monthly,Premium,0
19144,63,45,25.89,5,2,1,59.66,Monthly,Standard,0
19145,28,22,141.1,16,0,0,38.18,Two Year,Standard,0
19146,41,10,34.13,6,3,0,38.53,Yearly,Basic,0
19147,39,7,26.56,3,2,1,49.8,Yearly,Standard,0
19148,61,15,135.6,12,2,2,68.05,Two Year,Basic,1
19149,62,46,32.45,4,3,0,73.23,Two Year,Basic,0
19150,43,61,123.73,27,1,1,43.28,Monthly,Premium,0
19151,30,61,117.11,22,1,0,12.87,Yearly,Basic,0
19152,18,51,97.85,3,2,0,79.38,Yearly,Basic,0
19153,41,38,69.14,16,3,0,67.27,Yearly,Standard,0
19154,27,12,139.03,16,1,1,80.27,Monthly,Basic,1
19155,52,66,133.24,23,3,2,32.27,Yearly,Premium,0
19156,41,54,75.41,19,3,0,91.0,Monthly,Premium,0
19157,45,39,50.12,15,1,0,27.01,Monthly,Premium,0
19158,53,39,55.43,9,1,0,29.69,Yearly,Premium,0
19159,33,30,48.64,20,2,0,54.1,Monthly,Premium,0
19160,57,48,90.36,2,0,0,99.74,Monthly,Basic,0
19161,33,31,132.91,6,3,0,21.01,Monthly,Basic,0
19162,34,25,120.57,14,1,0,84.01,Two Year,Standard,0
19163,68,68,123.42,9,3,0,1.23,Two Year,Premium,1
19164,32,51,78.28,29,2,1,24.51,Two Year,Premium,0
19165,33,13,61.92,10,1,1,35.27,Monthly,Basic,1
19166,32,63,118.46,26,4,0,65.21,Monthly,Basic,0
19167,51,42,123.13,18,2,1,12.26,Yearly,Standard,0
19168,28,54,110.4,15,2,2,13.74,Two Year,Premium,0
19169,18,67,24.17,4,2,0,15.49,Monthly,Premium,0
19170,32,56,96.66,5,2,2,66.59,Monthly,Basic,0
19171,43,19,65.12,25,3,1,12.35,Monthly,Standard,1
19172,68,46,45.51,23,4,2,40.42,Monthly,Standard,1
19173,21,15,110.27,21,2,2,16.51,Monthly,Premium,0
19174,60,32,54.91,6,2,0,38.82,Monthly,Standard,0
19175,22,49,138.67,25,4,0,71.69,Monthly,Basic,0
19176,52,21,58.75,15,2,0,28.49,Two Year,Standard,0
19177,30,65,92.17,20,1,1,62.15,Monthly,Premium,1
19178,27,70,127.61,30,1,1,25.6,Two Year,Basic,0
19179,28,27,72.28,29,1,0,74.02,Monthly,Standard,0
19180,35,23,127.73,2,2,0,77.93,Yearly,Premium,1
19181,51,47,114.08,16,0,1,31.73,Two Year,Premium,0
19182,56,12,139.71,5,0,2,3.36,Monthly,Basic,0
19183,58,66,62.36,30,2,0,13.78,Monthly,Standard,0
19184,59,5,33.65,23,4,0,49.6,Two Year,Basic,1
19185,67,9,75.95,28,4,1,38.82,Monthly,Standard,1
19186,40,20,122.16,4,1,0,35.21,Two Year,Basic,0
19187,24,63,78.56,28,2,1,58.35,Monthly,Basic,0
19188,56,71,54.06,1,1,0,16.99,Monthly,Basic,0
19189,20,30,23.59,8,2,1,46.21,Two Year,Standard,0
19190,29,16,60.69,21,2,0,21.14,Two Year,Premium,0
19191,24,5,112.74,10,5,2,98.12,Monthly,Standard,1
19192,66,29,39.19,15,0,0,5.81,Yearly,Standard,0
19193,43,47,64.31,2,3,2,2.56,Monthly,Basic,1
19194,50,22,22.63,19,6,0,56.85,Monthly,Standard,0
19195,54,57,113.83,12,2,0,7.2,Monthly,Premium,0
19196,65,35,134.49,30,2,0,81.29,Monthly,Standard,0
19197,32,60,93.91,10,3,1,82.14,Monthly,Basic,1
19198,19,70,23.36,12,0,0,43.79,Monthly,Basic,0
19199,58,60,48.29,26,1,0,84.0,Yearly,Basic,0
19200,24,58,77.0,21,1,0,74.31,Yearly,Basic,0
19201,49,3,96.39,27,1,0,14.41,Yearly,Standard,0
19202,21,34,84.52,20,3,1,86.1,Monthly,Standard,0
19203,37,45,139.06,25,2,3,87.55,Monthly,Standard,0
19204,67,50,142.02,9,3,0,32.95,Yearly,Standard,0
19205,53,2,33.93,8,1,0,77.72,Monthly,Standard,1
19206,49,15,37.99,2,1,0,89.84,Monthly,Premium,0
19207,45,37,66.55,21,5,0,74.82,Yearly,Basic,0
19208,30,15,74.76,30,2,0,10.31,Monthly,Standard,0
19209,18,60,96.19,24,2,0,10.37,Monthly,Standard,0
19210,52,64,120.51,24,2,0,98.26,Yearly,Premium,0
19211,65,52,37.65,7,3,0,54.59,Two Year,Premium,0
19212,47,23,124.34,4,5,0,64.8,Two Year,Basic,0
19213,53,37,99.3,19,3,0,91.31,Monthly,Premium,1
19214,42,41,147.51,8,0,1,1.74,Monthly,Basic,1
19215,33,57,104.65,24,2,1,43.24,Yearly,Premium,0
19216,36,25,113.09,13,1,1,57.07,Monthly,Premium,0
19217,18,37,45.38,26,3,1,1.21,Two Year,Premium,0
19218,22,40,119.95,21,2,1,62.82,Monthly,Standard,0
19219,68,46,30.3,3,0,1,85.24,Two Year,Premium,0
19220,39,60,105.35,5,2,0,6.44,Two Year,Standard,0
19221,41,19,27.22,20,1,0,80.62,Yearly,Basic,0
19222,60,9,34.98,8,2,1,97.78,Monthly,Premium,0
19223,62,69,34.02,2,0,0,92.11,Yearly,Standard,0
19224,69,5,26.82,27,1,1,54.16,Monthly,Basic,0
19225,54,26,61.75,24,1,0,86.19,Two Year,Basic,0
19226,53,19,149.27,10,1,1,77.29,Monthly,Standard,0
19227,53,30,65.27,22,0,1,81.95,Monthly,Basic,0
19228,21,48,118.9,16,3,0,40.41,Yearly,Standard,0
19229,53,16,37.2,4,2,0,48.09,Monthly,Premium,1
19230,69,71,79.08,27,2,2,24.67,Yearly,Basic,0
19231,35,18,44.07,30,3,0,6.11,Monthly,Standard,1
19232,67,56,44.97,14,2,2,60.13,Yearly,Standard,0
19233,33,21,32.96,30,3,0,31.65,Monthly,Basic,0
19234,58,31,76.17,3,1,1,50.77,Monthly,Standard,0
19235,35,1,29.82,10,1,0,96.31,Yearly,Premium,1
19236,39,3,138.28,13,2,0,7.25,Yearly,Premium,0
19237,19,25,78.23,5,3,1,87.48,Monthly,Standard,0
19238,38,8,129.01,22,0,0,9.59,Monthly,Standard,0
19239,53,65,147.33,17,2,0,65.7,Yearly,Basic,1
19240,61,62,108.11,17,1,0,34.98,Monthly,Premium,0
19241,56,7,137.2,11,1,0,10.91,Yearly,Premium,0
19242,64,7,37.6,26,1,1,75.94,Monthly,Standard,1
19243,56,8,127.9,19,3,0,70.16,Two Year,Standard,0
19244,46,19,55.26,18,1,0,64.39,Monthly,Standard,0
19245,43,17,81.44,28,1,0,96.52,Yearly,Standard,0
19246,38,11,104.06,17,1,0,3.34,Yearly,Basic,0
19247,34,49,137.46,11,2,1,44.03,Yearly,Standard,1
19248,33,11,138.43,15,0,2,56.7,Two Year,Standard,0
19249,48,41,31.97,8,2,0,36.41,Two Year,Premium,0
19250,68,62,67.39,12,5,0,67.28,Monthly,Standard,0
19251,26,52,123.11,29,1,0,90.02,Two Year,Premium,0
19252,48,66,111.41,17,2,0,70.0,Monthly,Standard,0
19253,31,68,23.43,26,4,1,57.37,Monthly,Basic,0
19254,66,67,78.49,30,0,0,74.05,Yearly,Premium,0
19255,54,40,127.8,24,4,0,11.85,Two Year,Standard,1
19256,19,5,115.9,5,2,0,63.37,Yearly,Standard,1
19257,69,22,73.54,29,2,0,41.32,Two Year,Standard,1
19258,65,37,115.57,4,0,0,32.56,Two Year,Standard,0
19259,63,11,91.66,24,1,0,51.2,Yearly,Premium,0
19260,31,44,138.64,24,3,0,80.67,Monthly,Standard,0
19261,50,53,96.33,11,3,0,41.84,Monthly,Standard,0
19262,52,61,72.1,30,2,0,70.54,Monthly,Standard,0
19263,56,67,132.18,8,0,1,59.3,Yearly,Premium,0
19264,64,13,26.48,16,4,2,91.7,Monthly,Basic,0
19265,68,11,137.07,16,1,0,45.04,Monthly,Basic,0
19266,37,11,110.53,3,4,1,82.17,Monthly,Standard,0
19267,19,7,142.28,12,2,1,84.36,Two Year,Standard,0
19268,68,17,52.57,24,0,1,46.95,Monthly,Basic,0
19269,58,48,110.34,13,2,2,49.37,Monthly,Basic,0
19270,36,14,125.23,1,3,1,34.01,Yearly,Basic,0
19271,54,63,111.27,29,0,0,50.06,Two Year,Basic,0
19272,35,64,47.34,4,3,0,25.68,Yearly,Premium,0
19273,33,65,55.83,21,2,1,85.97,Monthly,Standard,0
19274,21,34,93.68,6,2,1,25.74,Monthly,Basic,1
19275,29,9,78.08,5,1,0,26.5,Yearly,Premium,1
19276,46,37,115.57,5,5,1,89.67,Monthly,Premium,1
19277,24,30,69.23,21,2,0,53.68,Yearly,Premium,0
19278,31,41,131.73,25,0,0,11.41,Monthly,Basic,0
19279,29,45,76.15,10,4,0,35.23,Yearly,Premium,1
19280,52,47,25.21,26,2,1,70.83,Yearly,Standard,0
19281,22,7,22.26,19,6,0,41.17,Yearly,Standard,0
19282,34,14,104.08,18,2,2,42.89,Two Year,Premium,0
19283,59,48,90.27,26,2,0,50.37,Yearly,Basic,0
19284,49,6,90.56,2,4,0,23.03,Monthly,Basic,0
19285,27,34,122.7,16,0,0,42.98,Two Year,Basic,0
19286,60,46,68.84,15,2,0,22.32,Yearly,Standard,1
19287,34,59,149.41,24,1,0,35.72,Monthly,Premium,0
19288,22,70,142.92,5,1,0,53.7,Yearly,Standard,0
19289,62,8,21.69,21,1,2,69.68,Monthly,Standard,1
19290,59,24,136.45,22,4,0,63.76,Monthly,Premium,0
19291,26,67,108.47,9,3,1,57.98,Yearly,Basic,0
19292,66,4,85.27,23,1,0,59.96,Monthly,Basic,0
19293,50,1,95.76,5,1,0,51.58,Two Year,Standard,0
19294,53,34,129.44,5,3,0,61.85,Yearly,Basic,0
19295,53,9,143.63,26,2,2,38.18,Yearly,Basic,1
19296,35,63,92.84,9,1,0,90.05,Monthly,Standard,0
19297,26,10,43.57,9,1,2,59.47,Yearly,Premium,0
19298,46,10,103.17,2,3,2,93.72,Yearly,Basic,0
19299,67,50,29.91,7,2,1,41.05,Monthly,Standard,0
19300,31,44,102.57,26,2,0,40.06,Monthly,Premium,0
19301,42,48,125.12,1,1,1,96.54,Monthly,Basic,0
19302,32,6,65.93,20,5,1,73.18,Yearly,Basic,0
19303,23,24,29.25,2,4,0,52.36,Yearly,Premium,0
19304,59,58,109.99,26,1,0,72.13,Two Year,Basic,0
19305,46,64,64.11,25,2,1,40.28,Yearly,Premium,0
19306,32,56,52.38,12,3,1,76.12,Monthly,Premium,0
19307,46,12,109.59,6,6,0,21.75,Monthly,Premium,0
19308,21,35,146.05,20,2,0,95.14,Monthly,Standard,0
19309,35,71,116.89,19,2,0,46.62,Monthly,Standard,0
19310,67,6,83.88,16,4,0,10.2,Yearly,Standard,0
19311,66,65,98.07,4,2,0,84.66,Two Year,Premium,0
19312,61,60,38.5,18,2,0,89.54,Yearly,Basic,0
19313,56,68,125.72,5,4,2,73.27,Monthly,Premium,0
19314,33,29,98.56,25,1,1,63.34,Monthly,Standard,1
19315,28,38,145.56,22,3,1,92.91,Monthly,Premium,0
19316,31,22,147.33,18,1,0,62.58,Monthly,Premium,1
19317,20,8,66.1,6,0,0,79.35,Monthly,Premium,0
19318,68,63,148.51,25,1,0,47.65,Yearly,Premium,1
19319,67,13,144.39,14,4,1,72.99,Two Year,Premium,0
19320,59,27,103.18,20,5,0,99.9,Monthly,Premium,0
19321,55,18,63.35,17,2,0,38.87,Monthly,Premium,0
19322,62,18,117.93,18,3,0,72.29,Monthly,Premium,0
19323,59,62,55.26,21,1,0,15.74,Monthly,Basic,0
19324,35,14,101.88,10,1,1,63.87,Yearly,Standard,0
19325,37,11,23.2,23,1,1,32.97,Yearly,Basic,0
19326,65,17,101.72,24,1,0,86.79,Two Year,Premium,0
19327,42,51,143.71,19,0,0,36.6,Monthly,Standard,0
19328,55,14,50.57,25,2,0,45.07,Two Year,Standard,0
19329,30,57,121.16,18,2,0,98.05,Two Year,Basic,0
19330,21,6,58.15,4,2,0,22.32,Monthly,Standard,0
19331,31,57,112.02,20,1,0,56.91,Monthly,Premium,0
19332,50,4,111.0,15,2,2,86.51,Yearly,Standard,1
19333,45,11,44.02,6,0,0,32.17,Yearly,Basic,0
19334,69,11,97.63,26,2,0,2.51,Monthly,Basic,1
19335,54,8,131.69,6,2,1,89.74,Monthly,Basic,1
19336,25,59,69.73,3,2,1,62.34,Yearly,Basic,1
19337,61,21,112.34,9,2,2,23.81,Yearly,Premium,0
19338,51,65,107.68,11,2,1,28.36,Monthly,Basic,0
19339,61,24,53.48,5,1,0,80.16,Yearly,Premium,0
19340,22,30,139.42,14,0,0,64.57,Yearly,Standard,0
19341,22,57,93.26,2,0,4,73.53,Monthly,Basic,0
19342,48,17,66.19,22,1,0,58.15,Monthly,Standard,0
19343,62,59,41.37,19,1,0,79.21,Monthly,Premium,0
19344,26,31,81.55,8,2,0,82.29,Monthly,Basic,1
19345,59,64,114.91,13,2,0,39.3,Monthly,Basic,0
19346,49,48,101.07,19,3,1,90.2,Yearly,Basic,0
19347,50,23,114.52,5,1,1,51.01,Monthly,Premium,1
19348,20,70,122.93,15,2,1,16.86,Monthly,Basic,0
19349,47,30,77.33,4,1,0,22.63,Monthly,Basic,1
19350,67,55,87.62,4,4,0,73.65,Monthly,Basic,0
19351,29,7,148.23,18,1,0,38.36,Monthly,Standard,0
19352,46,12,145.85,24,0,0,26.98,Monthly,Premium,0
19353,20,60,73.93,19,0,0,60.87,Monthly,Basic,0
19354,43,52,109.07,20,2,2,78.44,Monthly,Premium,0
19355,47,27,54.79,22,1,0,11.81,Yearly,Premium,1
19356,26,12,39.85,9,2,0,45.46,Monthly,Basic,0
19357,43,13,119.89,15,2,0,77.38,Yearly,Basic,0
19358,19,62,76.7,30,1,1,90.46,Monthly,Basic,0
19359,20,29,43.02,12,3,0,2.34,Monthly,Standard,1
19360,63,35,118.65,4,0,0,65.95,Two Year,Premium,1
19361,21,60,138.97,3,1,0,60.14,Monthly,Premium,0
19362,42,29,141.33,5,1,1,52.26,Yearly,Basic,0
19363,68,31,97.52,25,4,0,16.86,Monthly,Standard,0
19364,30,61,82.35,17,3,0,74.44,Monthly,Standard,0
19365,56,2,38.44,5,0,0,39.89,Yearly,Basic,0
19366,61,33,123.06,27,3,0,24.23,Monthly,Standard,0
19367,52,62,142.89,4,2,0,85.15,Monthly,Standard,0
19368,40,59,135.63,21,1,0,31.4,Yearly,Basic,0
19369,26,40,117.73,7,0,1,20.64,Monthly,Standard,1
19370,19,49,20.59,7,5,0,31.89,Monthly,Premium,0
19371,58,32,73.01,7,2,0,18.92,Monthly,Premium,1
19372,61,38,73.39,17,2,0,77.95,Monthly,Premium,0
19373,48,13,136.27,25,1,0,19.02,Yearly,Standard,0
19374,61,54,28.53,15,3,0,71.95,Yearly,Basic,0
19375,64,13,89.06,7,2,0,17.09,Monthly,Basic,0
19376,19,39,37.7,15,1,1,23.4,Monthly,Premium,0
19377,49,23,106.1,20,2,0,34.91,Two Year,Standard,0
19378,35,14,122.99,4,2,1,95.06,Monthly,Standard,0
19379,30,17,103.45,2,2,0,91.47,Monthly,Premium,0
19380,63,24,123.3,22,0,1,9.43,Yearly,Basic,1
19381,22,58,98.97,13,3,0,34.25,Monthly,Standard,0
19382,59,63,44.68,12,3,0,35.29,Monthly,Premium,0
19383,61,34,69.75,10,2,2,21.94,Monthly,Basic,0
19384,27,51,144.39,19,2,0,44.13,Yearly,Standard,0
19385,60,10,57.46,15,5,1,75.05,Monthly,Premium,0
19386,42,21,28.17,17,1,0,10.83,Two Year,Standard,0
19387,51,37,70.03,21,1,0,67.49,Monthly,Standard,0
19388,54,7,67.62,6,5,0,26.82,Yearly,Basic,0
19389,47,13,81.14,27,1,0,64.6,Monthly,Basic,1
19390,24,30,92.84,5,1,1,68.51,Yearly,Standard,0
19391,23,31,149.02,21,4,1,73.09,Monthly,Basic,1
19392,20,5,118.31,28,0,1,86.31,Monthly,Premium,0
19393,30,32,24.67,26,2,0,90.06,Monthly,Basic,0
19394,20,16,112.65,13,2,1,76.15,Monthly,Premium,1
19395,43,22,127.15,30,4,1,48.63,Two Year,Premium,0
19396,41,64,136.43,27,1,0,5.37,Two Year,Standard,0
19397,23,44,75.12,14,4,0,93.77,Two Year,Basic,0
19398,60,40,60.77,29,0,0,60.53,Two Year,Basic,0
19399,66,37,129.11,24,0,1,53.92,Yearly,Premium,0
19400,59,16,121.09,14,2,2,24.71,Monthly,Basic,0
19401,29,43,89.69,30,3,2,68.74,Monthly,Premium,0
19402,66,63,35.32,15,4,0,99.48,Two Year,Standard,0
19403,53,15,104.73,16,4,0,33.67,Monthly,Basic,0
19404,19,44,28.54,10,2,0,80.16,Monthly,Standard,0
19405,28,9,33.05,1,2,0,29.82,Monthly,Standard,0
19406,56,65,63.05,24,1,1,49.29,Monthly,Premium,0
19407,51,44,68.25,29,1,1,22.12,Yearly,Basic,1
19408,43,20,80.06,11,2,0,51.77,Yearly,Basic,0
19409,35,70,64.09,7,6,0,46.47,Two Year,Basic,0
19410,38,33,24.39,17,2,1,4.85,Monthly,Premium,1
19411,53,6,40.46,30,3,1,38.8,Monthly,Standard,1
19412,57,31,34.96,25,1,0,7.21,Yearly,Premium,0
19413,69,66,76.05,28,3,2,45.61,Monthly,Standard,0
19414,63,18,47.58,4,1,1,98.04,Monthly,Premium,0
19415,61,28,58.16,29,1,0,30.0,Yearly,Basic,0
19416,39,68,81.3,7,2,0,52.05,Monthly,Premium,0
19417,47,65,50.62,3,3,0,13.89,Monthly,Premium,0
19418,67,45,51.97,24,1,0,16.24,Monthly,Standard,0
19419,60,58,128.31,20,4,0,36.19,Monthly,Premium,0
19420,47,47,91.25,14,4,0,49.48,Yearly,Premium,0
19421,25,66,131.38,18,3,1,70.44,Monthly,Basic,0
19422,51,52,86.89,18,2,0,46.21,Yearly,Basic,0
19423,64,36,138.2,24,0,0,3.41,Two Year,Standard,0
19424,26,1,53.12,30,2,1,27.82,Two Year,Standard,0
19425,68,39,100.17,24,3,0,3.45,Monthly,Premium,0
19426,37,1,85.42,1,3,0,91.88,Yearly,Basic,0
19427,57,14,139.43,6,0,0,3.87,Yearly,Premium,0
19428,42,71,74.4,9,1,0,5.91,Monthly,Basic,0
19429,36,23,131.13,25,2,0,30.53,Monthly,Standard,0
19430,22,43,93.31,2,1,0,63.6,Two Year,Standard,0
19431,28,22,112.11,8,0,0,36.44,Yearly,Basic,1
19432,32,60,135.3,24,2,0,7.1,Yearly,Premium,1
19433,25,27,149.6,20,3,0,83.79,Monthly,Standard,0
19434,36,56,115.05,30,7,0,70.32,Monthly,Standard,0
19435,40,2,60.89,4,2,0,40.24,Monthly,Basic,0
19436,44,39,58.87,21,2,0,68.01,Yearly,Premium,0
19437,57,51,60.18,27,1,1,28.18,Monthly,Basic,0
19438,49,19,32.73,10,2,0,53.26,Monthly,Standard,1
19439,43,62,26.97,23,2,0,88.17,Monthly,Premium,0
19440,44,71,95.51,1,3,1,11.66,Two Year,Premium,0
19441,36,67,125.38,11,1,0,84.84,Yearly,Basic,0
19442,67,63,24.7,9,2,0,79.07,Monthly,Basic,0
19443,59,5,93.66,19,1,1,94.96,Monthly,Standard,0
19444,46,61,68.33,11,3,0,51.86,Monthly,Basic,0
19445,56,71,136.02,4,1,1,28.22,Monthly,Premium,0
19446,58,7,38.9,23,1,0,35.96,Monthly,Basic,1
19447,50,50,93.25,5,2,0,64.34,Two Year,Basic,0
19448,36,46,146.22,21,4,1,14.94,Two Year,Basic,0
19449,54,14,64.85,17,2,1,35.82,Two Year,Basic,0
19450,36,69,116.43,18,4,1,72.92,Monthly,Standard,0
19451,50,65,134.72,5,4,1,57.8,Monthly,Basic,0
19452,64,65,44.21,18,3,0,7.21,Yearly,Premium,0
19453,33,57,149.03,17,3,2,50.19,Yearly,Basic,0
19454,40,62,125.22,26,1,1,52.9,Monthly,Premium,0
19455,24,20,37.88,3,0,0,70.38,Monthly,Basic,1
19456,43,26,60.42,11,1,1,2.05,Monthly,Basic,0
19457,49,44,101.25,17,4,0,43.41,Yearly,Standard,0
19458,29,67,135.04,26,1,0,88.78,Monthly,Premium,0
19459,25,70,45.33,8,2,1,3.49,Monthly,Basic,1
19460,22,62,115.06,24,1,1,67.57,Yearly,Basic,0
19461,59,45,55.18,8,4,0,23.1,Monthly,Premium,0
19462,45,11,124.7,23,3,0,39.36,Yearly,Premium,1
19463,22,34,108.85,23,4,0,88.53,Monthly,Basic,0
19464,66,46,87.98,2,6,0,36.89,Monthly,Standard,0
19465,43,32,104.48,25,1,3,55.0,Monthly,Standard,0
19466,22,5,133.94,7,2,1,9.87,Two Year,Premium,0
19467,39,63,70.24,21,3,1,33.15,Monthly,Basic,0
19468,32,29,120.0,20,0,0,15.02,Yearly,Standard,0
19469,30,48,40.66,24,3,2,56.59,Two Year,Standard,0
19470,45,16,111.15,21,2,0,46.52,Monthly,Basic,0
19471,50,25,117.59,6,4,0,27.19,Monthly,Standard,0
19472,60,29,77.59,20,4,1,99.96,Two Year,Standard,0
19473,40,52,123.17,18,2,0,16.17,Monthly,Basic,0
19474,50,46,92.42,28,2,0,82.72,Two Year,Basic,0
19475,60,25,141.72,7,1,0,4.54,Yearly,Standard,0
19476,35,23,34.62,28,0,0,84.84,Monthly,Standard,0
19477,67,34,37.01,18,0,0,48.22,Monthly,Premium,0
19478,47,67,129.52,27,0,0,82.99,Yearly,Standard,0
19479,43,34,129.51,12,0,0,74.97,Yearly,Standard,0
19480,33,32,81.26,7,1,2,57.69,Monthly,Basic,0
19481,30,29,145.32,7,2,0,37.79,Yearly,Basic,0
19482,56,9,108.32,1,3,1,66.89,Monthly,Standard,0
19483,50,66,147.77,29,0,0,83.42,Monthly,Standard,0
19484,43,57,89.21,10,2,1,50.83,Monthly,Standard,0
19485,65,39,46.21,10,3,1,42.07,Monthly,Standard,0
19486,18,7,77.77,12,3,0,15.15,Yearly,Premium,0
19487,66,69,147.46,3,4,0,89.73,Monthly,Premium,0
19488,55,8,68.15,3,3,1,27.46,Monthly,Premium,0
19489,19,18,144.41,13,2,2,13.23,Yearly,Premium,0
19490,66,49,123.61,13,2,1,7.56,Yearly,Premium,0
19491,23,16,77.47,27,2,0,75.33,Monthly,Premium,0
19492,63,21,90.44,6,4,0,67.82,Yearly,Premium,0
19493,67,10,98.97,27,0,0,12.93,Yearly,Basic,0
19494,55,4,106.55,3,2,0,53.48,Monthly,Standard,1
19495,59,44,29.97,28,2,1,16.12,Monthly,Basic,0
19496,41,8,141.37,15,2,0,38.97,Two Year,Premium,0
19497,35,55,97.61,9,2,2,78.5,Yearly,Standard,0
19498,44,19,141.05,21,1,1,23.56,Monthly,Premium,0
19499,58,64,102.15,6,2,0,3.74,Yearly,Standard,0
19500,25,40,76.03,6,1,1,20.14,Yearly,Standard,0
19501,45,51,93.7,8,0,0,40.65,Monthly,Basic,0
19502,27,9,127.84,26,2,0,24.93,Two Year,Standard,0
19503,34,30,62.4,11,0,1,72.5,Yearly,Basic,0
19504,46,56,144.34,19,3,0,79.13,Monthly,Premium,0
19505,23,44,80.57,16,2,1,24.81,Two Year,Basic,0
19506,31,59,144.31,9,3,0,27.59,Monthly,Premium,0
19507,39,15,134.5,23,1,0,56.45,Yearly,Standard,0
19508,23,68,119.8,11,3,0,75.5,Yearly,Standard,0
19509,43,70,80.77,16,2,0,95.98,Yearly,Standard,0
19510,56,61,96.3,29,1,1,30.75,Monthly,Basic,1
19511,29,23,128.94,6,2,0,91.2,Monthly,Premium,0
19512,52,47,90.73,27,3,1,18.99,Monthly,Premium,0
19513,31,17,115.96,17,0,3,5.06,Monthly,Standard,0
19514,39,57,122.79,16,1,0,79.46,Two Year,Premium,0
19515,68,54,86.7,20,3,1,48.38,Monthly,Standard,0
19516,40,52,89.71,21,4,1,8.61,Monthly,Basic,0
19517,65,22,45.72,28,1,0,8.04,Monthly,Standard,0
19518,24,39,51.82,18,1,1,2.35,Yearly,Standard,0
19519,57,13,137.64,1,3,1,31.33,Monthly,Premium,0
19520,67,66,129.24,18,4,0,73.8,Monthly,Basic,0
19521,42,52,21.32,8,3,0,66.87,Monthly,Basic,0
19522,30,14,133.02,26,2,0,99.97,Yearly,Basic,0
19523,38,63,23.28,22,2,0,59.8,Monthly,Standard,0
19524,58,71,79.58,10,2,0,11.94,Two Year,Premium,0
19525,27,28,28.77,2,3,0,97.87,Monthly,Basic,0
19526,26,46,145.95,9,3,0,69.6,Yearly,Standard,0
19527,32,28,146.4,24,1,3,38.03,Yearly,Standard,0
19528,69,2,99.41,4,0,0,25.45,Two Year,Premium,0
19529,19,17,70.99,11,2,0,22.99,Two Year,Standard,0
19530,42,59,86.56,10,5,0,95.67,Yearly,Standard,1
19531,30,52,119.1,14,2,0,42.52,Monthly,Premium,0
19532,51,4,49.02,7,0,0,49.19,Two Year,Standard,0
19533,68,3,77.42,19,1,1,83.84,Monthly,Standard,0
19534,51,37,115.84,6,2,0,96.42,Yearly,Standard,0
19535,52,24,71.4,16,1,0,1.43,Monthly,Basic,0
19536,55,35,24.16,19,1,0,99.03,Yearly,Basic,0
19537,20,2,85.96,26,1,1,8.47,Yearly,Standard,0
19538,59,33,115.86,29,3,0,83.85,Monthly,Standard,0
19539,23,10,146.99,19,2,0,95.08,Monthly,Standard,0
19540,65,62,24.82,13,2,0,56.55,Yearly,Premium,0
19541,66,43,90.19,12,0,0,55.62,Yearly,Basic,0
19542,36,69,78.49,27,2,0,67.23,Yearly,Standard,0
19543,20,59,51.52,25,5,0,35.93,Monthly,Premium,0
19544,35,9,102.91,22,1,0,17.41,Yearly,Premium,1
19545,56,60,41.27,15,2,0,7.58,Two Year,Standard,0
19546,26,63,56.9,8,5,0,88.23,Two Year,Basic,0
19547,69,52,121.63,4,7,0,55.19,Monthly,Premium,0
19548,29,23,79.85,20,0,0,69.71,Two Year,Standard,0
19549,22,30,149.18,8,0,1,33.87,Yearly,Standard,1
19550,20,43,70.24,23,5,0,80.89,Yearly,Basic,0
19551,28,68,80.22,21,1,0,35.64,Monthly,Basic,0
19552,47,21,59.03,16,3,0,3.95,Yearly,Standard,0
19553,21,43,50.72,16,1,2,34.35,Monthly,Premium,0
19554,22,7,139.9,2,3,1,85.18,Yearly,Basic,0
19555,18,16,117.35,22,4,1,87.71,Yearly,Standard,0
19556,44,23,63.34,17,3,0,93.54,Yearly,Basic,0
19557,45,58,111.02,23,3,0,50.45,Monthly,Premium,0
19558,46,31,145.55,25,3,0,95.7,Monthly,Basic,0
19559,35,69,29.63,5,2,0,50.42,Yearly,Premium,0
19560,29,6,54.39,5,1,0,16.24,Yearly,Premium,1
19561,30,65,46.08,12,6,0,50.7,Monthly,Standard,0
19562,58,59,133.07,7,4,0,86.99,Monthly,Standard,0
19563,19,28,43.29,5,4,0,78.78,Monthly,Premium,0
19564,54,18,60.05,26,3,1,43.97,Yearly,Standard,0
19565,62,10,90.7,28,1,1,22.04,Two Year,Premium,1
19566,33,7,100.74,28,2,0,58.53,Yearly,Standard,0
19567,65,37,125.06,4,4,0,93.19,Two Year,Premium,0
19568,41,45,72.95,17,2,0,18.57,Monthly,Premium,1
19569,52,16,89.45,6,2,1,82.88,Two Year,Standard,0
19570,39,14,145.51,14,1,0,15.59,Yearly,Standard,0
19571,53,11,58.66,9,2,0,92.04,Yearly,Standard,0
19572,28,34,52.25,4,3,2,69.63,Monthly,Basic,0
19573,63,60,112.38,26,3,0,11.81,Monthly,Standard,0
19574,46,13,120.25,11,0,1,21.04,Yearly,Premium,0
19575,52,39,73.92,20,2,0,92.77,Two Year,Standard,0
19576,65,44,47.69,21,1,0,51.25,Monthly,Premium,0
19577,32,28,121.26,16,2,1,45.9,Monthly,Standard,0
19578,48,40,107.16,16,0,0,6.77,Two Year,Premium,1
19579,59,16,133.91,16,3,0,9.32,Monthly,Premium,1
19580,58,50,129.76,6,1,0,69.47,Monthly,Basic,1
19581,60,28,46.68,15,1,1,77.92,Yearly,Basic,1
19582,33,68,128.2,3,6,0,86.83,Yearly,Premium,1
19583,27,60,42.77,9,3,2,50.78,Monthly,Premium,0
19584,66,12,132.28,1,1,0,33.53,Yearly,Premium,0
19585,49,16,120.14,11,3,0,62.93,Monthly,Standard,0
19586,68,53,94.08,22,0,0,62.27,Monthly,Standard,0
19587,19,54,103.49,6,3,1,4.43,Monthly,Standard,0
19588,41,49,33.53,24,1,1,93.94,Monthly,Premium,0
19589,40,36,25.19,5,2,0,64.61,Monthly,Premium,1
19590,19,62,62.98,25,2,0,1.64,Monthly,Standard,0
19591,55,26,126.78,25,5,0,96.0,Monthly,Basic,0
19592,48,56,80.55,28,2,0,95.31,Monthly,Basic,1
19593,68,22,49.04,18,3,0,94.65,Yearly,Basic,1
19594,57,69,128.49,21,2,0,89.0,Monthly,Basic,0
19595,43,49,49.72,12,2,0,19.28,Yearly,Basic,0
19596,46,2,126.01,7,4,1,97.74,Two Year,Basic,0
19597,20,53,78.89,2,5,1,76.43,Yearly,Basic,0
19598,31,7,80.25,7,1,0,64.43,Yearly,Basic,1
19599,42,20,55.45,9,2,1,94.32,Yearly,Standard,0
19600,65,30,137.02,24,1,1,38.73,Monthly,Premium,1
19601,18,67,31.54,26,3,0,93.21,Monthly,Standard,0
19602,20,59,38.77,25,1,2,60.96,Yearly,Premium,0
19603,43,66,102.67,30,1,0,58.35,Monthly,Premium,0
19604,35,3,130.51,20,3,0,64.95,Monthly,Premium,0
19605,26,56,32.41,8,0,0,75.66,Monthly,Basic,0
19606,55,17,115.39,9,1,2,45.05,Yearly,Premium,0
19607,40,52,116.53,10,1,0,98.08,Yearly,Standard,0
19608,38,7,95.6,12,3,0,9.76,Yearly,Premium,0
19609,18,5,83.27,2,2,2,91.47,Monthly,Standard,0
19610,38,54,61.74,10,1,0,66.08,Yearly,Standard,0
19611,44,61,65.69,3,1,0,91.08,Monthly,Standard,0
19612,59,16,107.68,1,2,0,37.51,Monthly,Basic,0
19613,23,67,28.49,17,0,0,83.07,Yearly,Basic,0
19614,61,59,96.04,26,4,0,61.98,Yearly,Basic,0
19615,53,47,56.24,22,3,0,83.28,Yearly,Standard,0
19616,45,48,80.66,1,1,1,33.18,Monthly,Standard,0
19617,62,64,92.67,5,1,1,91.81,Monthly,Standard,0
19618,34,50,135.14,30,1,0,92.5,Monthly,Standard,0
19619,57,41,95.28,14,1,0,48.01,Monthly,Standard,1
19620,69,22,49.53,6,3,0,40.63,Yearly,Standard,0
19621,20,54,30.33,9,2,0,57.94,Monthly,Standard,0
19622,29,5,101.51,22,2,2,20.82,Two Year,Basic,0
19623,56,17,90.86,14,1,0,50.12,Monthly,Premium,0
19624,29,41,107.33,4,1,1,89.79,Monthly,Standard,0
19625,19,35,79.72,1,2,0,37.15,Yearly,Basic,0
19626,63,40,127.27,6,1,0,73.87,Yearly,Basic,0
19627,39,22,139.62,7,1,0,62.69,Yearly,Standard,0
19628,40,48,25.2,21,1,0,26.88,Monthly,Basic,0
19629,47,53,116.73,6,4,0,53.64,Two Year,Standard,0
19630,22,10,24.57,26,1,0,85.41,Yearly,Premium,0
19631,26,18,77.86,24,1,0,55.94,Yearly,Basic,1
19632,38,49,80.01,1,3,0,69.99,Monthly,Basic,0
19633,28,71,110.51,8,2,0,77.76,Monthly,Premium,0
19634,22,30,65.81,12,3,1,5.89,Yearly,Premium,1
19635,52,19,126.72,29,2,1,6.07,Two Year,Premium,1
19636,44,55,64.57,11,3,2,12.38,Two Year,Basic,1
19637,66,60,64.53,2,3,1,17.14,Yearly,Premium,0
19638,19,21,48.96,2,2,0,81.33,Monthly,Standard,0
19639,41,26,108.9,24,4,0,44.12,Monthly,Standard,0
19640,48,28,29.96,2,3,1,19.34,Yearly,Basic,1
19641,50,39,67.2,8,3,2,53.65,Yearly,Standard,0
19642,56,33,54.7,21,2,2,76.57,Monthly,Premium,1
19643,47,40,49.81,25,2,1,14.87,Two Year,Standard,0
19644,63,29,27.93,25,1,0,35.1,Monthly,Premium,0
19645,54,20,44.75,30,4,0,20.24,Yearly,Basic,1
19646,68,20,78.01,24,2,2,64.99,Monthly,Premium,1
19647,45,12,85.49,30,1,1,14.55,Monthly,Standard,0
19648,48,25,55.04,25,2,1,78.33,Monthly,Premium,0
19649,28,25,104.53,7,3,0,21.57,Yearly,Basic,0
19650,40,4,63.65,16,0,0,6.8,Yearly,Premium,0
19651,19,4,67.74,24,2,0,91.18,Yearly,Standard,0
19652,57,9,121.74,22,4,1,33.99,Monthly,Basic,1
19653,58,15,91.76,9,2,0,50.77,Yearly,Standard,0
19654,44,26,143.91,16,0,1,11.0,Yearly,Standard,0
19655,52,71,66.71,2,3,1,48.47,Monthly,Standard,0
19656,19,32,127.62,3,4,0,23.03,Two Year,Premium,0
19657,56,52,115.98,2,0,1,84.2,Monthly,Standard,1
19658,54,32,135.72,22,1,0,71.66,Two Year,Basic,0
19659,38,9,144.38,19,2,0,66.67,Yearly,Basic,0
19660,22,13,21.0,27,3,0,78.34,Yearly,Standard,1
19661,69,56,31.48,17,1,1,30.08,Monthly,Premium,0
19662,62,44,107.66,20,2,0,45.91,Yearly,Premium,0
19663,38,30,70.73,21,1,1,9.57,Two Year,Basic,0
19664,46,16,126.49,12,5,2,7.71,Monthly,Premium,0
19665,37,12,21.56,11,2,0,33.58,Monthly,Basic,0
19666,55,66,124.91,20,5,1,82.45,Monthly,Standard,0
19667,37,18,37.58,22,2,0,60.17,Monthly,Standard,0
19668,67,13,57.73,19,0,2,43.03,Monthly,Premium,1
19669,42,24,145.98,26,2,0,96.73,Yearly,Basic,0
19670,19,12,26.71,6,2,0,44.77,Monthly,Basic,0
19671,49,60,65.38,10,1,1,47.42,Yearly,Basic,0
19672,43,60,30.99,14,4,0,99.26,Monthly,Basic,0
19673,23,1,130.97,1,0,0,14.0,Two Year,Premium,1
19674,58,43,111.39,15,0,0,26.31,Yearly,Basic,0
19675,20,55,124.04,6,2,0,45.88,Two Year,Basic,0
19676,50,40,88.55,13,1,1,57.56,Two Year,Basic,0
19677,18,64,66.5,24,2,1,15.66,Two Year,Basic,0
19678,68,34,20.3,26,1,0,33.55,Monthly,Standard,0
19679,22,34,56.13,14,1,1,22.81,Yearly,Standard,0
19680,30,48,86.89,13,1,0,85.14,Monthly,Basic,0
19681,36,33,106.37,24,2,0,83.63,Monthly,Standard,0
19682,29,68,49.76,16,1,0,24.74,Monthly,Premium,0
19683,65,30,38.06,1,1,0,44.06,Monthly,Basic,1
19684,42,71,46.21,14,4,1,65.51,Monthly,Premium,0
19685,68,71,66.03,13,1,1,5.77,Yearly,Premium,0
19686,52,29,39.29,23,1,2,88.48,Monthly,Standard,0
19687,29,23,40.39,30,0,0,51.59,Yearly,Standard,0
19688,47,34,25.69,10,3,0,23.43,Two Year,Standard,0
19689,22,15,131.37,10,1,1,40.28,Monthly,Basic,1
19690,51,53,48.57,28,3,2,90.27,Monthly,Premium,0
19691,39,17,126.85,4,4,0,3.45,Two Year,Premium,0
19692,56,64,76.98,14,4,0,15.14,Two Year,Standard,0
19693,30,61,102.22,12,5,1,20.08,Monthly,Standard,0
19694,64,57,29.84,22,3,0,6.95,Monthly,Basic,1
19695,20,37,95.87,6,1,0,23.3,Two Year,Basic,0
19696,37,7,57.7,15,1,0,81.9,Monthly,Standard,0
19697,48,8,32.38,5,0,0,53.18,Monthly,Standard,0
19698,22,68,138.07,10,4,0,60.94,Monthly,Standard,0
19699,41,21,98.47,9,2,0,16.43,Monthly,Premium,0
19700,57,61,51.42,27,2,0,28.55,Two Year,Basic,0
19701,50,29,74.55,10,3,1,91.83,Yearly,Premium,0
19702,25,25,66.4,24,0,1,21.83,Monthly,Standard,1
19703,41,58,111.08,12,2,0,90.77,Two Year,Basic,0
19704,67,14,98.97,22,1,0,66.66,Yearly,Standard,0
19705,37,66,22.57,4,1,1,50.77,Monthly,Premium,0
19706,33,54,45.72,29,4,1,18.22,Yearly,Basic,0
19707,67,67,82.16,4,1,1,67.69,Yearly,Basic,0
19708,69,30,77.91,13,2,2,88.75,Two Year,Standard,1
19709,29,18,87.17,25,3,1,16.82,Yearly,Standard,0
19710,30,54,112.93,14,0,0,1.61,Yearly,Premium,0
19711,62,21,108.66,12,2,0,74.27,Monthly,Premium,0
19712,59,53,68.47,13,2,0,60.45,Two Year,Premium,0
19713,56,16,134.09,20,2,0,50.81,Yearly,Basic,0
19714,42,28,28.18,13,1,1,46.15,Monthly,Standard,0
19715,63,4,95.99,23,5,0,50.26,Monthly,Basic,0
19716,49,55,143.46,30,1,0,38.08,Yearly,Basic,0
19717,41,15,91.38,22,3,2,9.15,Yearly,Basic,0
19718,65,64,79.16,2,4,0,77.8,Monthly,Basic,0
19719,64,65,37.41,21,2,1,47.32,Monthly,Premium,1
19720,61,16,125.32,19,3,0,82.67,Yearly,Premium,0
19721,26,20,68.59,9,2,0,98.24,Yearly,Standard,0
19722,57,64,111.16,10,1,1,18.0,Yearly,Standard,0
19723,67,33,45.68,17,4,0,79.55,Monthly,Standard,1
19724,40,69,25.44,10,0,0,97.77,Monthly,Premium,0
19725,67,69,59.71,20,3,2,72.72,Monthly,Basic,1
19726,30,58,56.58,13,2,1,25.35,Monthly,Basic,0
19727,49,39,133.55,20,2,0,89.75,Yearly,Basic,0
19728,67,36,132.41,25,1,0,79.53,Yearly,Standard,0
19729,32,68,89.41,30,0,1,45.48,Monthly,Standard,0
19730,53,21,22.47,1,2,0,57.68,Monthly,Basic,1
19731,66,63,49.68,2,5,2,72.47,Two Year,Basic,1
19732,22,6,103.07,17,3,0,13.33,Yearly,Standard,0
19733,39,24,33.18,13,1,1,92.77,Monthly,Premium,0
19734,33,53,111.08,17,2,0,98.76,Yearly,Standard,0
19735,58,50,21.56,28,2,0,33.72,Two Year,Standard,0
19736,27,12,108.73,30,1,0,71.79,Monthly,Basic,0
19737,41,56,129.79,13,4,0,42.71,Two Year,Basic,0
19738,35,15,81.0,17,1,1,3.75,Two Year,Basic,1
19739,66,40,127.78,19,2,2,95.91,Monthly,Standard,0
19740,35,41,121.6,27,1,0,15.09,Monthly,Basic,0
19741,24,69,107.28,14,1,0,8.42,Monthly,Standard,0
19742,21,69,77.87,20,2,0,83.88,Monthly,Premium,0
19743,43,6,55.35,10,3,0,4.35,Monthly,Standard,1
19744,22,67,131.91,2,1,0,69.1,Monthly,Basic,0
19745,33,33,104.32,14,3,0,93.08,Monthly,Basic,0
19746,52,43,123.74,17,1,0,41.21,Monthly,Premium,1
19747,43,21,91.76,5,4,1,7.77,Monthly,Basic,1
19748,35,65,42.34,22,1,0,22.61,Yearly,Basic,0
19749,46,17,147.33,18,1,0,94.88,Yearly,Premium,0
19750,40,8,43.76,3,4,0,47.07,Monthly,Premium,1
19751,31,64,138.46,16,1,1,54.59,Yearly,Standard,0
19752,32,28,47.06,26,0,0,16.45,Monthly,Basic,0
19753,66,13,68.59,19,0,1,91.88,Monthly,Basic,0
19754,50,13,77.21,18,1,0,52.2,Monthly,Premium,0
19755,42,38,139.78,20,0,0,53.36,Two Year,Basic,0
19756,38,25,135.47,30,4,0,58.03,Yearly,Basic,1
19757,34,62,127.02,5,0,1,76.97,Two Year,Basic,0
19758,40,23,68.97,8,1,1,21.09,Two Year,Basic,0
19759,60,21,20.58,6,2,0,94.29,Monthly,Standard,0
19760,34,54,108.61,15,5,1,18.37,Monthly,Premium,0
19761,31,63,73.42,25,1,0,20.54,Yearly,Basic,0
19762,46,30,118.42,3,1,1,2.23,Yearly,Basic,0
19763,37,68,123.33,26,2,0,2.95,Yearly,Basic,0
19764,47,32,77.16,9,3,0,43.46,Monthly,Premium,0
19765,36,24,117.25,27,4,0,19.11,Monthly,Premium,0
19766,56,7,129.19,30,0,4,21.98,Yearly,Basic,0
19767,30,1,140.7,11,0,1,98.8,Yearly,Standard,0
19768,35,3,95.72,20,2,0,93.0,Yearly,Standard,1
19769,40,28,121.2,24,3,0,32.92,Yearly,Standard,0
19770,63,43,84.29,26,0,1,34.97,Two Year,Standard,0
19771,50,46,25.42,23,1,1,29.92,Yearly,Premium,0
19772,56,1,40.18,14,5,1,88.34,Two Year,Premium,0
19773,57,38,36.67,23,3,1,10.73,Monthly,Basic,0
19774,35,35,42.33,9,0,0,58.82,Two Year,Premium,0
19775,26,54,21.33,10,3,0,19.44,Yearly,Standard,0
19776,50,24,131.63,30,1,0,76.06,Monthly,Basic,0
19777,49,28,92.82,15,5,0,63.5,Yearly,Premium,0
19778,34,22,69.81,18,3,0,39.4,Monthly,Basic,0
19779,36,16,73.27,21,1,0,10.71,Monthly,Premium,0
19780,44,13,80.24,19,1,1,76.97,Monthly,Basic,0
19781,23,62,29.6,7,2,0,8.63,Two Year,Standard,1
19782,52,43,55.71,19,1,1,28.1,Two Year,Standard,0
19783,54,32,130.71,5,0,0,26.11,Monthly,Standard,0
19784,51,67,116.68,21,1,0,58.27,Two Year,Premium,0
19785,37,57,93.24,18,2,0,51.86,Monthly,Basic,0
19786,42,65,82.49,27,1,1,28.69,Monthly,Standard,0
19787,21,69,53.67,1,0,2,43.61,Two Year,Standard,0
19788,27,49,81.26,12,2,0,44.2,Two Year,Basic,0
19789,27,33,97.72,6,1,0,57.78,Two Year,Standard,1
19790,41,19,112.64,13,1,0,89.93,Yearly,Basic,0
19791,38,36,41.66,17,3,0,15.05,Monthly,Premium,0
19792,28,70,125.7,9,1,0,56.21,Monthly,Standard,0
19793,44,15,64.96,26,2,0,2.82,Two Year,Basic,0
19794,33,24,85.42,21,1,0,70.12,Monthly,Basic,0
19795,43,27,99.03,1,1,0,64.4,Monthly,Basic,1
19796,47,49,83.45,12,4,0,69.71,Yearly,Standard,0
19797,66,23,94.35,24,1,3,48.02,Two Year,Premium,0
19798,33,33,34.5,1,0,0,19.5,Monthly,Basic,0
19799,24,41,76.18,4,3,0,45.36,Monthly,Premium,0
19800,33,56,56.46,7,2,0,3.34,Monthly,Premium,0
19801,52,29,31.18,20,1,0,38.76,Monthly,Standard,0
19802,33,31,44.91,28,3,0,84.02,Yearly,Premium,0
19803,57,65,98.32,5,1,0,34.52,Monthly,Basic,0
19804,29,18,45.57,23,1,1,59.58,Two Year,Premium,0
19805,52,6,43.54,20,0,0,26.85,Monthly,Premium,1
19806,66,52,91.87,5,3,0,14.29,Monthly,Standard,0
19807,38,40,137.61,7,2,0,52.57,Monthly,Premium,0
19808,67,65,122.53,17,3,0,4.54,Monthly,Basic,0
19809,60,42,137.66,12,1,0,90.54,Two Year,Basic,0
19810,53,68,95.79,15,3,2,77.94,Yearly,Basic,0
19811,65,32,73.29,3,1,1,99.79,Monthly,Standard,0
19812,34,10,114.85,17,2,1,99.33,Monthly,Standard,0
19813,49,69,53.98,14,4,1,73.17,Yearly,Basic,0
19814,58,9,30.15,15,0,1,77.89,Yearly,Premium,1
19815,23,69,64.8,15,2,0,53.28,Monthly,Standard,1
19816,41,61,58.9,15,4,0,22.64,Monthly,Premium,0
19817,44,11,107.82,19,2,0,81.03,Monthly,Premium,1
19818,37,68,91.68,11,3,0,27.7,Monthly,Standard,0
19819,42,8,37.97,18,1,0,65.35,Monthly,Premium,0
19820,19,49,138.11,21,3,1,73.36,Monthly,Premium,0
19821,26,24,97.13,10,2,1,56.86,Yearly,Basic,0
19822,45,33,79.5,21,2,0,66.61,Two Year,Premium,0
19823,55,19,141.84,26,2,2,30.0,Monthly,Premium,0
19824,20,2,32.65,9,2,1,76.29,Yearly,Standard,0
19825,37,55,122.65,24,3,1,94.41,Monthly,Standard,0
19826,23,11,67.41,3,3,1,48.92,Monthly,Premium,0
19827,56,17,110.4,1,1,0,12.98,Yearly,Premium,0
19828,50,42,140.99,21,1,0,62.35,Yearly,Standard,0
19829,18,61,87.3,11,1,1,34.8,Monthly,Premium,1
19830,54,3,22.94,16,1,0,42.49,Two Year,Basic,0
19831,23,35,23.75,3,2,0,16.01,Yearly,Premium,0
19832,62,66,62.97,21,1,1,62.95,Monthly,Premium,1
19833,51,1,121.62,9,2,1,78.94,Yearly,Premium,0
19834,64,7,57.47,11,1,0,76.88,Monthly,Premium,1
19835,32,20,63.48,30,3,0,99.39,Yearly,Standard,1
19836,62,43,121.98,17,3,0,22.01,Monthly,Premium,1
19837,43,6,35.1,1,1,0,91.5,Monthly,Basic,0
19838,31,55,130.09,9,3,1,73.53,Yearly,Premium,0
19839,24,21,54.55,3,2,0,71.04,Yearly,Basic,0
19840,63,51,26.66,28,3,1,68.69,Yearly,Standard,1
19841,48,46,35.25,10,1,1,54.3,Monthly,Basic,0
19842,41,35,143.83,5,2,0,38.49,Monthly,Standard,0
19843,48,8,78.67,25,3,1,94.39,Two Year,Standard,0
19844,46,68,53.34,11,1,1,15.96,Yearly,Standard,0
19845,59,16,87.77,5,4,2,18.42,Monthly,Basic,0
19846,49,67,108.71,12,0,1,2.65,Two Year,Basic,0
19847,34,71,61.44,14,2,0,74.2,Monthly,Basic,0
19848,31,64,114.29,12,4,1,89.5,Yearly,Standard,0
19849,57,2,52.79,19,4,0,19.42,Monthly,Premium,1
19850,53,1,34.6,9,1,1,4.41,Monthly,Basic,1
19851,65,58,91.46,28,3,1,25.17,Yearly,Basic,0
19852,41,1,39.65,7,2,1,88.48,Monthly,Basic,1
19853,62,7,142.26,16,2,0,2.6,Yearly,Premium,1
19854,44,69,20.06,28,2,0,11.01,Yearly,Standard,0
19855,42,18,118.24,28,1,0,3.47,Monthly,Premium,1
19856,49,32,56.33,7,0,0,94.37,Two Year,Premium,0
19857,69,45,129.99,14,1,0,14.41,Yearly,Premium,0
19858,35,33,27.82,8,1,0,90.14,Monthly,Standard,1
19859,63,49,143.89,27,3,0,47.87,Monthly,Basic,0
19860,35,33,33.18,21,1,3,40.09,Monthly,Basic,0
19861,54,71,122.42,18,1,0,43.22,Monthly,Basic,0
19862,43,68,87.25,27,4,0,42.45,Monthly,Standard,0
19863,26,28,75.95,25,2,0,34.83,Monthly,Premium,0
19864,52,53,56.42,3,3,0,81.27,Monthly,Standard,1
19865,25,44,129.38,27,2,1,51.29,Monthly,Standard,1
19866,37,55,45.97,30,2,0,99.11,Monthly,Premium,0
19867,59,10,113.76,2,1,2,52.26,Monthly,Standard,1
19868,39,14,77.95,26,2,0,82.03,Yearly,Premium,0
19869,36,36,149.8,26,4,1,74.76,Monthly,Standard,0
19870,47,34,99.48,5,2,0,40.71,Monthly,Standard,0
19871,45,18,33.54,8,2,1,79.07,Yearly,Standard,1
19872,52,16,74.54,19,1,0,16.34,Two Year,Premium,0
19873,60,37,28.62,22,0,0,21.13,Monthly,Standard,0
19874,28,41,57.14,9,1,0,62.27,Yearly,Basic,0
19875,48,25,64.63,2,1,0,71.44,Monthly,Basic,0
19876,66,8,130.91,15,3,1,64.74,Monthly,Premium,1
19877,65,18,128.94,8,2,2,51.43,Monthly,Premium,0
19878,56,68,21.5,10,0,1,14.62,Yearly,Standard,0
19879,53,48,89.2,7,1,2,37.9,Two Year,Basic,0
19880,47,70,49.06,19,0,0,60.88,Monthly,Basic,0
19881,40,67,61.61,1,1,0,23.38,Monthly,Basic,0
19882,36,18,22.81,22,3,0,64.15,Monthly,Standard,0
19883,29,18,117.47,2,2,0,24.19,Two Year,Basic,0
19884,32,56,143.58,3,0,0,10.69,Yearly,Basic,0
19885,48,23,48.5,28,3,1,33.11,Monthly,Basic,0
19886,60,35,64.43,14,0,3,28.0,Monthly,Basic,0
19887,54,6,46.84,15,3,0,81.23,Monthly,Standard,0
19888,54,26,140.91,21,1,0,48.88,Monthly,Standard,0
19889,32,61,21.22,14,4,1,7.34,Two Year,Premium,1
19890,46,15,95.9,27,3,0,81.74,Two Year,Standard,1
19891,67,32,133.2,8,1,0,27.6,Monthly,Standard,0
19892,60,12,44.22,18,2,0,57.22,Monthly,Basic,0
19893,43,5,96.7,22,2,1,54.61,Monthly,Premium,0
19894,61,64,26.58,17,1,0,97.19,Monthly,Standard,0
19895,19,71,125.9,7,1,0,26.24,Two Year,Premium,0
19896,37,27,55.68,20,0,2,15.37,Two Year,Standard,1
19897,32,45,148.54,1,3,0,26.58,Yearly,Standard,1
19898,69,35,139.86,9,1,0,58.07,Two Year,Standard,0
19899,21,26,115.23,9,2,0,22.54,Yearly,Basic,1
19900,39,23,84.59,11,2,1,34.71,Monthly,Standard,0
19901,67,13,119.66,19,1,1,66.15,Two Year,Basic,1
19902,55,3,36.98,6,1,0,12.53,Yearly,Standard,0
19903,40,29,60.33,7,0,1,94.59,Yearly,Premium,0
19904,43,66,23.5,29,4,1,53.7,Two Year,Basic,0
19905,68,64,103.85,15,3,1,48.88,Yearly,Standard,0
19906,28,28,124.72,20,4,1,36.94,Monthly,Standard,0
19907,45,36,143.02,6,2,1,25.32,Two Year,Standard,0
19908,19,6,109.25,9,4,1,48.86,Monthly,Premium,1
19909,25,11,115.17,30,0,0,49.14,Yearly,Standard,1
19910,46,38,136.41,15,4,1,6.56,Yearly,Premium,0
19911,28,34,141.73,26,3,1,84.89,Monthly,Standard,0
19912,54,67,83.87,22,5,0,82.26,Monthly,Premium,0
19913,35,46,34.27,23,1,0,45.33,Monthly,Basic,0
19914,67,29,80.63,6,2,0,34.34,Two Year,Premium,1
19915,31,60,92.29,7,2,0,50.39,Yearly,Standard,0
19916,27,54,102.1,17,4,1,22.92,Monthly,Basic,0
19917,52,69,148.61,6,2,0,1.08,Two Year,Standard,0
19918,26,9,139.28,28,3,1,36.08,Monthly,Premium,0
19919,52,10,71.53,9,1,1,2.78,Yearly,Basic,1
19920,28,68,34.75,27,2,0,5.03,Monthly,Standard,0
19921,61,58,47.92,3,3,0,3.92,Monthly,Premium,0
19922,29,52,42.59,14,1,0,88.13,Yearly,Premium,0
19923,20,34,66.28,6,3,0,15.22,Monthly,Premium,0
19924,56,35,133.94,4,3,2,26.18,Monthly,Basic,0
19925,31,33,76.94,16,0,0,49.54,Monthly,Standard,0
19926,45,32,93.75,23,3,0,53.4,Two Year,Standard,0
19927,28,55,43.29,16,2,0,13.08,Monthly,Standard,1
19928,56,8,84.07,23,4,0,91.04,Monthly,Basic,0
19929,42,46,133.57,29,2,1,23.88,Monthly,Standard,0
19930,38,14,120.55,9,1,1,94.32,Monthly,Standard,0
19931,27,8,30.55,4,4,1,26.43,Monthly,Standard,1
19932,60,71,132.07,30,2,0,1.26,Yearly,Premium,0
19933,32,54,55.6,8,4,1,97.21,Two Year,Standard,1
19934,36,21,106.54,24,1,1,48.89,Two Year,Premium,0
19935,65,14,39.03,8,0,2,88.0,Monthly,Premium,0
19936,39,2,107.7,30,2,0,73.7,Yearly,Premium,0
19937,38,61,24.64,24,2,0,18.72,Yearly,Premium,0
19938,69,17,98.08,6,2,0,84.68,Monthly,Standard,0
19939,61,48,103.97,8,2,0,6.06,Monthly,Standard,0
19940,49,8,51.78,6,0,0,51.25,Two Year,Premium,1
19941,67,56,141.81,26,1,0,26.16,Monthly,Standard,0
19942,40,17,25.98,14,2,0,36.8,Monthly,Premium,0
19943,30,69,135.92,14,1,0,75.95,Monthly,Basic,0
19944,22,12,69.65,18,3,1,68.65,Monthly,Standard,0
19945,21,38,112.81,13,2,1,44.57,Yearly,Premium,0
19946,45,18,104.7,15,2,0,5.55,Monthly,Basic,0
19947,31,26,41.87,3,1,0,4.95,Yearly,Standard,1
19948,25,37,61.47,6,3,0,70.52,Two Year,Standard,0
19949,26,70,88.86,23,1,0,94.93,Monthly,Basic,0
19950,68,41,130.05,30,0,0,84.88,Monthly,Standard,0
19951,52,42,144.13,20,7,0,13.1,Two Year,Basic,0
19952,54,41,22.68,17,2,1,13.0,Monthly,Standard,0
19953,38,47,65.83,20,2,0,61.44,Two Year,Basic,0
19954,35,14,106.86,16,0,1,66.1,Monthly,Standard,0
19955,50,1,88.6,6,3,0,62.03,Monthly,Premium,0
19956,25,17,142.59,8,4,0,88.65,Yearly,Standard,0
19957,68,55,22.21,29,0,0,23.87,Monthly,Basic,0
19958,66,53,76.91,28,1,0,18.06,Monthly,Basic,1
19959,34,31,106.94,13,1,0,91.5,Monthly,Premium,0
19960,60,62,48.29,29,0,1,72.49,Monthly,Basic,0
19961,48,8,114.36,30,4,1,71.46,Monthly,Premium,0
19962,51,30,30.56,13,1,1,34.2,Monthly,Basic,0
19963,23,66,78.64,20,1,2,63.16,Monthly,Standard,0
19964,39,45,107.91,26,1,1,72.94,Monthly,Standard,0
19965,31,18,54.68,17,3,0,60.43,Yearly,Basic,0
19966,20,45,29.6,21,3,1,73.89,Monthly,Premium,0
19967,29,19,144.41,23,1,1,59.41,Monthly,Basic,0
19968,53,68,138.8,22,2,1,98.22,Monthly,Standard,0
19969,29,50,140.43,3,3,0,49.71,Monthly,Basic,0
19970,62,25,147.21,13,3,0,2.23,Monthly,Standard,1
19971,19,38,44.01,7,2,0,17.17,Monthly,Standard,0
19972,19,36,40.51,20,3,1,96.45,Yearly,Standard,0
19973,32,68,24.45,5,2,0,47.48,Two Year,Basic,0
19974,40,56,135.94,11,0,0,12.93,Yearly,Basic,1
19975,46,39,117.86,23,0,0,16.43,Two Year,Standard,0
19976,34,63,102.32,18,1,0,3.87,Monthly,Standard,0
19977,49,7,140.6,4,3,1,23.41,Monthly,Basic,1
19978,24,58,94.76,20,2,0,98.68,Monthly,Basic,0
19979,47,59,36.86,22,2,0,33.55,Two Year,Premium,0
19980,45,48,42.99,28,1,0,25.77,Monthly,Basic,0
19981,31,5,37.18,27,4,0,67.09,Monthly,Premium,0
19982,61,36,60.0,7,2,0,67.75,Monthly,Premium,1
19983,47,25,69.33,4,3,0,96.82,Monthly,Basic,0
19984,34,45,123.59,10,1,1,73.23,Yearly,Standard,0
19985,49,19,44.86,1,1,1,11.89,Monthly,Basic,0
19986,63,7,114.3,17,4,1,98.57,Monthly,Premium,0
19987,23,58,83.86,5,1,0,75.27,Two Year,Premium,0
19988,68,66,149.96,17,2,1,26.66,Monthly,Premium,0
19989,41,39,120.96,3,0,2,26.86,Two Year,Standard,0
19990,23,18,145.96,9,2,0,96.04,Two Year,Basic,0
19991,44,1,64.51,3,4,1,20.07,Yearly,Basic,0
19992,35,63,36.0,3,2,0,23.53,Monthly,Standard,0
19993,41,3,85.77,29,3,1,36.53,Monthly,Standard,1
19994,54,21,36.15,9,3,0,68.27,Monthly,Standard,0
19995,41,30,84.02,5,1,0,43.54,Yearly,Standard,0
19996,55,11,55.09,28,1,0,31.82,Monthly,Basic,0
19997,51,22,83.84,24,2,0,27.49,Monthly,Standard,0
19998,57,57,143.45,10,4,1,13.38,Monthly,Basic,0
19999,64,3,57.57,15,1,2,55.08,Yearly,Standard,0
20000,32,30,149.15,25,0,1,28.07,Monthly,Standard,0
